symptom,pref_label,meddra_code,soc
Product dose omission issue,Product dose omission issue,10084406,"Injury, poisoning and procedural complications"
Feeling drunk,Feeling drunk,10016330,General disorders and administration site conditions
SARS-CoV-2 antibody test positive,SARS-CoV-2 antibody test positive,10084491,Investigations
Pulse absent,Pulse absent,10037469,Investigations
Head injury,Head injury,10019196,"Injury, poisoning and procedural complications"
Skin reaction,Skin reaction,10040914,Skin and subcutaneous tissue disorders
Cardiac ablation,Cardiac ablation,10059864,Surgical and medical procedures
Blood thyroid stimulating hormone abnormal,Blood thyroid stimulating hormone abnormal,10005830,Investigations
Lyme carditis,Lyme carditis,10078417,Cardiac disorders
Milk allergy,Milk allergy,10027633,Immune system disorders
Injection site erythema,Injection site erythema,10022061,Skin and subcutaneous tissue disorders
Vaccination site irritation,Vaccination site irritation,10069479,"Injury, poisoning and procedural complications"
Trigger points,Trigger points,10087554,Musculoskeletal and connective tissue disorders
Congenital absence of bile ducts,Congenital absence of bile ducts,10010317,"Congenital, familial and genetic disorders"
Diabetic neuropathy,Diabetic neuropathy,10012680,Nervous system disorders
Gingival discomfort,Gingival discomfort,10077854,Gastrointestinal disorders
Injection site reaction,Injection site reaction,10022095,"Injury, poisoning and procedural complications"
X-ray of pelvis and hip,X-ray of pelvis and hip,10048159,Investigations
Epstein-Barr virus antibody negative,Epstein-Barr virus antibody negative,10053818,Investigations
Platelet count decreased,Platelet count decreased,10035528,Investigations
Incoherent,Incoherent,10021630,Nervous system disorders
Blood glucose,Blood glucose,10005553,Investigations
Irritable bowel syndrome,Irritable bowel syndrome,10023003,Infections and infestations
Spinal stenosis,Spinal stenosis,10082214,Nervous system disorders
Localised infection,Localised infection,10024774,Infections and infestations
Carbon dioxide decreased,Carbon dioxide decreased,10007223,Investigations
Blood immunoglobulin E increased,Blood immunoglobulin E increased,10005591,Investigations
Bladder disorder,Bladder disorder,10061011,Renal and urinary disorders
Antibody test,Antibody test,10060979,Investigations
Sleep deficit,Sleep deficit,10080881,Nervous system disorders
Device malfunction,Device malfunction,10063829,Product issues
Typhus rickettsia test,Typhus rickettsia test,10070404,Investigations
Aspiration pleural cavity,Aspiration pleural cavity,10003522,Investigations
Meningioma,Meningioma,10027191,"Neoplasms benign, malignant and unspecified (incl cysts and polyps)"
pH urine normal,pH urine normal,10034797,Investigations
Gestational hypertension,Gestational hypertension,10070538,Vascular disorders
Mitral valve incompetence,Mitral valve incompetence,10027727,Cardiac disorders
Scrotal oedema,Scrotal oedema,10039755,Reproductive system and breast disorders
Montreal cognitive assessment abnormal,Montreal cognitive assessment abnormal,10084205,Investigations
Hepatitis A,Hepatitis A,10019719,Infections and infestations
Mastitis,Mastitis,10026883,Infections and infestations
Rash macular,Rash macular,10037867,Skin and subcutaneous tissue disorders
Red blood cell count,Red blood cell count,10038150,Investigations
Nerve stimulation test,Nerve stimulation test,10029191,Investigations
Gastrointestinal examination,Gastrointestinal examination,10068978,Investigations
Blood culture negative,Blood culture negative,10005486,Investigations
Anal pruritus,Anal pruritus,10068172,Gastrointestinal disorders
X-ray limb,X-ray limb,10061585,Investigations
Mood altered,Mood altered,10027940,Psychiatric disorders
Diarrhoea haemorrhagic,Diarrhoea haemorrhagic,10012741,Vascular disorders
Synovitis,Synovitis,10042868,Musculoskeletal and connective tissue disorders
Perfume sensitivity,Perfume sensitivity,10034434,Immune system disorders
Reflux laryngitis,Reflux laryngitis,10067869,"Respiratory, thoracic and mediastinal disorders"
Endoscopy,Endoscopy,10014805,Investigations
Foaming at mouth,Foaming at mouth,10062654,General disorders and administration site conditions
Throat tightness,Throat tightness,10043528,"Respiratory, thoracic and mediastinal disorders"
Biopsy lymph gland,Biopsy lymph gland,10004797,Investigations
Intervertebral disc protrusion,Intervertebral disc protrusion,10050296,Musculoskeletal and connective tissue disorders
Tooth disorder,Tooth disorder,10044034,Gastrointestinal disorders
Focal dyscognitive seizures,Focal dyscognitive seizures,10079424,Nervous system disorders
Neck pain,Neck pain,10028836,Musculoskeletal and connective tissue disorders
Hot flush,Hot flush,10060800,General disorders and administration site conditions
CSF white blood cell count,CSF white blood cell count,10061098,Investigations
Myopericarditis,Myopericarditis,10028650,Cardiac disorders
Central venous catheterisation,Central venous catheterisation,10053377,Surgical and medical procedures
Coagulation factor IX level,Coagulation factor IX level,10009744,Investigations
Metamorphopsia,Metamorphopsia,10063341,Eye disorders
Ulcer,Ulcer,10045285,General disorders and administration site conditions
Corrective lens user,Corrective lens user,10050858,Social circumstances
Nephropathy,Nephropathy,10029151,Renal and urinary disorders
Inflammatory bowel disease,Inflammatory bowel disease,10021972,Gastrointestinal disorders
Hypertensive crisis,Hypertensive crisis,10020802,Vascular disorders
Toe walking,Toe walking,10068872,Musculoskeletal and connective tissue disorders
Blood glucose decreased,Blood glucose decreased,10005555,Investigations
Scan myocardial perfusion,Scan myocardial perfusion,10054082,Investigations
Myelitis transverse,Myelitis transverse,10028527,Nervous system disorders
Arthritis reactive,Arthritis reactive,10003267,Infections and infestations
Basilar artery occlusion,Basilar artery occlusion,10048963,Nervous system disorders
Dementia Alzheimer's type,Dementia Alzheimer's type,10012271,Nervous system disorders
Thyroxine normal,Thyroxine normal,10043820,Investigations
Genetic testing,Genetic testing,10092046,Investigations
Macule,Macule,10025421,Skin and subcutaneous tissue disorders
Intra-abdominal fluid collection,Intra-abdominal fluid collection,10078659,Reproductive system and breast disorders
Cardiac disorder,Cardiac disorder,10061024,Cardiac disorders
Paraesthesia oral,Paraesthesia oral,10057372,Gastrointestinal disorders
Labour induction,Labour induction,10052856,Surgical and medical procedures
Head impulse test,Head impulse test,10086191,Investigations
Mental disorder,Mental disorder,10061284,Psychiatric disorders
Stool analysis,Stool analysis,10059536,Investigations
Liver disorder,Liver disorder,10024670,Hepatobiliary disorders
Arteriospasm coronary,Arteriospasm coronary,10003225,Vascular disorders
Reaction to previous exposure to any vaccine,Reaction to previous exposure to any vaccine,10066904,"Injury, poisoning and procedural complications"
SARS-CoV-2 test negative,SARS-CoV-2 test negative,10084273,Investigations
Lip swelling,Lip swelling,10024570,Immune system disorders
Hypervolaemia,Hypervolaemia,10020919,Cardiac disorders
Choking,Choking,10008589,"Respiratory, thoracic and mediastinal disorders"
Sphincter of Oddi dysfunction,Sphincter of Oddi dysfunction,10066424,Gastrointestinal disorders
Scan with contrast abnormal,Scan with contrast abnormal,10062152,Investigations
Cogwheel rigidity,Cogwheel rigidity,10009848,Musculoskeletal and connective tissue disorders
CD3 lymphocytes,,,Unmapped
Hernia pain,Hernia pain,10049077,General disorders and administration site conditions
Lipoma excision,Lipoma excision,10024614,Surgical and medical procedures
Barium enema abnormal,Barium enema abnormal,10004116,Investigations
Tri-iodothyronine abnormal,Tri-iodothyronine abnormal,10044592,Investigations
Computerised tomogram thorax normal,Computerised tomogram thorax normal,10057801,Investigations
Poor quality sleep,Poor quality sleep,10062519,Nervous system disorders
Incorrect route of product administration,Incorrect route of product administration,10081202,"Injury, poisoning and procedural complications"
Kaposi's sarcoma,Kaposi's sarcoma,10023284,"Neoplasms benign, malignant and unspecified (incl cysts and polyps)"
Dermatitis contact,Dermatitis contact,10012442,Immune system disorders
Aspartate aminotransferase increased,Aspartate aminotransferase increased,10003481,Investigations
Epstein-Barr virus antibody,Epstein-Barr virus antibody,10053817,Investigations
Urine ketone body absent,Urine ketone body absent,10057596,Investigations
Myocardial fibrosis,Myocardial fibrosis,10028594,Cardiac disorders
Ear canal erythema,Ear canal erythema,10052135,Ear and labyrinth disorders
Blister rupture,Blister rupture,10073385,"Injury, poisoning and procedural complications"
CSF white blood cell count negative,CSF white blood cell count negative,10061099,Investigations
Oestradiol,Oestradiol,10030227,Investigations
Immediate post-injection reaction,Immediate post-injection reaction,10067142,General disorders and administration site conditions
Cancer surgery,Cancer surgery,10074431,Surgical and medical procedures
Angiogram retina,Angiogram retina,10002443,Investigations
Joint noise,Joint noise,10074329,Musculoskeletal and connective tissue disorders
Ventilation/perfusion scan,Ventilation/perfusion scan,10047264,Investigations
Abdominal mass,Abdominal mass,10000077,Gastrointestinal disorders
Corneal oedema,Corneal oedema,10011033,Eye disorders
Paranoia,Paranoia,10033864,Psychiatric disorders
Pupil fixed,Pupil fixed,10037515,Eye disorders
Red blood cells urine positive,Red blood cells urine positive,10038182,Investigations
Adverse reaction,Adverse reaction,10067484,General disorders and administration site conditions
Hypofibrinogenaemia,Hypofibrinogenaemia,10051125,Blood and lymphatic system disorders
Urinary tract infection,Urinary tract infection,10046571,Infections and infestations
Oedema peripheral,Oedema peripheral,10030124,Metabolism and nutrition disorders
Cold sweat,Cold sweat,10009866,Skin and subcutaneous tissue disorders
Distractibility,Distractibility,10013486,Psychiatric disorders
Immunology test normal,Immunology test normal,10062502,Investigations
Lung opacity,Lung opacity,10081792,"Respiratory, thoracic and mediastinal disorders"
Apnoea,Apnoea,10002974,"Respiratory, thoracic and mediastinal disorders"
Vascular stent thrombosis,Vascular stent thrombosis,10063934,General disorders and administration site conditions
Respiratory rate increased,Respiratory rate increased,10038712,Investigations
Influenza A virus test,Influenza A virus test,10070416,Investigations
Slow speech,Slow speech,10071299,Nervous system disorders
Escherichia test positive,Escherichia test positive,10070090,Investigations
Blood testosterone decreased,Blood testosterone decreased,10005814,Investigations
Chronic obstructive pulmonary disease,Chronic obstructive pulmonary disease,10009033,"Respiratory, thoracic and mediastinal disorders"
Vestibular neuronitis,Vestibular neuronitis,10047393,Ear and labyrinth disorders
Otorrhoea,Otorrhoea,10033101,Ear and labyrinth disorders
Borrelia test negative,Borrelia test negative,10070280,Investigations
Renal atrophy,Renal atrophy,10038381,Renal and urinary disorders
Testicular oedema,Testicular oedema,10066769,Reproductive system and breast disorders
Lipase increased,Lipase increased,10024574,Investigations
Generalised tonic-clonic seizure,Generalised tonic-clonic seizure,10018100,Nervous system disorders
Influenza A virus test positive,Influenza A virus test positive,10070215,Investigations
Abnormal sensation in eye,Abnormal sensation in eye,10000173,Eye disorders
Respiratory failure,Respiratory failure,10038695,"Respiratory, thoracic and mediastinal disorders"
Seizure cluster,Seizure cluster,10071350,Nervous system disorders
Coagulopathy,Coagulopathy,10009802,Blood and lymphatic system disorders
Aspartate aminotransferase normal,Aspartate aminotransferase normal,10003482,Investigations
Blepharospasm,Blepharospasm,10005159,Eye disorders
Chronic active Epstein-Barr virus infection,Chronic active Epstein-Barr virus infection,10082848,Infections and infestations
Deafness,Deafness,10011878,Ear and labyrinth disorders
Cardiovascular disorder,Cardiovascular disorder,10007649,Cardiac disorders
Hypoacusis,Hypoacusis,10048865,Ear and labyrinth disorders
Blood osmolarity,Blood osmolarity,10005693,Investigations
Sudden death,Sudden death,10042434,General disorders and administration site conditions
Inflammatory marker test,Inflammatory marker test,10074736,Investigations
Ligament rupture,Ligament rupture,10065433,Musculoskeletal and connective tissue disorders
Mydriasis,Mydriasis,10028521,Eye disorders
Blood chloride increased,Blood chloride increased,10005420,Investigations
Cyanosis,Cyanosis,10011703,"Respiratory, thoracic and mediastinal disorders"
Sensory disturbance,Sensory disturbance,10040026,Nervous system disorders
Aggression,Aggression,10001488,Psychiatric disorders
DNA mismatch repair protein gene mutation,DNA mismatch repair protein gene mutation,10078672,"Congenital, familial and genetic disorders"
Sleep terror,Sleep terror,10041010,Nervous system disorders
Completed suicide,Completed suicide,10010144,General disorders and administration site conditions
Tricuspid valve incompetence,Tricuspid valve incompetence,10044640,Cardiac disorders
Major depression,Major depression,10057840,Psychiatric disorders
Electroencephalogram abnormal,Electroencephalogram abnormal,10014408,Investigations
Heart valve operation,Heart valve operation,10061994,Surgical and medical procedures
CSF white blood cell count increased,CSF white blood cell count increased,10053805,Investigations
Tendonitis,Tendonitis,10043255,Musculoskeletal and connective tissue disorders
Hydrocele,Hydrocele,10020488,"Congenital, familial and genetic disorders"
Sneezing,Sneezing,10041232,"Respiratory, thoracic and mediastinal disorders"
Cutaneous T-cell lymphoma stage I,Cutaneous T-cell lymphoma stage I,10011680,Skin and subcutaneous tissue disorders
Culture urine negative,Culture urine negative,10011639,Investigations
Vomiting,Vomiting,10047700,Gastrointestinal disorders
Blood urea increased,Blood urea increased,10005851,Investigations
Red cell distribution width,Red cell distribution width,10051168,Investigations
Troponin increased,Troponin increased,10058267,Investigations
Glucose urine absent,Glucose urine absent,10018474,Investigations
Blindness transient,Blindness transient,10005184,Eye disorders
Gait inability,Gait inability,10017581,Nervous system disorders
Spinal disorder,Spinal disorder,10061368,Musculoskeletal and connective tissue disorders
Restlessness,Restlessness,10038743,Nervous system disorders
Ultrasound pelvis,Ultrasound pelvis,10052041,Investigations
Brain scan normal,Brain scan normal,10061944,Investigations
Injection site haemorrhage,Injection site haemorrhage,10022067,Vascular disorders
Varicella virus test,Varicella virus test,10070444,Investigations
Weight abnormal,Weight abnormal,10056814,Investigations
Oesophageal manometry,Oesophageal manometry,10050703,Investigations
Respiratory tract congestion,Respiratory tract congestion,10052251,"Respiratory, thoracic and mediastinal disorders"
Stomatitis,Stomatitis,10042128,Gastrointestinal disorders
Thyroxine free normal,Thyroxine free normal,10055159,Investigations
Optic disc oedema,,,Unmapped
Brief resolved unexplained event,Brief resolved unexplained event,10086181,"Pregnancy, puerperium and perinatal conditions"
Myoclonus,Myoclonus,10028622,Nervous system disorders
Pleural effusion,Pleural effusion,10035598,"Respiratory, thoracic and mediastinal disorders"
Inguinal hernia,Inguinal hernia,10022016,Gastrointestinal disorders
Human papilloma virus test positive,Human papilloma virus test positive,10064328,Investigations
Thermal burn,Thermal burn,10053615,"Injury, poisoning and procedural complications"
Chills,Chills,10008531,Musculoskeletal and connective tissue disorders
Staphylococcal scalded skin syndrome,Staphylococcal scalded skin syndrome,10041929,Infections and infestations
Antineutrophil cytoplasmic antibody negative,Antineutrophil cytoplasmic antibody negative,10060137,Investigations
Lymphoedema,Lymphoedema,10025282,Blood and lymphatic system disorders
Immunodeficiency,Immunodeficiency,10061598,Immune system disorders
Neutrophil count,Neutrophil count,10029363,Investigations
Herpes zoster meningoencephalitis,Herpes zoster meningoencephalitis,10074248,Infections and infestations
Rash pustular,Rash pustular,10037888,Infections and infestations
Suicidal ideation,Suicidal ideation,10042458,Psychiatric disorders
Mechanical urticaria,Mechanical urticaria,10068773,Skin and subcutaneous tissue disorders
Orthosis user,Orthosis user,10066194,Social circumstances
Maternal exposure before pregnancy,Maternal exposure before pregnancy,10071406,"Injury, poisoning and procedural complications"
Organ transplant,Organ transplant,10061890,Surgical and medical procedures
Graves' disease,Graves' disease,10018706,Immune system disorders
Lethargy,Lethargy,10024264,General disorders and administration site conditions
Optic ischaemic neuropathy,Optic ischaemic neuropathy,10030924,Vascular disorders
Paraesthesia,Paraesthesia,10033775,Nervous system disorders
Bilirubin urine,Bilirubin urine,10053113,Investigations
Ultrasound scan abnormal,Ultrasound scan abnormal,10061606,Investigations
Noninfective encephalitis,Noninfective encephalitis,10074712,Nervous system disorders
Cognitive test,Cognitive test,10083267,Investigations
Localised oedema,Localised oedema,10048961,Metabolism and nutrition disorders
Haemoptysis,Haemoptysis,10018964,"Respiratory, thoracic and mediastinal disorders"
Blood immunoglobulin E normal,Blood immunoglobulin E normal,10005592,Investigations
Tenderness,Tenderness,10043224,General disorders and administration site conditions
Metabolic function test normal,Metabolic function test normal,10062192,Investigations
Lumbar puncture normal,Lumbar puncture normal,10025002,Investigations
Partial seizures,Partial seizures,10061334,Nervous system disorders
Ear swelling,Ear swelling,10014025,Ear and labyrinth disorders
Hemiplegia,Hemiplegia,10019468,Nervous system disorders
Infantile apnoea,Infantile apnoea,10077321,"Respiratory, thoracic and mediastinal disorders"
Telangiectasia,Telangiectasia,10043189,Vascular disorders
Metastases to liver,Metastases to liver,10027457,"Neoplasms benign, malignant and unspecified (incl cysts and polyps)"
CSF glucose,CSF glucose,10011535,Investigations
Vestibular function test abnormal,Vestibular function test abnormal,10047390,Investigations
Mastectomy,Mastectomy,10026878,Surgical and medical procedures
Light chain analysis,Light chain analysis,10060083,Investigations
Muscle strength abnormal,Muscle strength abnormal,10082799,Investigations
Flow cytometry,Flow cytometry,10065440,Investigations
Rheumatoid factor increased,Rheumatoid factor increased,10057962,Investigations
Pneumatosis,Pneumatosis,10051986,General disorders and administration site conditions
Ultrasound Doppler normal,Ultrasound Doppler normal,10045414,Investigations
Loss of bladder sensation,Loss of bladder sensation,10070632,Nervous system disorders
Blood urine absent,,,API_Error
Pneumothorax spontaneous,,,API_Error
Gottron's papules,,,API_Error
Influenza,,,API_Error
Bowel movement irregularity,,,API_Error
Anxiety,,,API_Error
Respiratory tract infection,,,API_Error
Bronchial hyperreactivity,,,API_Error
Hepatitis B virus test positive,,,API_Error
Mammogram,Mammogram,10026735,Investigations
Neurosarcoidosis,Neurosarcoidosis,10078011,Immune system disorders
Pulmonary pain,Pulmonary pain,10074693,"Respiratory, thoracic and mediastinal disorders"
Skin texture abnormal,Skin texture abnormal,10075267,Skin and subcutaneous tissue disorders
Dementia,Dementia,10012267,Nervous system disorders
Mastocytosis,Mastocytosis,10026891,Blood and lymphatic system disorders
Dysgeusia,Dysgeusia,10013911,Gastrointestinal disorders
Intracranial arterial fenestration,Intracranial arterial fenestration,10077285,"Congenital, familial and genetic disorders"
Lupus vulgaris,Lupus vulgaris,10025143,Skin and subcutaneous tissue disorders
Abnormal organ growth,Abnormal organ growth,10079750,"Pregnancy, puerperium and perinatal conditions"
Pain of skin,Pain of skin,10033474,Skin and subcutaneous tissue disorders
Injection site indentation,Injection site indentation,10079277,Skin and subcutaneous tissue disorders
Prostatic specific antigen increased,,,API_Error
Carotid artery stenosis,Carotid artery stenosis,10007687,Nervous system disorders
Portoenterostomy,Portoenterostomy,10036207,Surgical and medical procedures
Fibrin D dimer,Fibrin D dimer,10016577,Unknown
CSF red blood cell count positive,CSF red blood cell count positive,10075562,Investigations
Product label confusion,Product label confusion,10069273,"Injury, poisoning and procedural complications"
Mouth ulceration,Mouth ulceration,10028034,Gastrointestinal disorders
Screaming,Screaming,10039740,Psychiatric disorders
Painful respiration,Painful respiration,10033517,"Respiratory, thoracic and mediastinal disorders"
Inappropriate schedule of product administration,Inappropriate schedule of product administration,10081572,"Injury, poisoning and procedural complications"
Idiopathic urticaria,Idiopathic urticaria,10021247,Skin and subcutaneous tissue disorders
Blood iron,Blood iron,10005616,Investigations
Hypotonic-hyporesponsive episode,Hypotonic-hyporesponsive episode,10021121,"Injury, poisoning and procedural complications"
Glomerular filtration rate,Glomerular filtration rate,10018355,Investigations
Rheumatoid factor negative,Rheumatoid factor negative,10048574,Investigations
Hallucination,Hallucination,10019063,Psychiatric disorders
Skin discolouration,Skin discolouration,10040829,Skin and subcutaneous tissue disorders
Oedema,Oedema,10030095,General disorders and administration site conditions
Gene mutation,Gene mutation,10064571,"Congenital, familial and genetic disorders"
Sinus headache,Sinus headache,10040744,"Respiratory, thoracic and mediastinal disorders"
Infection susceptibility increased,Infection susceptibility increased,10021866,Immune system disorders
Cardiac valve disease,Cardiac valve disease,10061406,Cardiac disorders
Oxygen saturation,Oxygen saturation,10033316,Investigations
Injury associated with device,Injury associated with device,10069803,General disorders and administration site conditions
Poor feeding infant,Poor feeding infant,10075316,"Pregnancy, puerperium and perinatal conditions"
Allergy to animal,Allergy to animal,10001742,Immune system disorders
Anti factor VIII antibody test,Anti factor VIII antibody test,10068229,Investigations
Respiratory syncytial virus test,Respiratory syncytial virus test,10068562,Investigations
Seborrhoea,Seborrhoea,10039792,Skin and subcutaneous tissue disorders
Fine motor skill dysfunction,Fine motor skill dysfunction,10076288,Nervous system disorders
Glycosylated haemoglobin,Glycosylated haemoglobin,10018480,Investigations
Blood albumin decreased,Blood albumin decreased,10005287,Investigations
Ultrasound scan,Ultrasound scan,10045434,Investigations
Laboratory test,Laboratory test,10059938,Investigations
Laryngospasm,Laryngospasm,10023891,"Respiratory, thoracic and mediastinal disorders"
Rhinorrhoea,Rhinorrhoea,10039101,"Respiratory, thoracic and mediastinal disorders"
Cancer with a high tumour mutational burden,Cancer with a high tumour mutational burden,10085091,"Neoplasms benign, malignant and unspecified (incl cysts and polyps)"
Oral infection,Oral infection,10048685,Gastrointestinal disorders
Blood glucose normal,Blood glucose normal,10005558,Investigations
Pustule,Pustule,10037578,Infections and infestations
Lung hyperinflation,Lung hyperinflation,10059487,"Respiratory, thoracic and mediastinal disorders"
Body temperature abnormal,Body temperature abnormal,10075265,Investigations
Spinal pain,Spinal pain,10072005,Musculoskeletal and connective tissue disorders
Injected limb mobility decreased,Injected limb mobility decreased,10057664,"Injury, poisoning and procedural complications"
Myopic chorioretinal degeneration,Myopic chorioretinal degeneration,10079959,Eye disorders
Recurrent cancer,Recurrent cancer,10038111,"Neoplasms benign, malignant and unspecified (incl cysts and polyps)"
Ultrasound scan normal,Ultrasound scan normal,10061607,Investigations
Chronic inflammatory demyelinating polyradiculoneuropathy,Chronic inflammatory demyelinating polyradiculoneuropathy,10057645,Nervous system disorders
Product storage error,Product storage error,10079843,"Injury, poisoning and procedural complications"
Abdominal pain,Abdominal pain,10000081,Gastrointestinal disorders
Product use issue,Product use issue,10076309,"Injury, poisoning and procedural complications"
Foetal non-stress test abnormal,Foetal non-stress test abnormal,10071516,Investigations
Mononucleosis heterophile test negative,Mononucleosis heterophile test negative,10027921,Investigations
Polymyalgia rheumatica,Polymyalgia rheumatica,10036099,Musculoskeletal and connective tissue disorders
Purpura,Purpura,10037549,Skin and subcutaneous tissue disorders
Blood test,Blood test,10061726,Investigations
Sjogren's syndrome,Sjogren's syndrome,10040767,Immune system disorders
Guillain-Barre syndrome,Guillain-Barre syndrome,10018767,Infections and infestations
Vascular test,Vascular test,10062172,Investigations
Paroxysmal dyskinesia,,,Unmapped
Body temperature,Body temperature,10005906,Investigations
Infection,Infection,10021789,Infections and infestations
Blood magnesium,Blood magnesium,10005651,Investigations
Antinuclear antibody negative,Antinuclear antibody negative,10002809,Investigations
Productive cough,Productive cough,10036790,"Respiratory, thoracic and mediastinal disorders"
Scalloped tongue,Scalloped tongue,10074686,Gastrointestinal disorders
Body temperature fluctuation,Body temperature fluctuation,10063488,Investigations
Ejection fraction,Ejection fraction,10050527,Investigations
Echolalia,Echolalia,10014127,Nervous system disorders
Cytomegalovirus test positive,Cytomegalovirus test positive,10051620,Investigations
Abdominal distension,Abdominal distension,10000060,Gastrointestinal disorders
Coma,Coma,10010071,Nervous system disorders
Enterovirus test negative,Enterovirus test negative,10070397,Investigations
Hemiparesis,Hemiparesis,10019465,Nervous system disorders
Glossodynia,Glossodynia,10018388,Gastrointestinal disorders
Atrial septal defect,Atrial septal defect,10003664,Cardiac disorders
Pulmonary resection,Pulmonary resection,10077488,Surgical and medical procedures
Anion gap,Anion gap,10002522,Investigations
Human chorionic gonadotropin negative,Human chorionic gonadotropin negative,10071333,Investigations
Oropharyngeal erythema,,,Unmapped
Product administered at inappropriate site,Product administered at inappropriate site,10080753,"Injury, poisoning and procedural complications"
Creatine kinase increased,Creatine kinase increased,10011336,Unknown
Drooling,Drooling,10013642,Nervous system disorders
IL-2 receptor assay,IL-2 receptor assay,10071599,Investigations
Brain stem thrombosis,Brain stem thrombosis,10062573,Vascular disorders
Eosinophil count,Eosinophil count,10014941,Investigations
Blindness,Blindness,10005169,Eye disorders
Peripheral vascular disorder,Peripheral vascular disorder,10034636,Vascular disorders
Thrombin time,Thrombin time,10043539,Investigations
Mycoplasma test,Mycoplasma test,10070411,Investigations
Resuscitation,Resuscitation,10038749,Surgical and medical procedures
Biopsy,Biopsy,10004720,Investigations
Arteriovenous fistula,Arteriovenous fistula,10003226,Vascular disorders
Evans syndrome,Evans syndrome,10053873,Blood and lymphatic system disorders
Axillary mass,Axillary mass,10049021,Musculoskeletal and connective tissue disorders
Cryptococcus test,Cryptococcus test,10070456,Investigations
Blood chloride,Blood chloride,10005416,Investigations
Immunoglobulin therapy,Immunoglobulin therapy,10069534,Surgical and medical procedures
Neurological symptom,Neurological symptom,10060860,Nervous system disorders
Device colour issue,Device colour issue,10069873,Product issues
Postural orthostatic tachycardia syndrome,Postural orthostatic tachycardia syndrome,10063080,Nervous system disorders
Infarction,Infarction,10061216,Vascular disorders
VIth nerve disorder,VIth nerve disorder,10053646,Eye disorders
Oral allergy syndrome,Oral allergy syndrome,10068355,Immune system disorders
Craniocerebral injury,Craniocerebral injury,10070976,Nervous system disorders
Vasogenic cerebral oedema,Vasogenic cerebral oedema,10067275,Nervous system disorders
Antiacetylcholine receptor antibody positive,Antiacetylcholine receptor antibody positive,10049144,Investigations
Serology test,Serology test,10062163,Investigations
Brain injury,Brain injury,10067967,Nervous system disorders
Post cholecystectomy syndrome,Post cholecystectomy syndrome,10057229,Gastrointestinal disorders
Nightmare,Nightmare,10029412,Nervous system disorders
Inner ear inflammation,Inner ear inflammation,10066966,Ear and labyrinth disorders
Blood potassium normal,Blood potassium normal,10005726,Investigations
Red cell distribution width increased,Red cell distribution width increased,10053920,Investigations
Respiratory viral panel,Respiratory viral panel,10075165,Investigations
Rectal tenesmus,Rectal tenesmus,10057071,Musculoskeletal and connective tissue disorders
Angioedema,Angioedema,10002424,Immune system disorders
Pregnancy test,Pregnancy test,10036572,Investigations
Immunoglobulins normal,Immunoglobulins normal,10021501,Investigations
Bradycardia,Bradycardia,10006093,Cardiac disorders
Initial insomnia,Initial insomnia,10022035,Nervous system disorders
Cardio-respiratory distress,Cardio-respiratory distress,10049874,"Respiratory, thoracic and mediastinal disorders"
Physical product label issue,Physical product label issue,10069272,Product issues
Metabolic function test,Metabolic function test,10062191,Investigations
Limb ultrasound,Limb ultrasound,10091900,Investigations
Basal cell carcinoma,Basal cell carcinoma,10004146,"Neoplasms benign, malignant and unspecified (incl cysts and polyps)"
Bandaemia,Bandaemia,10072081,Blood and lymphatic system disorders
Muscle fatigue,Muscle fatigue,10049565,Musculoskeletal and connective tissue disorders
White matter lesion,White matter lesion,10072731,Nervous system disorders
C-reactive protein normal,C-reactive protein normal,10006826,Investigations
Blood bilirubin increased,Blood bilirubin increased,10005364,Investigations
Tumour excision,Tumour excision,10061392,Surgical and medical procedures
Oral mucosal erythema,Oral mucosal erythema,10067418,Gastrointestinal disorders
Complement factor C3 decreased,Complement factor C3 decreased,10050981,Investigations
Cell marker,Cell marker,10064496,Investigations
Bone graft,Bone graft,10005971,Surgical and medical procedures
Movement disorder,Movement disorder,10028035,Nervous system disorders
Biopsy kidney abnormal,Biopsy kidney abnormal,10004783,Investigations
Vaccination site haematoma,Vaccination site haematoma,10069472,Vascular disorders
Human epidermal growth factor receptor test,Human epidermal growth factor receptor test,10088659,Investigations
Mini mental status examination normal,Mini mental status examination normal,10065425,Investigations
Neck injury,Neck injury,10062211,"Injury, poisoning and procedural complications"
Anti-ganglioside antibody negative,Anti-ganglioside antibody negative,10072515,Investigations
Perfusion brain scan,Perfusion brain scan,10079705,Investigations
Facial discomfort,Facial discomfort,10083537,General disorders and administration site conditions
Coagulation factor XI level,Coagulation factor XI level,10009777,Investigations
Ultrasound abdomen,Ultrasound abdomen,10052038,Investigations
Haemorrhage urinary tract,Haemorrhage urinary tract,10055847,Vascular disorders
Disseminated varicella zoster virus infection,Disseminated varicella zoster virus infection,10084396,Skin and subcutaneous tissue disorders
Toothache,Toothache,10044055,Gastrointestinal disorders
Primary biliary cholangitis,Primary biliary cholangitis,10080429,Hepatobiliary disorders
Anaplastic thyroid cancer,Anaplastic thyroid cancer,10002240,Endocrine disorders
Head banging,Head banging,10019191,Psychiatric disorders
Breast hyperplasia,Breast hyperplasia,10006256,Reproductive system and breast disorders
Nail disorder,Nail disorder,10028694,Skin and subcutaneous tissue disorders
Loss of personal independence in daily activities,Loss of personal independence in daily activities,10079487,Social circumstances
Tissue transglutaminase IgA antibody test,,,Unmapped
Plasmacytoma,Plasmacytoma,10035484,"Neoplasms benign, malignant and unspecified (incl cysts and polyps)"
Monoclonal immunoglobulin,Monoclonal immunoglobulin,10087954,Investigations
Spinal instability,Spinal instability,10076339,Musculoskeletal and connective tissue disorders
Coronary artery disease,Coronary artery disease,10011078,Cardiac disorders
Arthropathy,Arthropathy,10003285,Musculoskeletal and connective tissue disorders
Influenza B virus test,Influenza B virus test,10071544,Investigations
Bilirubin conjugated,Bilirubin conjugated,10004684,Investigations
Ophthalmological examination,Ophthalmological examination,10050320,Investigations
Blood pressure measurement,Blood pressure measurement,10076581,Investigations
Feeling hot,Feeling hot,10016334,General disorders and administration site conditions
Photophobia,Photophobia,10034960,Eye disorders
Miller Fisher syndrome,Miller Fisher syndrome,10049567,Nervous system disorders
Insomnia,Insomnia,10022437,Nervous system disorders
Pyrexia,Pyrexia,10037660,General disorders and administration site conditions
Cognitive disorder,Cognitive disorder,10057668,Nervous system disorders
Liver injury,Liver injury,10067125,"Injury, poisoning and procedural complications"
Abdominal pain upper,Abdominal pain upper,10000087,Gastrointestinal disorders
Product quality issue,Product quality issue,10069327,Product issues
Jugular vein thrombosis,Jugular vein thrombosis,10023237,Vascular disorders
Polymerase chain reaction positive,Polymerase chain reaction positive,10075628,Investigations
Metabolic function test abnormal,Metabolic function test abnormal,10061286,Investigations
Wheelchair user,Wheelchair user,10047920,Social circumstances
Gait disturbance,Gait disturbance,10017577,General disorders and administration site conditions
Angiotensin converting enzyme,,,API_Error
Myasthenia gravis,,,API_Error
Rash papular,,,API_Error
Thrombocytosis,,,API_Error
Crying,,,API_Error
Spirometry normal,,,API_Error
Ejection fraction decreased,,,API_Error
Computerised tomogram spine,,,API_Error
Hypoalbuminaemia,Hypoalbuminaemia,10020942,Metabolism and nutrition disorders
Arteriotomy,Arteriotomy,10078636,Surgical and medical procedures
Narcolepsy,Narcolepsy,10028713,Nervous system disorders
Full blood count abnormal,Full blood count abnormal,10017412,Investigations
Breast conserving surgery,Breast conserving surgery,10076783,Surgical and medical procedures
Blood test abnormal,Blood test abnormal,10061016,Investigations
Blood immunoglobulin G normal,Blood immunoglobulin G normal,10005597,Investigations
Increased need for sleep,Increased need for sleep,10088915,Nervous system disorders
Skin mass,Skin mass,10067868,Skin and subcutaneous tissue disorders
Spinal fusion surgery,Spinal fusion surgery,10050505,Surgical and medical procedures
Injection site pustule,Injection site pustule,10054994,"Injury, poisoning and procedural complications"
Sensation of foreign body,Sensation of foreign body,10061549,General disorders and administration site conditions
Antinuclear antibody increased,Antinuclear antibody increased,10064726,Investigations
Clostridium test,Clostridium test,10070270,Investigations
Testicular swelling,Testicular swelling,10043354,Reproductive system and breast disorders
Tracheostomy,Tracheostomy,10044320,Surgical and medical procedures
Mood swings,Mood swings,10027951,Psychiatric disorders
Ear pruritus,Ear pruritus,10052138,Ear and labyrinth disorders
Injection site inflammation,Injection site inflammation,10022078,"Injury, poisoning and procedural complications"
Food allergy,Food allergy,10016946,Immune system disorders
Weight bearing difficulty,Weight bearing difficulty,10066454,Musculoskeletal and connective tissue disorders
Cholelithiasis,Cholelithiasis,10008629,Hepatobiliary disorders
Thrombosis,Thrombosis,10043607,Vascular disorders
Intestinal resection,Intestinal resection,10054193,Surgical and medical procedures
Thyroid stimulating immunoglobulin,Thyroid stimulating immunoglobulin,10071388,Investigations
Parathyroidectomy,Parathyroidectomy,10033968,Surgical and medical procedures
Contusion,Contusion,10050584,Skin and subcutaneous tissue disorders
Syphilis test,Syphilis test,10061375,Investigations
Hypersomnia,Hypersomnia,10020765,Nervous system disorders
Dyschromatopsia,Dyschromatopsia,10013892,Eye disorders
Biopsy vagina normal,Biopsy vagina normal,10004902,Investigations
Nasal congestion,Nasal congestion,10028735,"Respiratory, thoracic and mediastinal disorders"
Hepatitis B antibody positive,Hepatitis B antibody positive,10019736,Investigations
Blood testosterone increased,Blood testosterone increased,10005815,Investigations
Blood pressure increased,Blood pressure increased,10005750,Investigations
Flatulence,Flatulence,10016766,Gastrointestinal disorders
Sinus congestion,Sinus congestion,10040742,"Respiratory, thoracic and mediastinal disorders"
Audiogram,Audiogram,10003760,Investigations
Restless legs syndrome,Restless legs syndrome,10058920,Nervous system disorders
Product preparation error,Product preparation error,10076869,"Injury, poisoning and procedural complications"
Skin ulcer,Skin ulcer,10040943,Skin and subcutaneous tissue disorders
Orthostatic intolerance,Orthostatic intolerance,10063927,Vascular disorders
Platelet count increased,Platelet count increased,10051608,Investigations
Papule,Papule,10033733,Skin and subcutaneous tissue disorders
Cardiac failure congestive,Cardiac failure congestive,10007559,Cardiac disorders
Nerve conduction studies abnormal,Nerve conduction studies abnormal,10029175,Investigations
Computerised tomogram abdomen abnormal,Computerised tomogram abdomen abnormal,10057798,Investigations
Haptoglobin,Haptoglobin,10050744,Investigations
Systemic lupus erythematosus,Systemic lupus erythematosus,10042945,Immune system disorders
Dark circles under eyes,Dark circles under eyes,10064729,General disorders and administration site conditions
Skin hypertrophy,Skin hypertrophy,10040867,Skin and subcutaneous tissue disorders
Bacterial infection,Bacterial infection,10060945,Infections and infestations
Headache,Headache,10019211,Nervous system disorders
Hyperhidrosis,Hyperhidrosis,10020642,Skin and subcutaneous tissue disorders
Brain death,Brain death,10049054,General disorders and administration site conditions
Haematological infection,Haematological infection,10069762,Infections and infestations
Laboratory test abnormal,Laboratory test abnormal,10023547,Investigations
Erythema,Erythema,10015150,Skin and subcutaneous tissue disorders
Blood electrolytes,Blood electrolytes,10061013,Investigations
Transient acantholytic dermatosis,Transient acantholytic dermatosis,10051446,Skin and subcutaneous tissue disorders
Malignant neoplasm progression,Malignant neoplasm progression,10051398,"Neoplasms benign, malignant and unspecified (incl cysts and polyps)"
Wheezing,Wheezing,10047924,"Respiratory, thoracic and mediastinal disorders"
Sleep study abnormal,Sleep study abnormal,10053320,Investigations
Ammonia normal,Ammonia normal,10001947,Investigations
Physical examination,Physical examination,10034986,Investigations
Sinusitis,Sinusitis,10040753,"Respiratory, thoracic and mediastinal disorders"
Fluorescence angiogram normal,Fluorescence angiogram normal,10083088,Investigations
Exposure via skin contact,Exposure via skin contact,10071430,"Injury, poisoning and procedural complications"
Hearing aid user,Hearing aid user,10050852,Social circumstances
Anti-zinc transporter 8 antibody positive,Anti-zinc transporter 8 antibody positive,10072530,Investigations
Cerebral atrophy,Cerebral atrophy,10008096,Nervous system disorders
Cartilage injury,Cartilage injury,10007710,Musculoskeletal and connective tissue disorders
Product closure removal difficult,Product closure removal difficult,10069296,Product issues
Dystonia,Dystonia,10013983,Nervous system disorders
X-ray limb abnormal,X-ray limb abnormal,10061586,Investigations
Angiogram cerebral abnormal,Angiogram cerebral abnormal,10052906,Investigations
Tendon rupture,Tendon rupture,10043248,Musculoskeletal and connective tissue disorders
Unresponsive to stimuli,Unresponsive to stimuli,10045555,Nervous system disorders
Cardiac tamponade,Cardiac tamponade,10007610,Cardiac disorders
Decreased interest,Decreased interest,10011971,Psychiatric disorders
Herpes simplex reactivation,Herpes simplex reactivation,10080137,Infections and infestations
Oral mucosal eruption,Oral mucosal eruption,10030997,Gastrointestinal disorders
Pulmonary infarction,Pulmonary infarction,10037410,"Respiratory, thoracic and mediastinal disorders"
Wrong patient,Wrong patient,10084399,"Injury, poisoning and procedural complications"
Renal artery thrombosis,Renal artery thrombosis,10038380,Renal and urinary disorders
Lip blister,Lip blister,10049307,Gastrointestinal disorders
Brain cancer metastatic,Brain cancer metastatic,10055093,"Neoplasms benign, malignant and unspecified (incl cysts and polyps)"
Large intestine infection,Large intestine infection,10081959,Infections and infestations
Soft tissue foreign body,Soft tissue foreign body,10079851,Musculoskeletal and connective tissue disorders
Mean cell volume,Mean cell volume,10026999,Investigations
Migraine,Migraine,10027599,Vascular disorders
Breast mass,Breast mass,10006272,Reproductive system and breast disorders
Coronary arterial stent insertion,Coronary arterial stent insertion,10052086,Surgical and medical procedures
Extra dose administered,Extra dose administered,10064366,"Injury, poisoning and procedural complications"
Blood smear test,Blood smear test,10059655,Investigations
Vitamin D,Vitamin D,10050713,Investigations
Activated partial thromboplastin time normal,Activated partial thromboplastin time normal,10000635,Investigations
Nephropathy toxic,Nephropathy toxic,10029155,"Injury, poisoning and procedural complications"
Musculoskeletal disorder,Musculoskeletal disorder,10048592,Musculoskeletal and connective tissue disorders
Eyelid rash,Eyelid rash,10074620,Eye disorders
Vitamin B12 decreased,Vitamin B12 decreased,10047608,Investigations
Hyporesponsive to stimuli,Hyporesponsive to stimuli,10071552,Nervous system disorders
Bronchospasm,Bronchospasm,10006482,"Respiratory, thoracic and mediastinal disorders"
Electrophoresis protein normal,Electrophoresis protein normal,10014469,Investigations
Nerve compression,Nerve compression,10029174,Nervous system disorders
Musculoskeletal stiffness,Musculoskeletal stiffness,10052904,Musculoskeletal and connective tissue disorders
Speech disorder developmental,Speech disorder developmental,10041467,Nervous system disorders
Ultrasound kidney normal,Ultrasound kidney normal,10045423,Investigations
Stridor,Stridor,10042241,"Respiratory, thoracic and mediastinal disorders"
Weight,Weight,10047890,Investigations
Allergy test,Allergy test,10053462,Investigations
Premature labour,Premature labour,10036600,"Pregnancy, puerperium and perinatal conditions"
Agitation,Agitation,10001497,Nervous system disorders
CSF red blood cell count,CSF red blood cell count,10075561,Investigations
X-ray limb normal,X-ray limb normal,10061587,Investigations
Musculoskeletal discomfort,Musculoskeletal discomfort,10053156,Musculoskeletal and connective tissue disorders
Fall,Fall,10016173,"Injury, poisoning and procedural complications"
Muscle strain,Muscle strain,10050031,Musculoskeletal and connective tissue disorders
Cataract operation,Cataract operation,10063797,Surgical and medical procedures
Electrocardiogram ambulatory,Electrocardiogram ambulatory,10014368,Investigations
Dysphonia,Dysphonia,10013952,Psychiatric disorders
Jaundice,Jaundice,10023126,Skin and subcutaneous tissue disorders
Interleukin level,Interleukin level,10063321,Investigations
Peripheral swelling,Peripheral swelling,10048959,Cardiac disorders
Activated partial thromboplastin time,Activated partial thromboplastin time,10000630,Investigations
Vaccination error,Vaccination error,10063972,"Injury, poisoning and procedural complications"
Red blood cell sedimentation rate abnormal,Red blood cell sedimentation rate abnormal,10049186,Investigations
Blindness unilateral,Blindness unilateral,10005186,Eye disorders
Anosmia,Anosmia,10002653,"Respiratory, thoracic and mediastinal disorders"
Angiocardiogram,Angiocardiogram,10080743,Investigations
Haemoglobin,Haemoglobin,10018876,Investigations
Plethysmography,Plethysmography,10049170,Investigations
Intercepted product selection error,Intercepted product selection error,10076544,"Injury, poisoning and procedural complications"
Encephalitis,Encephalitis,10014581,Infections and infestations
Muscle enzyme increased,Muscle enzyme increased,10057945,Investigations
International normalised ratio,International normalised ratio,10022591,Investigations
Vitreous detachment,Vitreous detachment,10047650,Eye disorders
Aphonia,Aphonia,10002953,Psychiatric disorders
Feeling of despair,Feeling of despair,10016344,Psychiatric disorders
Ovarian failure,Ovarian failure,10033165,Reproductive system and breast disorders
Peripheral arterial occlusive disease,Peripheral arterial occlusive disease,10062585,Vascular disorders
Joint stiffness,Joint stiffness,10023230,Musculoskeletal and connective tissue disorders
Laryngoscopy,Laryngoscopy,10023888,Investigations
Vaccination site nodule,Vaccination site nodule,10069616,Skin and subcutaneous tissue disorders
Mouth injury,Mouth injury,10049294,Gastrointestinal disorders
Cough,Cough,10011224,"Respiratory, thoracic and mediastinal disorders"
Prostatic specific antigen,Prostatic specific antigen,10050704,Investigations
Bladder cancer,Bladder cancer,10005003,"Neoplasms benign, malignant and unspecified (incl cysts and polyps)"
Breath sounds abnormal,Breath sounds abnormal,10064780,Investigations
Vitamin B1,Vitamin B1,10058766,Investigations
Hyperthyroidism,Hyperthyroidism,10020850,Endocrine disorders
Ovarian cancer metastatic,Ovarian cancer metastatic,10057529,"Neoplasms benign, malignant and unspecified (incl cysts and polyps)"
Throat irritation,Throat irritation,10043521,"Respiratory, thoracic and mediastinal disorders"
Angiogram,Angiogram,10061637,Investigations
Paranasal sinus hyposecretion,Paranasal sinus hyposecretion,10080046,"Respiratory, thoracic and mediastinal disorders"
Dyslipidaemia,Dyslipidaemia,10058108,Metabolism and nutrition disorders
Emotional distress,Emotional distress,10049119,Psychiatric disorders
Tight hamstring syndrome,Tight hamstring syndrome,10086324,Nervous system disorders
Blood uric acid normal,Blood uric acid normal,10005862,Investigations
Photosensitivity reaction,Photosensitivity reaction,10034972,Skin and subcutaneous tissue disorders
Pain,Pain,10033371,General disorders and administration site conditions
Gout,Gout,10018627,Metabolism and nutrition disorders
Hepatic cancer recurrent,Hepatic cancer recurrent,10073070,"Neoplasms benign, malignant and unspecified (incl cysts and polyps)"
Tunnel vision,Tunnel vision,10045178,Eye disorders
Underdose,Underdose,10057362,"Injury, poisoning and procedural complications"
Gastrointestinal disorder,Gastrointestinal disorder,10017944,Gastrointestinal disorders
Bone debridement,Bone debridement,10057612,Surgical and medical procedures
H3N2 influenza,H3N2 influenza,10081286,Infections and infestations
Eosinophil count increased,Eosinophil count increased,10014945,Investigations
Bedridden,Bedridden,10048948,Social circumstances
Abnormal faeces,Abnormal faeces,10000133,Gastrointestinal disorders
Eosinophil count decreased,Eosinophil count decreased,10014943,Investigations
Eosinophil percentage increased,Eosinophil percentage increased,10052222,Investigations
Skin injury,Skin injury,10061364,"Injury, poisoning and procedural complications"
Cutaneous vasculitis,Cutaneous vasculitis,10011686,Immune system disorders
Troponin normal,Troponin normal,10071322,Investigations
Pericardial effusion,Pericardial effusion,10034474,Cardiac disorders
Sinus tachycardia,Sinus tachycardia,10040752,Cardiac disorders
Blood creatine phosphokinase decreased,Blood creatine phosphokinase decreased,10067760,Investigations
Pityriasis rosea,Pityriasis rosea,10035114,Skin and subcutaneous tissue disorders
CSF lymphocyte count increased,CSF lymphocyte count increased,10011549,Investigations
Bladder pain,Bladder pain,10005063,Renal and urinary disorders
Haemoglobin increased,Haemoglobin increased,10018888,Investigations
CSF protein,CSF protein,10011572,Investigations
Idiopathic angioedema,Idiopathic angioedema,10073257,Skin and subcutaneous tissue disorders
Cervical spinal stenosis,Cervical spinal stenosis,10008313,Nervous system disorders
C-reactive protein,C-reactive protein,10006824,Investigations
VIIIth nerve injury,VIIIth nerve injury,10047409,Nervous system disorders
Myoglobin urine present,Myoglobin urine present,10028631,Investigations
Throat clearing,Throat clearing,10080125,"Respiratory, thoracic and mediastinal disorders"
Rash pruritic,Rash pruritic,10037884,Skin and subcutaneous tissue disorders
Developmental delay,Developmental delay,10012559,Psychiatric disorders
Coombs test positive,Coombs test positive,10061090,Investigations
Arthropod bite,Arthropod bite,10003399,"Injury, poisoning and procedural complications"
Heart rate irregular,Heart rate irregular,10019304,Investigations
Fear of injection,Fear of injection,10073753,Psychiatric disorders
Electric shock sensation,Electric shock sensation,10014358,General disorders and administration site conditions
Motor dysfunction,Motor dysfunction,10061296,Musculoskeletal and connective tissue disorders
Heavy metal normal,Heavy metal normal,10086047,Investigations
Spider vein,Spider vein,10062696,Vascular disorders
Culture urine,Culture urine,10011638,Investigations
Fever neonatal,Fever neonatal,10016562,"Pregnancy, puerperium and perinatal conditions"
Disturbance in attention,Disturbance in attention,10013496,Nervous system disorders
Cerebral ischaemia,Cerebral ischaemia,10008120,Nervous system disorders
Bundle branch block left,Bundle branch block left,10006580,Cardiac disorders
Cheilitis,Cheilitis,10008417,Gastrointestinal disorders
Aspartate aminotransferase,Aspartate aminotransferase,10003476,Investigations
Deep vein thrombosis,Deep vein thrombosis,10051055,Vascular disorders
Retinal exudates,Retinal exudates,10038862,Metabolism and nutrition disorders
Soft tissue sarcoma,Soft tissue sarcoma,10075333,"Neoplasms benign, malignant and unspecified (incl cysts and polyps)"
Paranasal sinus inflammation,Paranasal sinus inflammation,10083836,"Respiratory, thoracic and mediastinal disorders"
Demyelinating polyneuropathy,Demyelinating polyneuropathy,10061811,Nervous system disorders
Urinary casts,Urinary casts,10046533,Investigations
Muscle tightness,Muscle tightness,10049816,Musculoskeletal and connective tissue disorders
Muscular weakness,Muscular weakness,10028372,Nervous system disorders
Albuminocytological dissociation present,Albuminocytological dissociation present,10091577,Investigations
PIK3CA-activated mutation,PIK3CA-activated mutation,10081234,"Congenital, familial and genetic disorders"
Coagulation factor XII level,Coagulation factor XII level,10009781,Investigations
Eye inflammation,Eye inflammation,10015943,Eye disorders
Staring,Staring,10041953,Psychiatric disorders
Audiogram abnormal,Audiogram abnormal,10003761,Investigations
Nasal inflammation,Nasal inflammation,10028741,"Respiratory, thoracic and mediastinal disorders"
Vomiting projectile,Vomiting projectile,10047708,Gastrointestinal disorders
Hepatomegaly,Hepatomegaly,10019842,Hepatobiliary disorders
Renal cancer,Renal cancer,10038389,Renal and urinary disorders
Vital signs measurement,Vital signs measurement,10072952,Investigations
Product leakage,Product leakage,10076232,Product issues
Blood pressure decreased,Blood pressure decreased,10005734,Investigations
Abdominal pain lower,Abdominal pain lower,10000084,Gastrointestinal disorders
RET gene fusion test,RET gene fusion test,10089319,Investigations
Magnetic resonance imaging head,Magnetic resonance imaging head,10085255,Investigations
Myopathy,Myopathy,10028641,Musculoskeletal and connective tissue disorders
Visual acuity tests normal,Visual acuity tests normal,10047537,Investigations
Scoliosis,Scoliosis,10039722,Musculoskeletal and connective tissue disorders
Eyelid pain,Eyelid pain,10059208,Eye disorders
Unknown schedule of product administration,Unknown schedule of product administration,10086764,"Injury, poisoning and procedural complications"
Magnetic resonance imaging head abnormal,Magnetic resonance imaging head abnormal,10085256,Investigations
Mean cell volume decreased,Mean cell volume decreased,10027002,Investigations
Injection site oedema,Injection site oedema,10022085,"Injury, poisoning and procedural complications"
Sterile pyuria,Sterile pyuria,10042010,Renal and urinary disorders
Teething,Teething,10043183,Gastrointestinal disorders
Microscopy,Microscopy,10069374,Investigations
Pulmonary mass,Pulmonary mass,10056342,"Respiratory, thoracic and mediastinal disorders"
Dilated cardiomyopathy,Dilated cardiomyopathy,10056419,Cardiac disorders
Intraocular pressure test,Intraocular pressure test,10060950,Investigations
Electrocardiogram abnormal,Electrocardiogram abnormal,10014363,Investigations
Heart rate increased,Heart rate increased,10019303,Investigations
Injection site cyst,Injection site cyst,10022055,"Neoplasms benign, malignant and unspecified (incl cysts and polyps)"
Upper-airway cough syndrome,Upper-airway cough syndrome,10070488,"Respiratory, thoracic and mediastinal disorders"
Product administered to patient of inappropriate age,Product administered to patient of inappropriate age,10081578,"Injury, poisoning and procedural complications"
Eyelid oedema,Eyelid oedema,10015993,Immune system disorders
Scar,Scar,10039580,"Injury, poisoning and procedural complications"
Apraxia,Apraxia,10003062,Nervous system disorders
Fat tissue decreased,Fat tissue decreased,10073170,General disorders and administration site conditions
Immune system disorder,Immune system disorder,10021425,Immune system disorders
Nervous system disorder,Nervous system disorder,10029202,Nervous system disorders
Anal rash,Anal rash,10084123,Skin and subcutaneous tissue disorders
Blood alkaline phosphatase increased,Blood alkaline phosphatase increased,10059570,Investigations
Raynaud's phenomenon,Raynaud's phenomenon,10037912,Vascular disorders
Cardiolipin antibody negative,Cardiolipin antibody negative,10007629,Investigations
Terminal state,Terminal state,10048669,General disorders and administration site conditions
Computerised tomogram head normal,Computerised tomogram head normal,10072167,Investigations
Small intestinal intussusception reduction,Small intestinal intussusception reduction,10041099,Surgical and medical procedures
Magnetic resonance imaging heart abnormal,Magnetic resonance imaging heart abnormal,10090464,Investigations
Allergy test negative,Allergy test negative,10056362,Investigations
Arrhythmia,Arrhythmia,10003119,Cardiac disorders
Albumin CSF,Albumin CSF,10059953,Investigations
Androgen receptor assay,Androgen receptor assay,10071594,Investigations
Anti-GAD antibody positive,Anti-GAD antibody positive,10059728,Investigations
Culture,Culture,10061447,Investigations
Rotator cuff syndrome,Rotator cuff syndrome,10039227,Musculoskeletal and connective tissue disorders
HIV test negative,HIV test negative,10020187,Investigations
Mean cell haemoglobin concentration decreased,Mean cell haemoglobin concentration decreased,10026991,Investigations
Chemotherapy,Chemotherapy,10061758,Surgical and medical procedures
Adrenal disorder,Adrenal disorder,10001347,Endocrine disorders
Rhinitis allergic,Rhinitis allergic,10039085,"Respiratory, thoracic and mediastinal disorders"
Dysaesthesia,Dysaesthesia,10013886,Nervous system disorders
Protein total normal,Protein total normal,10037017,Investigations
Bronchiolitis,Bronchiolitis,10006448,Infections and infestations
Barium enema,Barium enema,10004115,Investigations
Angina pectoris,Angina pectoris,10002383,Cardiac disorders
Antiphospholipid antibodies,Antiphospholipid antibodies,10058341,Investigations
Magnetic resonance imaging neck abnormal,Magnetic resonance imaging neck abnormal,10090463,Investigations
Blood fibrinogen,Blood fibrinogen,10005517,Investigations
CSF culture negative,CSF culture negative,10011528,Investigations
Feeling abnormal,Feeling abnormal,10016322,General disorders and administration site conditions
Enanthema,Enanthema,10014579,General disorders and administration site conditions
Supraventricular extrasystoles,Supraventricular extrasystoles,10042602,Cardiac disorders
Blood homocysteine increased,Blood homocysteine increased,10049733,Investigations
Immune thrombocytopenia,Immune thrombocytopenia,10083842,Blood and lymphatic system disorders
Rash maculo-papular,Rash maculo-papular,10037868,Skin and subcutaneous tissue disorders
Biopsy bone marrow normal,Biopsy bone marrow normal,10004739,Investigations
Neuralgia,Neuralgia,10029223,Nervous system disorders
Obstructive sleep apnoea syndrome,Obstructive sleep apnoea syndrome,10029983,"Respiratory, thoracic and mediastinal disorders"
Gastric emptying study,Gastric emptying study,10017782,Investigations
Electromyogram normal,Electromyogram normal,10014432,Investigations
Vaccination site swelling,Vaccination site swelling,10069620,"Injury, poisoning and procedural complications"
Blood phosphorus increased,Blood phosphorus increased,10050196,Investigations
Dysarthria,Dysarthria,10013887,Nervous system disorders
Interleukin-2 receptor increased,Interleukin-2 receptor increased,10066315,Investigations
Ophthalmoplegia,Ophthalmoplegia,10030875,Eye disorders
Injection site movement impairment,Injection site movement impairment,10056250,"Injury, poisoning and procedural complications"
Anti-IA2 antibody positive,Anti-IA2 antibody positive,10072498,Investigations
HLA-B*27 positive,HLA-B*27 positive,10078451,Investigations
Subdural haematoma,Subdural haematoma,10042361,Nervous system disorders
Full blood count normal,Full blood count normal,10017414,Investigations
Neuralgic amyotrophy,Neuralgic amyotrophy,10029229,Immune system disorders
Herpes zoster pharyngitis,Herpes zoster pharyngitis,10074245,Infections and infestations
Ultrasound joint abnormal,Ultrasound joint abnormal,10089008,Investigations
Epstein-Barr virus test positive,Epstein-Barr virus test positive,10064545,Investigations
Smear site unspecified normal,Smear site unspecified normal,10041209,Investigations
Hyperventilation,Hyperventilation,10020910,"Respiratory, thoracic and mediastinal disorders"
Serum ferritin,Serum ferritin,10040246,Investigations
Failure to thrive,Failure to thrive,10016165,Metabolism and nutrition disorders
Troponin,Troponin,10061576,Investigations
Imaging procedure abnormal,Imaging procedure abnormal,10077446,Investigations
Petechiae,Petechiae,10034754,Skin and subcutaneous tissue disorders
Chest pain,Chest pain,10008479,Cardiac disorders
Computerised tomogram head,Computerised tomogram head,10054003,Investigations
White blood cell count normal,White blood cell count normal,10047944,Investigations
Emotional disorder,Emotional disorder,10014551,Psychiatric disorders
Mean cell haemoglobin decreased,Mean cell haemoglobin decreased,10026995,Investigations
Overdose,Overdose,10033295,"Injury, poisoning and procedural complications"
Amenorrhoea,Amenorrhoea,10001928,Endocrine disorders
Polymerase chain reaction negative,Polymerase chain reaction negative,10087036,Investigations
Inability to crawl,Inability to crawl,10050740,Nervous system disorders
Allodynia,Allodynia,10053552,Nervous system disorders
Secretion discharge,Secretion discharge,10053459,General disorders and administration site conditions
Sympathomimetic effect,Sympathomimetic effect,10062119,General disorders and administration site conditions
Bursitis,Bursitis,10006811,Musculoskeletal and connective tissue disorders
Premature separation of placenta,Premature separation of placenta,10036608,Vascular disorders
Malnutrition,Malnutrition,10061273,Metabolism and nutrition disorders
Orbital swelling,Orbital swelling,10085251,Immune system disorders
Hepatitis C antibody negative,Hepatitis C antibody negative,10019746,Investigations
Blood folate normal,Blood folate normal,10005529,Investigations
Scleritis,Scleritis,10039705,Immune system disorders
West Nile virus test negative,West Nile virus test negative,10068813,Investigations
Vaccination site movement impairment,Vaccination site movement impairment,10076183,"Injury, poisoning and procedural complications"
Blood follicle stimulating hormone,Blood follicle stimulating hormone,10005531,Investigations
Vaccination failure,Vaccination failure,10046862,"Injury, poisoning and procedural complications"
Dry mouth,Dry mouth,10013781,Gastrointestinal disorders
Alpha tumour necrosis factor,Alpha tumour necrosis factor,10059981,Investigations
Arteriogram carotid,Arteriogram carotid,10003194,Investigations
Protrusion tongue,Protrusion tongue,10037076,Gastrointestinal disorders
Immunisation reaction,Immunisation reaction,10021432,"Injury, poisoning and procedural complications"
Ear pain,Ear pain,10014020,Ear and labyrinth disorders
Eye pain,Eye pain,10015958,Eye disorders
Psoriasis,Psoriasis,10037153,Immune system disorders
Hypersensitivity,Hypersensitivity,10020751,Immune system disorders
CSF protein increased,CSF protein increased,10011575,Investigations
CSF test,CSF test,10059690,Investigations
Computerised tomogram neck normal,Computerised tomogram neck normal,10090468,Investigations
Angiogram abnormal,Angiogram abnormal,10060956,Investigations
Spinal X-ray,Spinal X-ray,10041604,Investigations
Colon cancer,Colon cancer,10009944,"Neoplasms benign, malignant and unspecified (incl cysts and polyps)"
Breath holding,Breath holding,10006322,"Respiratory, thoracic and mediastinal disorders"
Face injury,Face injury,10050392,"Injury, poisoning and procedural complications"
Nervousness,Nervousness,10029216,Psychiatric disorders
Haemophagocytic lymphohistiocytosis,Haemophagocytic lymphohistiocytosis,10071583,Blood and lymphatic system disorders
Computerised tomogram normal,Computerised tomogram normal,10010236,Investigations
CSF virus identified,CSF virus identified,10061800,Investigations
Eye movement disorder,Eye movement disorder,10061129,Eye disorders
Injection site injury,Injection site injury,10066083,"Injury, poisoning and procedural complications"
Hepatic enzyme increased,Hepatic enzyme increased,10060795,Investigations
Pregnancy test negative,Pregnancy test negative,10036574,Investigations
Colitis,Colitis,10009887,Gastrointestinal disorders
Respiratory pathogen panel,Respiratory pathogen panel,10086457,Investigations
Atrophy,Atrophy,10003694,General disorders and administration site conditions
Hypoaesthesia,Hypoaesthesia,10020937,Nervous system disorders
Joint stabilisation,Joint stabilisation,10060788,Surgical and medical procedures
Thyroidectomy,Thyroidectomy,10062127,Surgical and medical procedures
Eye irritation,Eye irritation,10015946,Eye disorders
Liver function test,Liver function test,10060105,Investigations
Vaccination site bruising,Vaccination site bruising,10069484,"Injury, poisoning and procedural complications"
Meningitis viral,Meningitis viral,10027260,Infections and infestations
Vision blurred,Vision blurred,10047513,Eye disorders
Drug screen negative,Drug screen negative,10050895,Investigations
Haemorrhage,Haemorrhage,10055798,Vascular disorders
Varicella,Varicella,10046980,Skin and subcutaneous tissue disorders
Donor specific antibody present,Donor specific antibody present,10075992,Investigations
Mean platelet volume,Mean platelet volume,10050539,Investigations
Premature baby,Premature baby,10036590,"Pregnancy, puerperium and perinatal conditions"
Cardiomyopathy,Cardiomyopathy,10007636,Cardiac disorders
Blood sodium,Blood sodium,10005799,Investigations
Computerised tomogram head abnormal,Computerised tomogram head abnormal,10072168,Investigations
Weight decreased,Weight decreased,10047895,Investigations
Viral test,Viral test,10062358,Investigations
Onychomadesis,Onychomadesis,10049274,Skin and subcutaneous tissue disorders
Urine ketone body present,Urine ketone body present,10057597,Investigations
Coordination abnormal,Coordination abnormal,10010947,Nervous system disorders
Nasopharyngitis,Nasopharyngitis,10028810,"Respiratory, thoracic and mediastinal disorders"
CD4 lymphocytes,CD4 lymphocytes,10007838,Investigations
Blood immunoglobulin M,Blood immunoglobulin M,10005598,Investigations
Drug reaction with eosinophilia and systemic symptoms,Drug reaction with eosinophilia and systemic symptoms,10073508,Immune system disorders
Magnetic resonance imaging joint,Magnetic resonance imaging joint,10083134,Investigations
Tonic clonic movements,Tonic clonic movements,10051171,Nervous system disorders
Blood pressure abnormal,Blood pressure abnormal,10005728,Investigations
Sleep disorder,Sleep disorder,10040984,Nervous system disorders
White blood cells urine negative,White blood cells urine negative,10047965,Investigations
Inadequate aseptic technique in use of product,Inadequate aseptic technique in use of product,10072608,"Injury, poisoning and procedural complications"
Muscle atrophy,Muscle atrophy,10028289,Nervous system disorders
Skin irritation,Skin irritation,10040880,Skin and subcutaneous tissue disorders
Oropharyngeal pain,Oropharyngeal pain,10068319,"Respiratory, thoracic and mediastinal disorders"
Full blood count,Full blood count,10017411,Investigations
Fibroadenoma of breast,Fibroadenoma of breast,10016613,"Neoplasms benign, malignant and unspecified (incl cysts and polyps)"
Colonoscopy abnormal,Colonoscopy abnormal,10010008,Investigations
Endocrine ophthalmopathy,Endocrine ophthalmopathy,10060742,Metabolism and nutrition disorders
Ascending flaccid paralysis,Ascending flaccid paralysis,10087798,Infections and infestations
Rash erythematous,Rash erythematous,10037855,Skin and subcutaneous tissue disorders
Scan with contrast normal,Scan with contrast normal,10062153,Investigations
Neoplasm malignant,Neoplasm malignant,10028997,"Neoplasms benign, malignant and unspecified (incl cysts and polyps)"
Multiple fractures,Multiple fractures,10028200,Musculoskeletal and connective tissue disorders
Cardiovascular symptom,Cardiovascular symptom,10075534,Cardiac disorders
Pericarditis constrictive,Pericarditis constrictive,10034487,Cardiac disorders
Ultrasound Doppler,Ultrasound Doppler,10045412,Investigations
Culture wound negative,Culture wound negative,10011642,Investigations
Acute disseminated encephalomyelitis,Acute disseminated encephalomyelitis,10000709,Nervous system disorders
Hypoaesthesia eye,Hypoaesthesia eye,10020939,Eye disorders
Hypoxia,Hypoxia,10021143,"Respiratory, thoracic and mediastinal disorders"
Prothrombin time prolonged,Prothrombin time prolonged,10037063,Investigations
Arthropod sting,Arthropod sting,10003402,"Injury, poisoning and procedural complications"
Gaze palsy,Gaze palsy,10056696,Eye disorders
Surgery,Surgery,10042609,Surgical and medical procedures
Wrong drug,Wrong drug,10080306,"Injury, poisoning and procedural complications"
Infrequent bowel movements,Infrequent bowel movements,10059158,Gastrointestinal disorders
Macrophage inflammatory protein-1 alpha,Macrophage inflammatory protein-1 alpha,10083042,Investigations
White blood cell count decreased,White blood cell count decreased,10047942,Investigations
Paraplegia,Paraplegia,10033892,Nervous system disorders
Sedation,Sedation,10039897,Nervous system disorders
Weight increased,Weight increased,10047899,Investigations
Blood creatinine increased,Blood creatinine increased,10005483,Investigations
Nerve injury,Nerve injury,10052897,Nervous system disorders
Blood lactate dehydrogenase normal,Blood lactate dehydrogenase normal,10005631,Investigations
Ischaemic stroke,Ischaemic stroke,10061256,Nervous system disorders
Tension,Tension,10043268,Psychiatric disorders
Vaccination site reaction,Vaccination site reaction,10059080,"Injury, poisoning and procedural complications"
Ventricular extrasystoles,Ventricular extrasystoles,10047289,Cardiac disorders
Pancreatitis acute,Pancreatitis acute,10033647,Gastrointestinal disorders
Pulmonary thrombosis,Pulmonary thrombosis,10037437,"Respiratory, thoracic and mediastinal disorders"
Platelet count,Platelet count,10035525,Investigations
Macular oedema,Macular oedema,10025415,Eye disorders
Foreign body in skin or subcutaneous tissue,Foreign body in skin or subcutaneous tissue,10083982,Skin and subcutaneous tissue disorders
Abdominal X-ray,Abdominal X-ray,10061612,Investigations
Brain oedema,Brain oedema,10048962,"Injury, poisoning and procedural complications"
Ultrasound Doppler abnormal,Ultrasound Doppler abnormal,10045413,Investigations
Liver transplant,Liver transplant,10024714,Surgical and medical procedures
Scan with contrast,Scan with contrast,10059696,Investigations
Lymphocyte count,Lymphocyte count,10025251,Investigations
International normalised ratio increased,International normalised ratio increased,10022595,Investigations
Abnormal behaviour,Abnormal behaviour,10061422,Psychiatric disorders
Food refusal,Food refusal,10080283,Psychiatric disorders
Coronary artery thrombectomy,,,Unmapped
Heart failure with reduced ejection fraction,Heart failure with reduced ejection fraction,10078289,Cardiac disorders
Bradykinesia,Bradykinesia,10006100,Nervous system disorders
Smooth muscle antibody,Smooth muscle antibody,10041227,Investigations
Pulmonary function test normal,Pulmonary function test normal,10061923,Investigations
Diplegia,Diplegia,10013033,Nervous system disorders
Peripheral artery occlusion,Peripheral artery occlusion,10057525,Vascular disorders
Nausea,Nausea,10028813,Gastrointestinal disorders
Retinal degeneration,Retinal degeneration,10038845,Eye disorders
X-ray,X-ray,10048064,Investigations
Expired product administered,Expired product administered,10074902,"Injury, poisoning and procedural complications"
Oral discomfort,Oral discomfort,10030973,Gastrointestinal disorders
Computerised tomogram,Computerised tomogram,10010234,Investigations
Differential white blood cell count,Differential white blood cell count,10012784,Investigations
Device connection issue,Device connection issue,10065066,Product issues
Post herpetic neuralgia,Post herpetic neuralgia,10036376,Nervous system disorders
Magnetic resonance imaging spinal,Magnetic resonance imaging spinal,10083133,Investigations
Vascular endothelial growth factor assay,Vascular endothelial growth factor assay,10071597,Investigations
Retroperitoneal lymphadenopathy,Retroperitoneal lymphadenopathy,10067015,Blood and lymphatic system disorders
Carbon dioxide normal,Carbon dioxide normal,10007228,Investigations
IIIrd nerve paralysis,IIIrd nerve paralysis,10021283,Eye disorders
Colon cancer metastatic,Colon cancer metastatic,10055114,"Neoplasms benign, malignant and unspecified (incl cysts and polyps)"
Extradural abscess,Extradural abscess,10061846,Infections and infestations
Rotavirus infection,Rotavirus infection,10067470,Infections and infestations
Retinal vein occlusion,Retinal vein occlusion,10038907,Eye disorders
Electrocardiogram,Electrocardiogram,10014362,Investigations
Injection site induration,Injection site induration,10022075,"Injury, poisoning and procedural complications"
Head titubation,Head titubation,10064950,Nervous system disorders
Skin lesion,Skin lesion,10040882,Skin and subcutaneous tissue disorders
Granulocyte percentage,Granulocyte percentage,10068913,Investigations
Fundoscopy abnormal,Fundoscopy abnormal,10017520,Investigations
Eosinophil cationic protein increased,Eosinophil cationic protein increased,10060704,Investigations
Oropharyngeal discomfort,Oropharyngeal discomfort,10068318,"Respiratory, thoracic and mediastinal disorders"
Otitis media,Otitis media,10033078,Ear and labyrinth disorders
Phosphorylated tau increased,,,Unmapped
Injection site warmth,Injection site warmth,10022112,"Injury, poisoning and procedural complications"
Red blood cell count normal,Red blood cell count normal,10038157,Investigations
Neurodegenerative disorder,Neurodegenerative disorder,10053643,Nervous system disorders
Delirium,Delirium,10012218,Psychiatric disorders
Febrile convulsion,Febrile convulsion,10016284,Nervous system disorders
Abdominal lymphadenopathy,Abdominal lymphadenopathy,10073485,Blood and lymphatic system disorders
Monocyte count,Monocyte count,10027876,Investigations
Hepatic pain,Hepatic pain,10019705,Hepatobiliary disorders
Retinal oedema,Retinal oedema,10038886,Vascular disorders
Optical coherence tomography,Optical coherence tomography,10057208,Investigations
Blood disorder,Blood disorder,10061590,Blood and lymphatic system disorders
Facial paralysis,Facial paralysis,10016062,Nervous system disorders
Measles antibody negative,Measles antibody negative,10027012,Investigations
Product storage issue,,,Unmapped
Autoimmune thyroid disorder,Autoimmune thyroid disorder,10079165,Endocrine disorders
X-ray normal,X-ray normal,10048067,Investigations
Mucous stools,Mucous stools,10028140,Gastrointestinal disorders
Depressed mood,Depressed mood,10012374,Psychiatric disorders
Haematemesis,Haematemesis,10018830,Vascular disorders
Hyper IgE syndrome,Hyper IgE syndrome,10051040,"Congenital, familial and genetic disorders"
Tricuspid valve stenosis,Tricuspid valve stenosis,10044642,Cardiac disorders
Transfusion,Transfusion,10066152,Surgical and medical procedures
Claustrophobia,Claustrophobia,10009244,Psychiatric disorders
CSF test abnormal,CSF test abnormal,10059703,Investigations
Mental impairment,Mental impairment,10027374,Nervous system disorders
Spina bifida,Spina bifida,10041524,"Congenital, familial and genetic disorders"
N-terminal prohormone brain natriuretic peptide increased,N-terminal prohormone brain natriuretic peptide increased,10071662,Investigations
Hepatitis A antibody positive,Hepatitis A antibody positive,10019725,Investigations
Infantile vomiting,Infantile vomiting,10075315,"Pregnancy, puerperium and perinatal conditions"
CD19 lymphocytes decreased,CD19 lymphocytes decreased,10064428,Investigations
Enema administration,Enema administration,10050314,Surgical and medical procedures
Eyelash discolouration,Eyelash discolouration,10058809,Eye disorders
Transplant rejection,Transplant rejection,10044439,"Injury, poisoning and procedural complications"
Vitamin B12 normal,Vitamin B12 normal,10047611,Investigations
Stereotypy,Stereotypy,10042008,Nervous system disorders
Temporomandibular pain and dysfunction syndrome,Temporomandibular pain and dysfunction syndrome,10090578,Musculoskeletal and connective tissue disorders
Breast pain,Breast pain,10006298,Reproductive system and breast disorders
Visual acuity tests,Visual acuity tests,10047533,Investigations
Palpitations,Palpitations,10033557,Cardiac disorders
Paralysis,Paralysis,10033799,Nervous system disorders
Dermatitis atopic,Dermatitis atopic,10012438,Skin and subcutaneous tissue disorders
Double stranded DNA antibody,Double stranded DNA antibody,10050418,Investigations
Nephrolithiasis,Nephrolithiasis,10029148,Renal and urinary disorders
Ketosis,Ketosis,10023391,Metabolism and nutrition disorders
Iron binding capacity total,Iron binding capacity total,10022960,Investigations
Thrombectomy,Thrombectomy,10043530,Surgical and medical procedures
Endocarditis noninfective,Endocarditis noninfective,10062608,Cardiac disorders
Somnolence,Somnolence,10041349,Psychiatric disorders
Dysstasia,Dysstasia,10050256,General disorders and administration site conditions
Neutrophil count decreased,Neutrophil count decreased,10029366,Investigations
Lipase normal,Lipase normal,10024575,Investigations
Marrow hyperplasia,Marrow hyperplasia,10026851,"Neoplasms benign, malignant and unspecified (incl cysts and polyps)"
Pharyngeal swelling,Pharyngeal swelling,10082270,"Respiratory, thoracic and mediastinal disorders"
Blood thyroid stimulating hormone,Blood thyroid stimulating hormone,10005829,Investigations
Hyperinsulinaemia,Hyperinsulinaemia,10060378,Metabolism and nutrition disorders
Enterovirus test positive,Enterovirus test positive,10070386,Investigations
Tendon disorder,Tendon disorder,10043239,Musculoskeletal and connective tissue disorders
Computerised tomogram thorax abnormal,Computerised tomogram thorax abnormal,10057799,Investigations
Device dislocation,Device dislocation,10064684,Product issues
Immobile,Immobile,10021417,Social circumstances
Encephalopathy,Encephalopathy,10014625,Nervous system disorders
Eye discharge,Eye discharge,10015915,Eye disorders
Flushing,Flushing,10016825,General disorders and administration site conditions
Myocarditis,Myocarditis,10028606,Cardiac disorders
Autopsy,Autopsy,10050117,Investigations
Granuloma skin,Granuloma skin,10018698,Skin and subcutaneous tissue disorders
Acquired haemophilia,Acquired haemophilia,10053745,Blood and lymphatic system disorders
Diverticulitis,Diverticulitis,10013538,Infections and infestations
Splenectomy,Splenectomy,10041642,Surgical and medical procedures
Antibody test positive,Antibody test positive,10061427,Investigations
Plasma cells increased,Plasma cells increased,10035231,Investigations
Reticulocyte count normal,Reticulocyte count normal,10038794,Investigations
Skin tightness,Skin tightness,10050637,Skin and subcutaneous tissue disorders
Dyskinesia,Dyskinesia,10013916,Nervous system disorders
Episcleritis,Episcleritis,10015084,Immune system disorders
Death,Death,10011906,General disorders and administration site conditions
Body temperature decreased,Body temperature decreased,10005910,Investigations
Troponin I,Troponin I,10050397,Investigations
Scan,Scan,10061498,Investigations
Grip strength,Grip strength,10062557,Investigations
Lip discolouration,Lip discolouration,10024549,Gastrointestinal disorders
Syphilis test negative,Syphilis test negative,10051322,Investigations
Libido increased,Libido increased,10024421,Psychiatric disorders
Red blood cell sedimentation rate normal,Red blood cell sedimentation rate normal,10049408,Investigations
Electromyogram,Electromyogram,10014430,Investigations
Skin erosion,Skin erosion,10040840,Skin and subcutaneous tissue disorders
Flank pain,Flank pain,10016750,General disorders and administration site conditions
Haemorrhagic stroke,Haemorrhagic stroke,10019016,Vascular disorders
Rash morbilliform,Rash morbilliform,10037870,Skin and subcutaneous tissue disorders
Atrial fibrillation,Atrial fibrillation,10003658,Cardiac disorders
Respiratory syncytial virus test positive,Respiratory syncytial virus test positive,10068563,Investigations
Seizure like phenomena,Seizure like phenomena,10071048,Nervous system disorders
Dyspepsia,Dyspepsia,10013946,Gastrointestinal disorders
Thyroid disorder,Thyroid disorder,10043709,Endocrine disorders
Blood chloride normal,Blood chloride normal,10005421,Investigations
Spinal operation,Spinal operation,10062262,Surgical and medical procedures
Gastrooesophageal reflux disease,Gastrooesophageal reflux disease,10017885,Gastrointestinal disorders
Left ventricular dysfunction,Left ventricular dysfunction,10049694,Cardiac disorders
Defaecation urgency,Defaecation urgency,10012110,Gastrointestinal disorders
Contraindication to vaccination,Contraindication to vaccination,10010835,Social circumstances
Bone density decreased,Bone density decreased,10049470,Investigations
Vaccination site discolouration,Vaccination site discolouration,10069474,Skin and subcutaneous tissue disorders
Gastrointestinal motility disorder,Gastrointestinal motility disorder,10061173,Gastrointestinal disorders
Rotavirus test positive,Rotavirus test positive,10063458,Investigations
Hepatic fibrosis,Hepatic fibrosis,10019668,Vascular disorders
Blood albumin normal,Blood albumin normal,10005289,Investigations
Implantable cardiac monitor insertion,Implantable cardiac monitor insertion,10074731,Surgical and medical procedures
Dysgraphia,Dysgraphia,10058319,Nervous system disorders
Quadriparesis,Quadriparesis,10049680,Nervous system disorders
Nipple disorder,Nipple disorder,10029417,Skin and subcutaneous tissue disorders
Computerised tomogram spine normal,Computerised tomogram spine normal,10089007,Investigations
Cytogenetic analysis normal,Cytogenetic analysis normal,10059886,Investigations
Oral mucosal exfoliation,Oral mucosal exfoliation,10064487,Gastrointestinal disorders
Facial spasm,Facial spasm,10063006,Nervous system disorders
Bacterial test positive,Bacterial test positive,10059421,Investigations
Conjunctival hyperaemia,Conjunctival hyperaemia,10051625,Eye disorders
Joint effusion,Joint effusion,10023215,Musculoskeletal and connective tissue disorders
Ophthalmic herpes zoster,Ophthalmic herpes zoster,10030865,Nervous system disorders
Ultrasound abdomen abnormal,Ultrasound abdomen abnormal,10052039,Investigations
Blood potassium decreased,Blood potassium decreased,10005724,Investigations
Blood electrolytes normal,Blood electrolytes normal,10061015,Investigations
Blood sodium normal,Blood sodium normal,10005804,Investigations
Antinuclear antibody positive,Antinuclear antibody positive,10060055,Investigations
Involuntary vocalisation,Involuntary vocalisation,10090790,Psychiatric disorders
Anaphylaxis treatment,Anaphylaxis treatment,10002222,Surgical and medical procedures
Ultrasound kidney abnormal,Ultrasound kidney abnormal,10045422,Investigations
Heavy metal test,Heavy metal test,10086051,Investigations
No adverse event,No adverse event,10067482,General disorders and administration site conditions
Exophthalmos,Exophthalmos,10015683,Endocrine disorders
Protein urine,Protein urine,10037018,Investigations
Psychotic disorder,Psychotic disorder,10061920,Psychiatric disorders
Chondroplasty,Chondroplasty,10065021,Surgical and medical procedures
Lung infiltration,Lung infiltration,10025102,"Respiratory, thoracic and mediastinal disorders"
Paronychia,Paronychia,10034016,Skin and subcutaneous tissue disorders
Breast tenderness,Breast tenderness,10006313,Reproductive system and breast disorders
Bruxism,Bruxism,10006514,Gastrointestinal disorders
B-lymphocyte count increased,B-lymphocyte count increased,10059998,Investigations
Biopsy lymph gland abnormal,Biopsy lymph gland abnormal,10004798,Investigations
Heart rate,Heart rate,10019299,Investigations
Postmenopausal haemorrhage,Postmenopausal haemorrhage,10055870,Reproductive system and breast disorders
Labyrinthitis,Labyrinthitis,10023567,Ear and labyrinth disorders
Transient ischaemic attack,Transient ischaemic attack,10044390,Nervous system disorders
Rhinitis,Rhinitis,10039083,"Respiratory, thoracic and mediastinal disorders"
Osteoarthritis,Osteoarthritis,10031161,Musculoskeletal and connective tissue disorders
Gastritis,Gastritis,10017853,Gastrointestinal disorders
Visual acuity reduced,Visual acuity reduced,10047531,Eye disorders
Multiple use of single-use product,Multiple use of single-use product,10072342,"Injury, poisoning and procedural complications"
Resting tremor,Resting tremor,10071390,Nervous system disorders
Computerised tomogram neck,Computerised tomogram neck,10082961,Investigations
Blood creatine phosphokinase normal,Blood creatine phosphokinase normal,10005479,Investigations
Allergy test positive,Allergy test positive,10056352,Investigations
X-ray with contrast upper gastrointestinal tract,X-ray with contrast upper gastrointestinal tract,10048210,Investigations
Sinus bradycardia,Sinus bradycardia,10040741,Cardiac disorders
Fatigue,Fatigue,10016256,General disorders and administration site conditions
Oxygen saturation decreased,Oxygen saturation decreased,10033318,Investigations
Injection site urticaria,Injection site urticaria,10022107,"Injury, poisoning and procedural complications"
Haemangioma rupture,Haemangioma rupture,10084040,Vascular disorders
Exercise tolerance decreased,Exercise tolerance decreased,10051301,General disorders and administration site conditions
Cervical radiculopathy,Cervical radiculopathy,10050217,Nervous system disorders
Immunoglobulins,Immunoglobulins,10021496,Investigations
Breast cancer metastatic,Breast cancer metastatic,10055113,"Neoplasms benign, malignant and unspecified (incl cysts and polyps)"
Type 1 diabetes mellitus,Type 1 diabetes mellitus,10067584,Metabolism and nutrition disorders
Post vaccination syndrome,Post vaccination syndrome,10036242,"Injury, poisoning and procedural complications"
Respiratory disorder,Respiratory disorder,10038683,"Respiratory, thoracic and mediastinal disorders"
Mite allergy,Mite allergy,10077290,Immune system disorders
Bladder discomfort,Bladder discomfort,10005034,Renal and urinary disorders
Vaccination site mass,Vaccination site mass,10076182,"Injury, poisoning and procedural complications"
Hypercalcaemia,Hypercalcaemia,10020583,Endocrine disorders
Haemophilus infection,Haemophilus infection,10061190,Infections and infestations
Fluid retention,Fluid retention,10016807,Renal and urinary disorders
Skin laceration,Skin laceration,10058818,"Injury, poisoning and procedural complications"
Face and mouth X-ray,Face and mouth X-ray,10016018,Investigations
Thyroxine abnormal,Thyroxine abnormal,10043814,Investigations
Renal function test abnormal,Renal function test abnormal,10061480,Investigations
Ovarian cancer,Ovarian cancer,10033128,"Neoplasms benign, malignant and unspecified (incl cysts and polyps)"
Sacral pain,Sacral pain,10048710,Musculoskeletal and connective tissue disorders
Impaired work ability,Impaired work ability,10052302,Social circumstances
Endocarditis,Endocarditis,10014665,Infections and infestations
Complement factor C4 decreased,Complement factor C4 decreased,10050983,Investigations
Specific gravity urine normal,Specific gravity urine normal,10041440,Investigations
Culture tissue specimen positive,Culture tissue specimen positive,10011637,Investigations
Colonoscopy,Colonoscopy,10010007,Investigations
Immunoassay,Immunoassay,10091374,Investigations
HIV infection,HIV infection,10020161,Infections and infestations
Magnetic resonance imaging neck normal,Magnetic resonance imaging neck normal,10090466,Investigations
Oesophagram,Oesophagram,10053059,Investigations
Electroencephalogram,Electroencephalogram,10014407,Investigations
Chronic kidney disease-mineral and bone disorder,Chronic kidney disease-mineral and bone disorder,10078095,Musculoskeletal and connective tissue disorders
Loss of proprioception,Loss of proprioception,10057332,Nervous system disorders
Infection transmission via personal contact,Infection transmission via personal contact,10021869,Infections and infestations
Myasthenia gravis crisis,Myasthenia gravis crisis,10062758,Immune system disorders
Monocyte count decreased,Monocyte count decreased,10027878,Investigations
Oligoclonal band assay,Oligoclonal band assay,10091031,Investigations
Metastases to lung,Metastases to lung,10027458,"Respiratory, thoracic and mediastinal disorders"
Dizziness postural,Dizziness postural,10013578,Vascular disorders
Bronchitis chronic,Bronchitis chronic,10006458,"Respiratory, thoracic and mediastinal disorders"
Kawasaki's disease,Kawasaki's disease,10023320,Infections and infestations
Meningitis,Meningitis,10027199,Infections and infestations
Plasmapheresis,Plasmapheresis,10035486,Surgical and medical procedures
Influenza B virus test negative,Influenza B virus test negative,10090187,Investigations
Rosacea,Rosacea,10039218,Skin and subcutaneous tissue disorders
Pain in jaw,Pain in jaw,10033433,Musculoskeletal and connective tissue disorders
Upper limb fracture,Upper limb fracture,10061394,Musculoskeletal and connective tissue disorders
Developmental regression,Developmental regression,10076709,General disorders and administration site conditions
Tuberculin test,Tuberculin test,10044726,Investigations
Alanine aminotransferase,Alanine aminotransferase,10001546,Investigations
Gastrointestinal tube insertion,Gastrointestinal tube insertion,10053050,Surgical and medical procedures
Tongue geographic,Tongue geographic,10043957,Gastrointestinal disorders
Cerebrovascular accident,Cerebrovascular accident,10008190,Vascular disorders
Slit-lamp tests abnormal,Slit-lamp tests abnormal,10041033,Investigations
Procalcitonin normal,Procalcitonin normal,10077831,Investigations
Shoulder injury related to vaccine administration,Shoulder injury related to vaccine administration,10081038,"Injury, poisoning and procedural complications"
Urinary incontinence,Urinary incontinence,10046543,Renal and urinary disorders
Neuropsychological test,Neuropsychological test,10065432,Investigations
Pharyngeal paraesthesia,Pharyngeal paraesthesia,10076737,"Respiratory, thoracic and mediastinal disorders"
Blood oestrogen increased,Blood oestrogen increased,10005688,Investigations
Impaired healing,Impaired healing,10021519,General disorders and administration site conditions
Loss of consciousness,Loss of consciousness,10024855,Nervous system disorders
Hernia,Hernia,10019909,General disorders and administration site conditions
Decreased activity,Decreased activity,10011953,General disorders and administration site conditions
Orthopaedic procedure,Orthopaedic procedure,10072627,Surgical and medical procedures
Eye disorder,Eye disorder,10015916,Eye disorders
Orthopnoea,Orthopnoea,10031123,Cardiac disorders
Streptococcus test positive,Streptococcus test positive,10070055,Investigations
Tinnitus,Tinnitus,10043882,Ear and labyrinth disorders
Confusional state,Confusional state,10010305,Nervous system disorders
CSF neutrophil count increased,CSF neutrophil count increased,10053803,Investigations
Disseminated varicella,Disseminated varicella,10084395,Infections and infestations
Supraventricular tachycardia,Supraventricular tachycardia,10042604,Cardiac disorders
Appendicitis,Appendicitis,10003011,Infections and infestations
Electroencephalogram normal,Electroencephalogram normal,10014409,Investigations
Metastases to central nervous system,Metastases to central nervous system,10059282,Nervous system disorders
Perfusion brain scan normal,Perfusion brain scan normal,10079704,Investigations
Tenoplasty,Tenoplasty,10077558,Surgical and medical procedures
Neurodermatitis,Neurodermatitis,10029263,Skin and subcutaneous tissue disorders
Autoantibody negative,Autoantibody negative,10060974,Investigations
Anti-cyclic citrullinated peptide antibody negative,Anti-cyclic citrullinated peptide antibody negative,10068799,Investigations
Autism spectrum disorder,Autism spectrum disorder,10063844,Nervous system disorders
Anaphylactic reaction,Anaphylactic reaction,10002198,Vascular disorders
Stool analysis normal,Stool analysis normal,10059537,Investigations
Upper respiratory tract congestion,Upper respiratory tract congestion,10052252,"Respiratory, thoracic and mediastinal disorders"
Chemokine test,Chemokine test,10081665,Investigations
Olfactory groove meningioma,Olfactory groove meningioma,10090334,"Neoplasms benign, malignant and unspecified (incl cysts and polyps)"
Blood urea nitrogen/creatinine ratio increased,Blood urea nitrogen/creatinine ratio increased,10050760,Investigations
Multiple sclerosis relapse,Multiple sclerosis relapse,10048393,Nervous system disorders
Decreased appetite,Decreased appetite,10061428,General disorders and administration site conditions
Blood lactic acid,Blood lactic acid,10005632,Investigations
Cardiac function test,Cardiac function test,10058470,Investigations
Pulmonary embolism,Pulmonary embolism,10037377,"Respiratory, thoracic and mediastinal disorders"
Cardioversion,Cardioversion,10007661,Surgical and medical procedures
Vaccination site pruritus,Vaccination site pruritus,10068881,Skin and subcutaneous tissue disorders
Glycosylated haemoglobin normal,Glycosylated haemoglobin normal,10018485,Investigations
Splenomegaly,Splenomegaly,10041660,Blood and lymphatic system disorders
Sluggishness,Sluggishness,10041052,General disorders and administration site conditions
Blood potassium increased,Blood potassium increased,10005725,Investigations
Computerised tomogram abdomen,Computerised tomogram abdomen,10053876,Investigations
Erythema of eyelid,Erythema of eyelid,10015237,Eye disorders
Groin pain,Groin pain,10018735,Musculoskeletal and connective tissue disorders
Blood gases abnormal,Blood gases abnormal,10005539,Investigations
Appendicectomy,Appendicectomy,10003010,Surgical and medical procedures
Connective tissue disorder,Connective tissue disorder,10061087,Musculoskeletal and connective tissue disorders
Vaccine positive rechallenge,Vaccine positive rechallenge,10066903,"Injury, poisoning and procedural complications"
Platelet count normal,Platelet count normal,10035530,Investigations
Peripheral venous disease,Peripheral venous disease,10075049,Vascular disorders
Carbon dioxide,Carbon dioxide,10007220,Investigations
Eye swelling,Eye swelling,10015967,Eye disorders
Anti-nucleosome antibody,Anti-nucleosome antibody,10088095,Investigations
Intellectual disability,Intellectual disability,10067989,Nervous system disorders
Vaccination site urticaria,Vaccination site urticaria,10069622,"Injury, poisoning and procedural complications"
Pulse abnormal,Pulse abnormal,10037466,Investigations
Dialysis,Dialysis,10061105,Surgical and medical procedures
Injection site cellulitis,Injection site cellulitis,10050057,"Injury, poisoning and procedural complications"
Magnetic resonance imaging head normal,Magnetic resonance imaging head normal,10085257,Investigations
Medical induction of coma,Medical induction of coma,10070677,Surgical and medical procedures
Alopecia,Alopecia,10001760,Skin and subcutaneous tissue disorders
Oxygen saturation abnormal,Oxygen saturation abnormal,10033317,Investigations
Micturition urgency,Micturition urgency,10027566,Renal and urinary disorders
Encephalitis herpes,Encephalitis herpes,10014590,Infections and infestations
Glycosylated haemoglobin increased,Glycosylated haemoglobin increased,10018484,Investigations
Appendicitis perforated,Appendicitis perforated,10003012,Infections and infestations
Influenza B virus test positive,Influenza B virus test positive,10070208,Investigations
Caesarean section,Caesarean section,10006924,Surgical and medical procedures
Injection site abscess,Injection site abscess,10022044,Infections and infestations
CSF glucose normal,CSF glucose normal,10011538,Investigations
Electrocardiogram ST-T change,Electrocardiogram ST-T change,10061117,Investigations
Affective disorder,Affective disorder,10001443,Psychiatric disorders
Incisional drainage,Incisional drainage,10052532,Surgical and medical procedures
Coronary artery thrombosis,Coronary artery thrombosis,10011091,Vascular disorders
Euphoric mood,Euphoric mood,10015535,Psychiatric disorders
Angina unstable,Angina unstable,10002388,Cardiac disorders
Visual acuity tests abnormal,Visual acuity tests abnormal,10047534,Investigations
Vitamin D decreased,Vitamin D decreased,10062189,Investigations
Spinal X-ray abnormal,Spinal X-ray abnormal,10041605,Investigations
Von Willebrand's factor activity test,Von Willebrand's factor activity test,10068985,Investigations
Blood ketone body,Blood ketone body,10057593,Investigations
Spinal X-ray normal,Spinal X-ray normal,10041606,Investigations
Local reaction,Local reaction,10024769,General disorders and administration site conditions
Lymphadenopathy,Lymphadenopathy,10025197,Blood and lymphatic system disorders
Lacrimation increased,Lacrimation increased,10023644,Eye disorders
Cellulitis,Cellulitis,10007882,Skin and subcutaneous tissue disorders
Lumbar puncture,Lumbar puncture,10024999,Investigations
Blood cholesterol,Blood cholesterol,10005422,Investigations
Blood urea decreased,Blood urea decreased,10005850,Investigations
Gingival swelling,Gingival swelling,10018291,Gastrointestinal disorders
Shock,Shock,10040560,Vascular disorders
Burning sensation,Burning sensation,10006784,Nervous system disorders
Heart block congenital,Heart block congenital,10019263,Cardiac disorders
CD8 lymphocytes,CD8 lymphocytes,10007845,Investigations
Learning disorder,Learning disorder,10061265,Psychiatric disorders
Acoustic stimulation tests normal,Acoustic stimulation tests normal,10000527,Investigations
Pneumonia,Pneumonia,10035664,"Respiratory, thoracic and mediastinal disorders"
Axillary vein thrombosis,Axillary vein thrombosis,10003880,Vascular disorders
Hypoaesthesia oral,Hypoaesthesia oral,10057371,Gastrointestinal disorders
Bacterial test negative,Bacterial test negative,10065004,Investigations
Chronic fatigue syndrome,Chronic fatigue syndrome,10008874,General disorders and administration site conditions
Monocyte percentage,Monocyte percentage,10059473,Investigations
SARS-CoV-2 test positive,SARS-CoV-2 test positive,10084271,Investigations
Diabetic ketoacidosis,Diabetic ketoacidosis,10012671,Metabolism and nutrition disorders
Eye infection,Eye infection,10015929,Infections and infestations
Multisystem inflammatory syndrome,Multisystem inflammatory syndrome,10086091,Infections and infestations
Visual field tests,Visual field tests,10047566,Investigations
Pruritus,Pruritus,10037087,Skin and subcutaneous tissue disorders
Drug hypersensitivity,Drug hypersensitivity,10013700,Immune system disorders
Pulmonary oedema,Pulmonary oedema,10037423,"Respiratory, thoracic and mediastinal disorders"
Chapped lips,Chapped lips,10049047,Gastrointestinal disorders
Ventricular hypokinesia,Ventricular hypokinesia,10050510,Cardiac disorders
Parainfluenza virus test positive,,,Unmapped
Vitamin D deficiency,Vitamin D deficiency,10047626,Metabolism and nutrition disorders
Rubella antibody negative,Rubella antibody negative,10039257,Investigations
Skin abrasion,Skin abrasion,10064990,"Injury, poisoning and procedural complications"
Blood calcium increased,Blood calcium increased,10005396,Investigations
Lymphocyte count decreased,Lymphocyte count decreased,10025256,Investigations
Pre-eclampsia,Pre-eclampsia,10036485,"Pregnancy, puerperium and perinatal conditions"
Serum ferritin increased,Serum ferritin increased,10040250,Investigations
White blood cell count,White blood cell count,10047939,Investigations
Phantosmia,Phantosmia,10067906,Nervous system disorders
Impaired gastric emptying,Impaired gastric emptying,10021518,Gastrointestinal disorders
Hyponatraemia,Hyponatraemia,10021036,Metabolism and nutrition disorders
Swelling of nose,Swelling of nose,10091469,"Respiratory, thoracic and mediastinal disorders"
Swollen tongue,Swollen tongue,10042727,Immune system disorders
Liquid product physical issue,Liquid product physical issue,10069224,Product issues
Muscle twitching,Muscle twitching,10028347,Musculoskeletal and connective tissue disorders
CSF protein normal,CSF protein normal,10011576,Investigations
Periorbital swelling,Periorbital swelling,10056647,Immune system disorders
Magnetic resonance imaging normal,Magnetic resonance imaging normal,10078225,Investigations
Microvascular coronary artery disease,Microvascular coronary artery disease,10072685,Cardiac disorders
Monkeypox,Monkeypox,10069538,Infections and infestations
Circumstance or information capable of leading to medication error,Circumstance or information capable of leading to medication error,10064385,"Injury, poisoning and procedural complications"
Bone pain,Bone pain,10006002,Musculoskeletal and connective tissue disorders
Biopsy bone marrow abnormal,Biopsy bone marrow abnormal,10004738,Investigations
Foetal exposure during pregnancy,Foetal exposure during pregnancy,10071404,"Injury, poisoning and procedural complications"
Light chain analysis normal,Light chain analysis normal,10060866,Investigations
Interspinous osteoarthritis,Interspinous osteoarthritis,10078014,Musculoskeletal and connective tissue disorders
Muscle spasms,Muscle spasms,10028334,Musculoskeletal and connective tissue disorders
Multiple drug hypersensitivity,Multiple drug hypersensitivity,10089091,Skin and subcutaneous tissue disorders
Blood sodium decreased,Blood sodium decreased,10005802,Investigations
Ocular hyperaemia,Ocular hyperaemia,10030041,Eye disorders
Eye pruritus,Eye pruritus,10052140,Eye disorders
Colitis ulcerative,Colitis ulcerative,10009900,Immune system disorders
Procalcitonin,Procalcitonin,10064051,Investigations
Blood testosterone normal,Blood testosterone normal,10005816,Investigations
Vertigo,Vertigo,10047340,Nervous system disorders
Polymerase chain reaction,Polymerase chain reaction,10050967,Investigations
Atrophy of globe,Atrophy of globe,10065684,Eye disorders
Non-Hodgkin's lymphoma,Non-Hodgkin's lymphoma,10029547,"Neoplasms benign, malignant and unspecified (incl cysts and polyps)"
Echocardiogram,Echocardiogram,10014113,Investigations
Dysphagia,Dysphagia,10013950,Gastrointestinal disorders
Smoke sensitivity,Smoke sensitivity,10069201,Immune system disorders
Pain assessment,Pain assessment,10050533,Investigations
Lymphadenectomy,Lymphadenectomy,10048956,Surgical and medical procedures
Bed sharing,Bed sharing,10069595,Social circumstances
Facet joint syndrome,Facet joint syndrome,10054813,Nervous system disorders
Skin odour abnormal,Skin odour abnormal,10040904,Skin and subcutaneous tissue disorders
Metastases to bone,Metastases to bone,10027452,Musculoskeletal and connective tissue disorders
Thirst,Thirst,10043458,General disorders and administration site conditions
Musculoskeletal pain,Musculoskeletal pain,10028391,Musculoskeletal and connective tissue disorders
Cataplexy,Cataplexy,10007737,Musculoskeletal and connective tissue disorders
Chest discomfort,Chest discomfort,10008469,Cardiac disorders
Echocardiogram abnormal,Echocardiogram abnormal,10061593,Investigations
Anger,Anger,10002368,Psychiatric disorders
Implantable defibrillator insertion,Implantable defibrillator insertion,10049442,Surgical and medical procedures
Fasciitis,Fasciitis,10016228,Musculoskeletal and connective tissue disorders
Cardiac discomfort,Cardiac discomfort,10054211,Cardiac disorders
Eosinophilia,Eosinophilia,10014950,Blood and lymphatic system disorders
Influenza like illness,Influenza like illness,10022004,General disorders and administration site conditions
Behaviour disorder,Behaviour disorder,10004207,Psychiatric disorders
CSF lymphocyte count abnormal,CSF lymphocyte count abnormal,10011548,Investigations
Biopsy vagina abnormal,Biopsy vagina abnormal,10004901,Investigations
Computerised tomogram abnormal,Computerised tomogram abnormal,10010235,Investigations
Vaccination site erythema,Vaccination site erythema,10059079,Skin and subcutaneous tissue disorders
Respiratory distress,Respiratory distress,10038687,"Respiratory, thoracic and mediastinal disorders"
Lipoma,Lipoma,10024612,"Neoplasms benign, malignant and unspecified (incl cysts and polyps)"
Dacryostenosis acquired,Dacryostenosis acquired,10053990,Eye disorders
Deafness unilateral,Deafness unilateral,10048812,Ear and labyrinth disorders
Joint dislocation,Joint dislocation,10023204,Musculoskeletal and connective tissue disorders
Respiratory gas exchange disorder,Respiratory gas exchange disorder,10062105,"Respiratory, thoracic and mediastinal disorders"
Periarthritis,Periarthritis,10034464,Musculoskeletal and connective tissue disorders
Vocal cord disorder,Vocal cord disorder,10061581,"Respiratory, thoracic and mediastinal disorders"
Vaccination site induration,Vaccination site induration,10065117,"Injury, poisoning and procedural complications"
Ear infection,Ear infection,10014011,Ear and labyrinth disorders
Blood immunoglobulin A,Blood immunoglobulin A,10005583,Investigations
Antibody test negative,Antibody test negative,10061426,Investigations
Injection site atrophy,Injection site atrophy,10022048,"Injury, poisoning and procedural complications"
Anti-thyroid antibody,Anti-thyroid antibody,10060325,Investigations
Lumbar spinal stenosis,Lumbar spinal stenosis,10025005,Nervous system disorders
Allergic fungal rhinosinusitis,Allergic fungal rhinosinusitis,10084709,"Respiratory, thoracic and mediastinal disorders"
Small fibre neuropathy,Small fibre neuropathy,10073928,Nervous system disorders
Mumps antibody test negative,Mumps antibody test negative,10059645,Investigations
Vascular device infection,Vascular device infection,10080714,Infections and infestations
Musculoskeletal chest pain,Musculoskeletal chest pain,10050819,Musculoskeletal and connective tissue disorders
Off label use,Off label use,10053762,"Injury, poisoning and procedural complications"
Wrong technique in product usage process,Wrong technique in product usage process,10076573,"Injury, poisoning and procedural complications"
Syringe issue,Syringe issue,10069218,Product issues
Eye laser surgery,Eye laser surgery,10057105,Surgical and medical procedures
Dyspnoea,Dyspnoea,10013968,Cardiac disorders
Laparoscopic surgery,Laparoscopic surgery,10058468,Surgical and medical procedures
Herpes zoster,Herpes zoster,10019974,Nervous system disorders
Generalised anxiety disorder,Generalised anxiety disorder,10018075,Psychiatric disorders
Swelling of eyelid,Swelling of eyelid,10042690,Immune system disorders
Gastrointestinal infection,Gastrointestinal infection,10017964,Infections and infestations
Computerised tomogram heart,Computerised tomogram heart,10088901,Investigations
Biopsy breast,Biopsy breast,10004744,Investigations
Hypoglycaemia,Hypoglycaemia,10020993,Metabolism and nutrition disorders
Electronystagmogram,Electronystagmogram,10014449,Investigations
Psychiatric symptom,Psychiatric symptom,10061472,Psychiatric disorders
Eating disorder,Eating disorder,10014062,Psychiatric disorders
Action tremor,Action tremor,10072413,Nervous system disorders
Anti-ganglioside antibody positive,Anti-ganglioside antibody positive,10072516,Investigations
Coagulation factor VIII level,Coagulation factor VIII level,10009766,Investigations
Hypotension,Hypotension,10021097,Vascular disorders
Rash vesicular,Rash vesicular,10037898,Skin and subcutaneous tissue disorders
Acute psychosis,Acute psychosis,10001022,Psychiatric disorders
Thunderclap headache,Thunderclap headache,10075481,Nervous system disorders
Body mass index,Body mass index,10005894,Investigations
Blood creatine phosphokinase increased,Blood creatine phosphokinase increased,10005470,Investigations
Lymphadenopathy mediastinal,Lymphadenopathy mediastinal,10025205,Blood and lymphatic system disorders
Cholangitis,Cholangitis,10008604,Hepatobiliary disorders
Tendon injury,Tendon injury,10043242,Musculoskeletal and connective tissue disorders
Consciousness fluctuating,Consciousness fluctuating,10050093,Nervous system disorders
Thyroid mass,Thyroid mass,10058900,Endocrine disorders
Blood pressure immeasurable,Blood pressure immeasurable,10005748,Investigations
Halo vision,Halo vision,10019099,Eye disorders
Neurological examination,Neurological examination,10050318,Investigations
Acoustic stimulation tests abnormal,Acoustic stimulation tests abnormal,10000526,Investigations
Neuropathy peripheral,Neuropathy peripheral,10029331,Nervous system disorders
Mean platelet volume increased,Mean platelet volume increased,10055052,Investigations
Angiogram cerebral,Angiogram cerebral,10052905,Investigations
Fear,Fear,10016275,Psychiatric disorders
Injection site papule,Injection site papule,10066044,Skin and subcutaneous tissue disorders
Facial pain,Facial pain,10016059,General disorders and administration site conditions
Device leakage,Device leakage,10012587,Product issues
Foetal distress syndrome,Foetal distress syndrome,10016855,"Pregnancy, puerperium and perinatal conditions"
Ear tube insertion,Ear tube insertion,10057900,Surgical and medical procedures
Aphasia,Aphasia,10002948,Nervous system disorders
Acute coronary syndrome,Acute coronary syndrome,10051592,Cardiac disorders
Basophil count,Basophil count,10049695,Investigations
Diplopia,Diplopia,10013036,Eye disorders
Ageusia,Ageusia,10001480,Gastrointestinal disorders
Injection site dryness,Injection site dryness,10067252,Skin and subcutaneous tissue disorders
Granulocyte count,Granulocyte count,10018678,Investigations
Educational problem,Educational problem,10014270,Social circumstances
Device breakage,Device breakage,10012575,Product issues
Complex regional pain syndrome,Complex regional pain syndrome,10064332,Nervous system disorders
Atrial flutter,Atrial flutter,10003662,Cardiac disorders
Purtscher retinopathy,Purtscher retinopathy,10075189,Vascular disorders
Injection site hypoaesthesia,Injection site hypoaesthesia,10074586,Nervous system disorders
Product container issue,Product container issue,10069293,Product issues
Intussusception,Intussusception,10022863,Gastrointestinal disorders
Hepatic enzyme,Hepatic enzyme,10060793,Investigations
Prothrombin time,Prothrombin time,10037056,Investigations
Nasal polyps,Nasal polyps,10028756,"Respiratory, thoracic and mediastinal disorders"
Diarrhoea,Diarrhoea,10012735,Gastrointestinal disorders
Foot deformity,Foot deformity,10061159,Musculoskeletal and connective tissue disorders
Large intestine polyp,Large intestine polyp,10051589,"Neoplasms benign, malignant and unspecified (incl cysts and polyps)"
Chest X-ray,Chest X-ray,10008498,Investigations
Meralgia paraesthetica,Meralgia paraesthetica,10027385,Nervous system disorders
Oral herpes zoster,Oral herpes zoster,10086594,Infections and infestations
SARS-CoV-2 antibody test,SARS-CoV-2 antibody test,10084501,Investigations
Tilt table test,Tilt table test,10052700,Investigations
Device use issue,Device use issue,10077812,"Injury, poisoning and procedural complications"
Lymphocyte percentage,Lymphocyte percentage,10059905,Investigations
Interchange of vaccine products,Interchange of vaccine products,10070574,Surgical and medical procedures
Biopsy liver,Biopsy liver,10004791,Investigations
Nuchal rigidity,Nuchal rigidity,10058483,Nervous system disorders
Coccidioidomycosis,Coccidioidomycosis,10009825,"Respiratory, thoracic and mediastinal disorders"
Blood lactate dehydrogenase,Blood lactate dehydrogenase,10005626,Investigations
Blister,Blister,10005191,"Injury, poisoning and procedural complications"
Blood calcium,Blood calcium,10005392,Investigations
Chromaturia,Chromaturia,10008796,Renal and urinary disorders
Photopsia,Photopsia,10034962,Eye disorders
Sudden hearing loss,Sudden hearing loss,10061373,Ear and labyrinth disorders
Mechanical ventilation,Mechanical ventilation,10067221,Surgical and medical procedures
Increased appetite,Increased appetite,10021654,General disorders and administration site conditions
Blood thyroid stimulating hormone decreased,Blood thyroid stimulating hormone decreased,10005832,Investigations
Herpes zoster oticus,Herpes zoster oticus,10063491,Nervous system disorders
Culture negative,Culture negative,10061448,Investigations
HIV test,HIV test,10020185,Investigations
Transient aphasia,Transient aphasia,10080106,Psychiatric disorders
Blood test normal,Blood test normal,10050540,Investigations
Anhidrosis,Anhidrosis,10002512,Skin and subcutaneous tissue disorders
Pneumothorax,Pneumothorax,10035759,"Respiratory, thoracic and mediastinal disorders"
Brain compression,Brain compression,10006112,Nervous system disorders
Bone marrow oedema,Bone marrow oedema,10051763,Blood and lymphatic system disorders
Device defective,Device defective,10074425,Product issues
Axillary pain,Axillary pain,10048750,General disorders and administration site conditions
Pneumonitis,Pneumonitis,10035742,"Respiratory, thoracic and mediastinal disorders"
Orthostatic hypotension,Orthostatic hypotension,10031127,Nervous system disorders
Pericardial drainage,Pericardial drainage,10034471,Surgical and medical procedures
Lumbar puncture abnormal,Lumbar puncture abnormal,10025000,Investigations
Cerebral haemorrhage,Cerebral haemorrhage,10008111,Vascular disorders
Respiration abnormal,Respiration abnormal,10038647,"Respiratory, thoracic and mediastinal disorders"
Injection site irritation,Injection site irritation,10022079,"Injury, poisoning and procedural complications"
Bronchitis,Bronchitis,10006451,"Respiratory, thoracic and mediastinal disorders"
Parkinson's disease,Parkinson's disease,10061536,Nervous system disorders
Radial nerve injury,Radial nerve injury,10037749,Nervous system disorders
Renal failure,Renal failure,10038435,Renal and urinary disorders
Reflex test abnormal,Reflex test abnormal,10068273,Investigations
Ultrasound testes,Ultrasound testes,10058847,Investigations
Wrong patient received product,Wrong patient received product,10081577,"Injury, poisoning and procedural complications"
Parkinsonism,Parkinsonism,10034010,Nervous system disorders
Formication,Formication,10017062,Nervous system disorders
Maternal exposure timing unspecified,Maternal exposure timing unspecified,10071415,"Injury, poisoning and procedural complications"
Pulmonary function test,Pulmonary function test,10059914,Investigations
Hepatic cirrhosis,Hepatic cirrhosis,10019641,Hepatobiliary disorders
Acute respiratory failure,Acute respiratory failure,10001053,"Respiratory, thoracic and mediastinal disorders"
Menstrual disorder,Menstrual disorder,10027327,Reproductive system and breast disorders
Blood glucose fluctuation,Blood glucose fluctuation,10049803,Investigations
Cardio-respiratory arrest,Cardio-respiratory arrest,10007617,"Respiratory, thoracic and mediastinal disorders"
Injection site discharge,Injection site discharge,10065600,"Injury, poisoning and procedural complications"
Urinary occult blood,Urinary occult blood,10084960,Investigations
Injection site pruritus,Injection site pruritus,10022093,Skin and subcutaneous tissue disorders
Faciobrachial dystonic seizure,Faciobrachial dystonic seizure,10084187,Nervous system disorders
Protein total,Protein total,10050537,Investigations
Vagus nerve disorder,Vagus nerve disorder,10061403,Nervous system disorders
CD4/CD8 ratio decreased,CD4/CD8 ratio decreased,10007843,Investigations
Mumps,Mumps,10028257,Infections and infestations
Aplasia pure red cell,Aplasia pure red cell,10002965,Immune system disorders
Lyme disease,Lyme disease,10025169,Infections and infestations
Spinal meningeal cyst,Spinal meningeal cyst,10067375,"Neoplasms benign, malignant and unspecified (incl cysts and polyps)"
Injection site discomfort,Injection site discomfort,10054266,"Injury, poisoning and procedural complications"
Cystoscopy,Cystoscopy,10011814,Investigations
Blood potassium,Blood potassium,10005721,Investigations
Impaired quality of life,Impaired quality of life,10076936,Social circumstances
Autoimmune thyroiditis,Autoimmune thyroiditis,10049046,Endocrine disorders
Leukaemia,Leukaemia,10024288,"Neoplasms benign, malignant and unspecified (incl cysts and polyps)"
Pancreatic failure,Pancreatic failure,10079281,Gastrointestinal disorders
Blood alkaline phosphatase,Blood alkaline phosphatase,10005298,Investigations
In vitro fertilisation,In vitro fertilisation,10056204,Surgical and medical procedures
CSF oligoclonal band present,CSF oligoclonal band present,10011562,Investigations
Carbohydrate antigen 15-3,Carbohydrate antigen 15-3,10049249,Investigations
Red blood cell sedimentation rate increased,Red blood cell sedimentation rate increased,10049187,Investigations
Anti-thyroid antibody positive,Anti-thyroid antibody positive,10060310,Investigations
Dysphemia,Dysphemia,10054964,Nervous system disorders
Stem cell transplant,Stem cell transplant,10063581,Surgical and medical procedures
Increased upper airway secretion,Increased upper airway secretion,10062717,"Respiratory, thoracic and mediastinal disorders"
Vertebral foraminal stenosis,Vertebral foraminal stenosis,10069690,Nervous system disorders
Epstein-Barr virus test,Epstein-Barr virus test,10050681,Investigations
Tendon pain,Tendon pain,10066371,Musculoskeletal and connective tissue disorders
Dilatation atrial,Dilatation atrial,10013002,Cardiac disorders
Back pain,Back pain,10003988,Musculoskeletal and connective tissue disorders
Neurogenic bladder,Neurogenic bladder,10029279,Nervous system disorders
Mobility decreased,Mobility decreased,10048334,General disorders and administration site conditions
Product distribution issue,Product distribution issue,10071148,Product issues
Angiogram cerebral normal,Angiogram cerebral normal,10052907,Investigations
Body temperature increased,Body temperature increased,10005911,Investigations
Lung diffusion test,Lung diffusion test,10083226,Investigations
Body fat disorder,Body fat disorder,10055164,Metabolism and nutrition disorders
Incontinence,Incontinence,10021639,Gastrointestinal disorders
Ventricular tachycardia,Ventricular tachycardia,10047302,Cardiac disorders
Epstein-Barr virus antibody positive,Epstein-Barr virus antibody positive,10052324,Investigations
Hypokalaemia,Hypokalaemia,10021015,Metabolism and nutrition disorders
Dry skin,Dry skin,10013786,Skin and subcutaneous tissue disorders
Tension headache,Tension headache,10043269,Psychiatric disorders
CSF monocyte count increased,CSF monocyte count increased,10053798,Investigations
Lymph node pain,Lymph node pain,10025182,Blood and lymphatic system disorders
Bell's palsy,Bell's palsy,10004223,Nervous system disorders
Blood creatine phosphokinase,Blood creatine phosphokinase,10005467,Investigations
Blood immunoglobulin M decreased,Blood immunoglobulin M decreased,10005600,Investigations
Disease recurrence,Disease recurrence,10061819,General disorders and administration site conditions
Listless,Listless,10024642,Psychiatric disorders
Endoscopy normal,Endoscopy normal,10061840,Investigations
Menstruation delayed,Menstruation delayed,10027336,Endocrine disorders
Nerve conduction studies,Nerve conduction studies,10053318,Investigations
Blood homocysteine,Blood homocysteine,10062994,Investigations
Depression,Depression,10012378,Psychiatric disorders
Drug screen positive,Drug screen positive,10049177,Investigations
Disorientation,Disorientation,10013395,Nervous system disorders
Hunger,Hunger,10020466,General disorders and administration site conditions
Mammogram normal,Mammogram normal,10026737,Investigations
Rhinovirus infection,Rhinovirus infection,10061494,Infections and infestations
Constipation,Constipation,10010774,Gastrointestinal disorders
X-ray abnormal,X-ray abnormal,10048065,Investigations
Body height decreased,Body height decreased,10056812,Investigations
Coronary artery occlusion,Coronary artery occlusion,10011086,Vascular disorders
Coronary angioplasty,Coronary angioplasty,10050329,Surgical and medical procedures
Soft tissue swelling,Soft tissue swelling,10076991,Musculoskeletal and connective tissue disorders
Biopsy bone marrow,Biopsy bone marrow,10004737,Investigations
Male genital tract ultrasound,Male genital tract ultrasound,10090904,Investigations
Injection site pain,Injection site pain,10022086,"Injury, poisoning and procedural complications"
Cardiac flutter,Cardiac flutter,10052840,Cardiac disorders
Neutrophil count increased,Neutrophil count increased,10029368,Investigations
Serology negative,Serology negative,10050410,Investigations
Granuloma annulare,Granuloma annulare,10018692,Skin and subcutaneous tissue disorders
Respiratory syncytial virus test negative,Respiratory syncytial virus test negative,10068564,Investigations
Injection site necrosis,Injection site necrosis,10022082,"Injury, poisoning and procedural complications"
Retching,Retching,10038776,Gastrointestinal disorders
Ear discomfort,Ear discomfort,10052137,Ear and labyrinth disorders
Lipids abnormal,Lipids abnormal,10024588,Investigations
Blood immunoglobulin G,Blood immunoglobulin G,10005593,Investigations
Intensive care,Intensive care,10022519,Surgical and medical procedures
Glycosylated haemoglobin decreased,Glycosylated haemoglobin decreased,10018482,Investigations
Crepitations,Crepitations,10011376,General disorders and administration site conditions
Asthma,Asthma,10003553,"Respiratory, thoracic and mediastinal disorders"
Endotracheal intubation,Endotracheal intubation,10067450,Surgical and medical procedures
Blood pressure fluctuation,Blood pressure fluctuation,10005746,Vascular disorders
Lymphatic disorder,Lymphatic disorder,10052314,Blood and lymphatic system disorders
Flat affect,Flat affect,10016759,Psychiatric disorders
Lung neoplasm malignant,Lung neoplasm malignant,10058467,"Neoplasms benign, malignant and unspecified (incl cysts and polyps)"
Skin neoplasm excision,Skin neoplasm excision,10059443,Surgical and medical procedures
T-lymphocyte count decreased,T-lymphocyte count decreased,10051318,Investigations
Basophil count decreased,Basophil count decreased,10004167,Investigations
Metabolic encephalopathy,Metabolic encephalopathy,10062190,Nervous system disorders
COVID-19,COVID-19,10084268,Infections and infestations
Pain in extremity,Pain in extremity,10033425,Musculoskeletal and connective tissue disorders
Intercepted product administration error,Intercepted product administration error,10081573,"Injury, poisoning and procedural complications"
Toxicity to various agents,Toxicity to various agents,10070863,"Injury, poisoning and procedural complications"
CSF myelin basic protein,CSF myelin basic protein,10059773,Investigations
Interferon gamma level,Interferon gamma level,10060023,Investigations
Cardiac stress test,Cardiac stress test,10061027,Investigations
Cardiac output decreased,Cardiac output decreased,10007595,Investigations
Pancreatitis,Pancreatitis,10033645,Gastrointestinal disorders
Areflexia,Areflexia,10003084,Nervous system disorders
Swelling face,Swelling face,10042682,Immune system disorders
Ocular discomfort,Ocular discomfort,10052143,Eye disorders
Joint injury,Joint injury,10060820,Musculoskeletal and connective tissue disorders
Eosinophil percentage,Eosinophil percentage,10059464,Investigations
Blood urea,Blood urea,10005845,Investigations
Osteonecrosis,Osteonecrosis,10031264,Musculoskeletal and connective tissue disorders
Tonsillar erythema,Tonsillar erythema,10078256,"Respiratory, thoracic and mediastinal disorders"
Vein discolouration,Vein discolouration,10047183,Vascular disorders
Exaggerated startle response,Exaggerated startle response,10066482,Psychiatric disorders
Vitiligo,Vitiligo,10047642,Skin and subcutaneous tissue disorders
Cystitis,Cystitis,10011781,Infections and infestations
Stent placement,Stent placement,10048561,Surgical and medical procedures
Cerebral thrombosis,Cerebral thrombosis,10008132,Vascular disorders
Product packaging confusion,Product packaging confusion,10074776,"Injury, poisoning and procedural complications"
Ehlers-Danlos syndrome,Ehlers-Danlos syndrome,10014316,Musculoskeletal and connective tissue disorders
Wrong product administered,Wrong product administered,10081579,"Injury, poisoning and procedural complications"
Walking aid user,Walking aid user,10050778,Social circumstances
Pulmonary fibrosis,Pulmonary fibrosis,10037383,"Respiratory, thoracic and mediastinal disorders"
Systemic inflammatory response syndrome,Systemic inflammatory response syndrome,10051379,Vascular disorders
SARS-CoV-2 test,SARS-CoV-2 test,10084354,Investigations
Urticaria,Urticaria,10046735,Skin and subcutaneous tissue disorders
Central nervous system lesion,Central nervous system lesion,10051290,Nervous system disorders
Blood phosphorus normal,Blood phosphorus normal,10054887,Investigations
Thyroiditis subacute,Thyroiditis subacute,10043784,Endocrine disorders
Cyst drainage,Cyst drainage,10011737,Surgical and medical procedures
Urine analysis,Urine analysis,10046614,Investigations
Mass,Mass,10026865,General disorders and administration site conditions
Strabismus,Strabismus,10042159,Eye disorders
Thyroid function test,Thyroid function test,10043729,Investigations
Mitral valve prolapse,Mitral valve prolapse,10027730,Cardiac disorders
Alanine aminotransferase increased,Alanine aminotransferase increased,10001551,Investigations
Nail growth abnormal,Nail growth abnormal,10064764,Skin and subcutaneous tissue disorders
Visual field defect,Visual field defect,10047555,Eye disorders
Haemoglobin decreased,Haemoglobin decreased,10018884,Investigations
Antibody test abnormal,Antibody test abnormal,10061425,Investigations
Back injury,Back injury,10003986,"Injury, poisoning and procedural complications"
Product origin unknown,Product origin unknown,10071242,Product issues
Sensory loss,Sensory loss,10040030,Nervous system disorders
Influenza virus test negative,Influenza virus test negative,10070718,Investigations
Idiopathic environmental intolerance,Idiopathic environmental intolerance,10086717,Immune system disorders
Laboratory test normal,Laboratory test normal,10054052,Investigations
Paranasal sinus discomfort,Paranasal sinus discomfort,10052438,"Respiratory, thoracic and mediastinal disorders"
Myelodysplastic syndrome,Myelodysplastic syndrome,10028533,"Neoplasms benign, malignant and unspecified (incl cysts and polyps)"
Language disorder,Language disorder,10074869,Nervous system disorders
Nodule,Nodule,10054107,General disorders and administration site conditions
Physical deconditioning,Physical deconditioning,10051588,General disorders and administration site conditions
Natural killer cell count decreased,Natural killer cell count decreased,10068497,Investigations
Feeding intolerance,Feeding intolerance,10076042,"Pregnancy, puerperium and perinatal conditions"
Blood creatinine decreased,Blood creatinine decreased,10005482,Investigations
Mean cell haemoglobin,Mean cell haemoglobin,10026989,Investigations
Magnetic resonance imaging thoracic normal,Magnetic resonance imaging thoracic normal,10083141,Investigations
Astigmatism,Astigmatism,10003569,Eye disorders
Stress cardiomyopathy,Stress cardiomyopathy,10066286,Cardiac disorders
Sepsis,Sepsis,10040047,Infections and infestations
Moaning,Moaning,10027783,Psychiatric disorders
Ligament pain,Ligament pain,10068790,Musculoskeletal and connective tissue disorders
Mouth swelling,Mouth swelling,10075203,Immune system disorders
Muscle injury,Muscle injury,10028314,Musculoskeletal and connective tissue disorders
Panic attack,Panic attack,10033664,Psychiatric disorders
Cholangiogram abnormal,Cholangiogram abnormal,10008599,Investigations
Brain operation,Brain operation,10061732,Surgical and medical procedures
Allergy to plants,Allergy to plants,10054928,Immune system disorders
Cardiac monitoring,Cardiac monitoring,10053438,Investigations
Injection site vesicles,Injection site vesicles,10022111,Skin and subcutaneous tissue disorders
Central sleep apnoea syndrome,Central sleep apnoea syndrome,10007975,"Respiratory, thoracic and mediastinal disorders"
Cardiac failure,Cardiac failure,10007554,Cardiac disorders
Aura,Aura,10003791,Nervous system disorders
Genital rash,Genital rash,10018175,Reproductive system and breast disorders
Blood thyroid stimulating hormone normal,Blood thyroid stimulating hormone normal,10005834,Investigations
Cartilage atrophy,Cartilage atrophy,10067632,Musculoskeletal and connective tissue disorders
Anti-thyroid antibody negative,Anti-thyroid antibody negative,10060311,Investigations
Serum ferritin decreased,Serum ferritin decreased,10040249,Investigations
Hepatic haematoma,Hepatic haematoma,10019676,Hepatobiliary disorders
Transaminases increased,Transaminases increased,10054889,Investigations
Visual impairment,Visual impairment,10047571,Eye disorders
Capsule endoscopy,Capsule endoscopy,10071360,Investigations
B-cell lymphoma,B-cell lymphoma,10003899,"Neoplasms benign, malignant and unspecified (incl cysts and polyps)"
Eyelid skin dryness,Eyelid skin dryness,10071717,Skin and subcutaneous tissue disorders
Neonatal dyspnoea,Neonatal dyspnoea,10084238,"Pregnancy, puerperium and perinatal conditions"
Monoplegia,Monoplegia,10027926,Nervous system disorders
Needle issue,Needle issue,10069217,Product issues
Generalised oedema,Generalised oedema,10018092,General disorders and administration site conditions
Radiculitis brachial,Radiculitis brachial,10037778,Nervous system disorders
Blood creatinine,Blood creatinine,10005480,Investigations
Urinary system X-ray,Urinary system X-ray,10046558,Investigations
Von Willebrand's disease,Von Willebrand's disease,10047715,Blood and lymphatic system disorders
Gene mutation identification test positive,Gene mutation identification test positive,10063478,Investigations
Leukocytosis,Leukocytosis,10024378,Blood and lymphatic system disorders
Urine analysis normal,Urine analysis normal,10061578,Investigations
Tachypnoea,Tachypnoea,10043089,"Respiratory, thoracic and mediastinal disorders"
Blood thyroid stimulating hormone increased,Blood thyroid stimulating hormone increased,10005833,Investigations
Injection site swelling,Injection site swelling,10053425,"Injury, poisoning and procedural complications"
Tongue pruritus,Tongue pruritus,10070072,Gastrointestinal disorders
Spasmodic dysphonia,Spasmodic dysphonia,10067672,"Respiratory, thoracic and mediastinal disorders"
Sinus disorder,Sinus disorder,10062244,"Respiratory, thoracic and mediastinal disorders"
Intraocular pressure increased,Intraocular pressure increased,10022806,Investigations
Eczema asteatotic,Eczema asteatotic,10014190,Skin and subcutaneous tissue disorders
Myoglobin blood decreased,Myoglobin blood decreased,10059940,Investigations
Injection site mass,Injection site mass,10022081,"Injury, poisoning and procedural complications"
Coeliac disease,Coeliac disease,10009839,Immune system disorders
Heart valve stenosis,Heart valve stenosis,10061996,Cardiac disorders
Mean platelet volume normal,Mean platelet volume normal,10055070,Investigations
Cardiac pacemaker insertion,Cardiac pacemaker insertion,10007598,Surgical and medical procedures
Vertigo positional,Vertigo positional,10047348,Nervous system disorders
Foetal death,Foetal death,10055690,General disorders and administration site conditions
Urinary tract discomfort,Urinary tract discomfort,10076568,Renal and urinary disorders
Delusion,Delusion,10012239,Psychiatric disorders
Blood urine present,Blood urine present,10018870,Investigations
Product use in unapproved indication,Product use in unapproved indication,10076476,"Injury, poisoning and procedural complications"
Intercepted product prescribing error,Intercepted product prescribing error,10081743,"Injury, poisoning and procedural complications"
Injection site paraesthesia,Injection site paraesthesia,10022088,Nervous system disorders
Brain natriuretic peptide normal,Brain natriuretic peptide normal,10053409,Investigations
Eyelid discolouration,Eyelid discolouration,10091462,Skin and subcutaneous tissue disorders
Speech disorder,Speech disorder,10041466,Psychiatric disorders
Autonomic nervous system imbalance,Autonomic nervous system imbalance,10003840,Vascular disorders
Skin exfoliation,Skin exfoliation,10040844,Skin and subcutaneous tissue disorders
Pancytopenia,Pancytopenia,10033661,Blood and lymphatic system disorders
Spinal fracture,Spinal fracture,10041569,Musculoskeletal and connective tissue disorders
Occupational exposure to product,Occupational exposure to product,10073311,"Injury, poisoning and procedural complications"
Infant irritability,Infant irritability,10082189,Nervous system disorders
Product contamination,Product contamination,10069173,Product issues
Septic shock,Septic shock,10040070,Infections and infestations
C-reactive protein increased,C-reactive protein increased,10006825,Investigations
Aortic dilatation,Aortic dilatation,10057453,Vascular disorders
Gamma-glutamyltransferase normal,Gamma-glutamyltransferase normal,10017694,Investigations
Nitrite urine absent,Nitrite urine absent,10060799,Investigations
Inflammation,Inflammation,10061218,Immune system disorders
Arthralgia,Arthralgia,10003239,Musculoskeletal and connective tissue disorders
Hepatic cancer metastatic,Hepatic cancer metastatic,10055110,"Neoplasms benign, malignant and unspecified (incl cysts and polyps)"
Skin test,Skin test,10040929,Investigations
Hypergammaglobulinaemia,Hypergammaglobulinaemia,10020630,Immune system disorders
Blood magnesium normal,Blood magnesium normal,10005656,Investigations
Decubitus ulcer,Decubitus ulcer,10011985,Skin and subcutaneous tissue disorders
Semen analysis,Semen analysis,10068482,Investigations
Lymphocytic infiltration,Lymphocytic infiltration,10062049,Blood and lymphatic system disorders
Factor VIII activity test,Factor VIII activity test,10086559,Investigations
Staphylococcal bacteraemia,Staphylococcal bacteraemia,10051017,Infections and infestations
Hyperacusis,Hyperacusis,10020559,Ear and labyrinth disorders
Injection site discolouration,Injection site discolouration,10051572,Skin and subcutaneous tissue disorders
Abdominal discomfort,Abdominal discomfort,10000059,Gastrointestinal disorders
Sudden infant death syndrome,Sudden infant death syndrome,10042440,General disorders and administration site conditions
Echocardiogram normal,Echocardiogram normal,10014115,Investigations
Blood immunoglobulin A normal,Blood immunoglobulin A normal,10005587,Investigations
Sinus rhythm,Sinus rhythm,10048815,Investigations
Limb discomfort,Limb discomfort,10061224,Musculoskeletal and connective tissue disorders
Victim of crime,Victim of crime,10061409,Social circumstances
Eyelid function disorder,Eyelid function disorder,10061145,Eye disorders
Radiculopathy,Radiculopathy,10037779,Nervous system disorders
Uterine dilation and curettage,Uterine dilation and curettage,10057304,Surgical and medical procedures
Arthritis,Arthritis,10003246,Musculoskeletal and connective tissue disorders
Brain fog,Brain fog,10088940,Psychiatric disorders
Swelling,Swelling,10042674,General disorders and administration site conditions
International normalised ratio normal,International normalised ratio normal,10022596,Investigations
CSF test normal,CSF test normal,10059702,Investigations
Uterine contractions during pregnancy,Uterine contractions during pregnancy,10049975,"Pregnancy, puerperium and perinatal conditions"
Granulocyte-colony stimulating factor test,Granulocyte-colony stimulating factor test,10089423,Investigations
Cataract,Cataract,10007739,Eye disorders
Zoster sine herpete,Zoster sine herpete,10090802,Infections and infestations
Sputum discoloured,Sputum discoloured,10041807,"Respiratory, thoracic and mediastinal disorders"
Butterfly rash,Butterfly rash,10067982,Immune system disorders
Tilt table test positive,Tilt table test positive,10072467,Investigations
Glucose urine present,Glucose urine present,10018478,Investigations
Vascular stent occlusion,Vascular stent occlusion,10077143,General disorders and administration site conditions
Dissociation,Dissociation,10013457,Psychiatric disorders
Ankylosing spondylitis,Ankylosing spondylitis,10002556,Musculoskeletal and connective tissue disorders
Haematocrit,Haematocrit,10018837,Investigations
Chest X-ray normal,Chest X-ray normal,10008500,Investigations
Epistaxis,Epistaxis,10015090,Vascular disorders
Injection site scab,Injection site scab,10066210,Skin and subcutaneous tissue disorders
Electrocardiogram normal,Electrocardiogram normal,10014373,Investigations
Dyspnoea exertional,Dyspnoea exertional,10013971,Cardiac disorders
Blood albumin,Blood albumin,10005285,Investigations
Human rhinovirus test positive,Human rhinovirus test positive,10070249,Investigations
Feeling of body temperature change,Feeling of body temperature change,10061458,General disorders and administration site conditions
Hepatitis,Hepatitis,10019717,Hepatobiliary disorders
Histology,Histology,10062005,Investigations
Ultrasound thyroid abnormal,Ultrasound thyroid abnormal,10060987,Investigations
Whole-genome sequencing,Whole-genome sequencing,10086504,Investigations
Oesophagogastroduodenoscopy,Oesophagogastroduodenoscopy,10053057,Investigations
Hyperlipidaemia,Hyperlipidaemia,10062060,Metabolism and nutrition disorders
Cardiac operation,Cardiac operation,10061026,Surgical and medical procedures
Troponin I increased,Troponin I increased,10058268,Investigations
Electromyogram abnormal,Electromyogram abnormal,10014431,Investigations
Viral test negative,Viral test negative,10062362,Investigations
Yellow skin,Yellow skin,10048245,Skin and subcutaneous tissue disorders
Herpes simplex,Herpes simplex,10019948,Skin and subcutaneous tissue disorders
Cardiac arrest,Cardiac arrest,10007515,Cardiac disorders
Suspected COVID-19,Suspected COVID-19,10084451,Infections and infestations
Mycoplasma infection,Mycoplasma infection,10061300,Infections and infestations
Costochondritis,Costochondritis,10011219,Musculoskeletal and connective tissue disorders
Exposure during pregnancy,Exposure during pregnancy,10073513,"Injury, poisoning and procedural complications"
Mast cell activation syndrome,Mast cell activation syndrome,10075217,Immune system disorders
Injection site bruising,Injection site bruising,10022052,"Injury, poisoning and procedural complications"
Testicular retraction,Testicular retraction,10043348,Reproductive system and breast disorders
Dizziness,Dizziness,10013573,Vascular disorders
Eyelid injury,Eyelid injury,10069200,Skin and subcutaneous tissue disorders
Mean cell haemoglobin concentration normal,Mean cell haemoglobin concentration normal,10026994,Investigations
Blood immunoglobulin M normal,Blood immunoglobulin M normal,10005602,Investigations
Abscess drainage,Abscess drainage,10000279,Surgical and medical procedures
Craniotomy,Craniotomy,10011322,Surgical and medical procedures
Respiratory symptom,Respiratory symptom,10075535,"Respiratory, thoracic and mediastinal disorders"
Product after taste,Product after taste,10086446,Product issues
Muscle oedema,Muscle oedema,10071759,Musculoskeletal and connective tissue disorders
Heart valve replacement,Heart valve replacement,10061995,Surgical and medical procedures
Shoulder operation,Shoulder operation,10062242,Surgical and medical procedures
Axonal and demyelinating polyneuropathy,Axonal and demyelinating polyneuropathy,10084153,Infections and infestations
Dermatitis diaper,Dermatitis diaper,10012444,Reproductive system and breast disorders
Positron emission tomogram,Positron emission tomogram,10036220,Investigations
Large intestinal obstruction reduction,Large intestinal obstruction reduction,10023794,Surgical and medical procedures
Troponin T increased,Troponin T increased,10058269,Investigations
Irritability,Irritability,10022998,Psychiatric disorders
Blood culture positive,Blood culture positive,10005488,Investigations
Nerve block,Nerve block,10029173,Surgical and medical procedures
Optical coherence tomography abnormal,Optical coherence tomography abnormal,10073561,Investigations
Use of accessory respiratory muscles,Use of accessory respiratory muscles,10069555,"Respiratory, thoracic and mediastinal disorders"
Catheterisation cardiac,Catheterisation cardiac,10007815,Investigations
Haematochezia,Haematochezia,10018836,Vascular disorders
Tongue discomfort,Tongue discomfort,10077855,Gastrointestinal disorders
Drug ineffective,Drug ineffective,10013709,General disorders and administration site conditions
Blood glucose increased,Blood glucose increased,10005557,Investigations
Cytomegalovirus test,Cytomegalovirus test,10061806,Investigations
Differential white blood cell count abnormal,Differential white blood cell count abnormal,10012785,Investigations
Fibrin D dimer increased,Fibrin D dimer increased,10016581,Investigations
Poor quality product administered,Poor quality product administered,10081478,"Injury, poisoning and procedural complications"
Memory impairment,Memory impairment,10027175,Nervous system disorders
Fundoscopy,Fundoscopy,10017519,Investigations
Sedative therapy,Sedative therapy,10059283,Surgical and medical procedures
Tessellated fundus,Tessellated fundus,10083502,Eye disorders
Complement factor normal,Complement factor normal,10061056,Investigations
Diagnostic aspiration,Diagnostic aspiration,10072924,Investigations
Varicella virus test positive,Varicella virus test positive,10070214,Investigations
Product label issue,Product label issue,10069289,Product issues
Hepatitis viral test negative,Hepatitis viral test negative,10072747,Investigations
Post-acute COVID-19 syndrome,Post-acute COVID-19 syndrome,10085503,Infections and infestations
Blood immunoglobulin E decreased,Blood immunoglobulin E decreased,10005590,Investigations
Abnormal uterine bleeding,Abnormal uterine bleeding,10085424,Reproductive system and breast disorders
Positron emission tomogram abnormal,Positron emission tomogram abnormal,10036221,Investigations
Iron deficiency,Iron deficiency,10022970,Metabolism and nutrition disorders
Joint swelling,Joint swelling,10023232,Musculoskeletal and connective tissue disorders
Near death experience,Near death experience,10068111,Nervous system disorders
Respiratory arrest,Respiratory arrest,10038669,"Respiratory, thoracic and mediastinal disorders"
Respiratory syncytial virus infection,Respiratory syncytial virus infection,10061603,Infections and infestations
Bilirubin conjugated increased,Bilirubin conjugated increased,10004685,Investigations
Food intolerance,Food intolerance,10061958,Metabolism and nutrition disorders
Vascular cauterisation,Vascular cauterisation,10052679,Surgical and medical procedures
Refusal of vaccination,Refusal of vaccination,10082811,Social circumstances
Frustration tolerance decreased,Frustration tolerance decreased,10077753,Psychiatric disorders
Infantile spitting up,Infantile spitting up,10063338,"Pregnancy, puerperium and perinatal conditions"
Hyperaesthesia teeth,Hyperaesthesia teeth,10082426,Gastrointestinal disorders
Ulcerative keratitis,Ulcerative keratitis,10064996,Immune system disorders
Biopsy skin abnormal,Biopsy skin abnormal,10004874,Investigations
Nervous system injury,Nervous system injury,10080898,Nervous system disorders
Hypertension,Hypertension,10020772,Vascular disorders
Blood creatinine normal,Blood creatinine normal,10005484,Investigations
Livedo reticularis,Livedo reticularis,10024648,Vascular disorders
Dermatomyositis,Dermatomyositis,10012503,Immune system disorders
Syncope,Syncope,10042772,Vascular disorders
Faeces soft,Faeces soft,10074859,Gastrointestinal disorders
Scan normal,Scan normal,10061505,Investigations
Pericarditis,Pericarditis,10034484,Cardiac disorders
Liver function test normal,Liver function test normal,10060106,Investigations
Diastolic dysfunction,Diastolic dysfunction,10052337,Cardiac disorders
Retinal thickening,Retinal thickening,10077890,Eye disorders
Papilloma viral infection,Papilloma viral infection,10061331,Infections and infestations
Injection site infection,Injection site infection,10022076,Infections and infestations
Haematoma,Haematoma,10018852,Vascular disorders
Delivery,Delivery,10067647,"Pregnancy, puerperium and perinatal conditions"
Optic neuritis,Optic neuritis,10030942,Nervous system disorders
Anaemia,Anaemia,10002034,Blood and lymphatic system disorders
Trigger finger,Trigger finger,10044654,Musculoskeletal and connective tissue disorders
Diagnostic procedure,Diagnostic Procedure,T060,Event
Vitamin B12,Vitamin B12,10047602,Investigations
Monocyte count increased,Monocyte count increased,10027880,Investigations
Discomfort,Discomfort,10013082,General disorders and administration site conditions
Antinuclear antibody,Antinuclear antibody,10002807,Investigations
Blood calcium decreased,Blood calcium decreased,10005395,Investigations
Lipids,Lipids,10024587,Investigations
Anti factor IX antibody negative,Anti factor IX antibody negative,10063923,Investigations
Skin burning sensation,Skin burning sensation,10054786,Nervous system disorders
Product substitution error,Product substitution error,10078984,"Injury, poisoning and procedural complications"
Azoospermia,Azoospermia,10003883,Reproductive system and breast disorders
Obstructive airways disorder,Obstructive airways disorder,10061877,"Respiratory, thoracic and mediastinal disorders"
Posture abnormal,Posture abnormal,10036436,Nervous system disorders
Induration,Induration,10060708,General disorders and administration site conditions
Intervertebral disc degeneration,Intervertebral disc degeneration,10061246,Musculoskeletal and connective tissue disorders
Limb injury,Limb injury,10061225,"Injury, poisoning and procedural complications"
Injection site muscle atrophy,Injection site muscle atrophy,10084809,Musculoskeletal and connective tissue disorders
No reaction on previous exposure to drug,No reaction on previous exposure to drug,10052053,General disorders and administration site conditions
Activities of daily living decreased,Activities of daily living decreased,10091664,Investigations
Muscle disorder,Muscle disorder,10028300,Musculoskeletal and connective tissue disorders
Tremor,Tremor,10044565,Nervous system disorders
Nutritional supplement allergy,Nutritional supplement allergy,10084049,Immune system disorders
Vaccination site pain,Vaccination site pain,10068879,"Injury, poisoning and procedural complications"
Vaccination site warmth,Vaccination site warmth,10069624,"Injury, poisoning and procedural complications"
Stress,Stress,10042209,Psychiatric disorders
Heavy menstrual bleeding,Heavy menstrual bleeding,10085423,Reproductive system and breast disorders
Orthostatic hypertension,Orthostatic hypertension,10065508,Vascular disorders
Pollakiuria,Pollakiuria,10036018,Renal and urinary disorders
Myopic disc,Myopic disc,10069088,Eye disorders
Type III immune complex mediated reaction,Type III immune complex mediated reaction,10053614,Immune system disorders
Epstein-Barr virus infection,Epstein-Barr virus infection,10015108,Infections and infestations
Nitrite urine present,Nitrite urine present,10051469,Investigations
Cardiomegaly,Cardiomegaly,10007632,Cardiac disorders
Anuria,Anuria,10002847,Renal and urinary disorders
Positive airway pressure therapy,Positive airway pressure therapy,10086397,Surgical and medical procedures
Nail discolouration,Nail discolouration,10028692,Skin and subcutaneous tissue disorders
Cutaneous T-cell lymphoma,Cutaneous T-cell lymphoma,10011677,Skin and subcutaneous tissue disorders
Decreased ventricular preload,Decreased ventricular preload,10050905,Investigations
Immunology test,Immunology test,10062297,Investigations
Autoimmune disorder,Autoimmune disorder,10061664,Immune system disorders
Thyroid cancer,Thyroid cancer,10066474,Endocrine disorders
Blood bilirubin,Blood bilirubin,10005362,Investigations
Product preparation issue,Product preparation issue,10081301,"Injury, poisoning and procedural complications"
Product contamination physical,Product contamination physical,10069176,Product issues
Von Willebrand's factor antigen test,Von Willebrand's factor antigen test,10068988,Investigations
Pallor,Pallor,10033546,Skin and subcutaneous tissue disorders
Allergy to vaccine,Allergy to vaccine,10055048,"Injury, poisoning and procedural complications"
Carpal tunnel syndrome,Carpal tunnel syndrome,10007697,Nervous system disorders
Malaise,Malaise,10025482,General disorders and administration site conditions
Tic,Tic,10043833,Nervous system disorders
Necrotising retinitis,Necrotising retinitis,10064997,Eye disorders
Hypotonia,Hypotonia,10021118,Nervous system disorders
Unevaluable event,Unevaluable event,10062355,General disorders and administration site conditions
Arachnoid cyst,Arachnoid cyst,10049005,"Neoplasms benign, malignant and unspecified (incl cysts and polyps)"
Spondyloarthropathy,Spondyloarthropathy,10051265,Musculoskeletal and connective tissue disorders
Alopecia universalis,Alopecia universalis,10001767,Skin and subcutaneous tissue disorders
Continuous glucose monitoring,Continuous glucose monitoring,10079764,Investigations
Lung disorder,Lung disorder,10025082,"Respiratory, thoracic and mediastinal disorders"
Therapeutic response unexpected,Therapeutic response unexpected,10043417,General disorders and administration site conditions
Investigation,Investigation,10062026,Investigations
Eastern Cooperative Oncology Group performance status,Eastern Cooperative Oncology Group performance status,10067961,Investigations
Myelin oligodendrocyte glycoprotein antibody-associated disease,Myelin oligodendrocyte glycoprotein antibody-associated disease,10085806,Immune system disorders
Progesterone receptor assay,Progesterone receptor assay,10054056,Investigations
HLA-B*27 assay,HLA-B*27 assay,10078439,Investigations
Personality change,Personality change,10034719,Psychiatric disorders
Blood pressure systolic increased,Blood pressure systolic increased,10005760,Investigations
Fibromyalgia,Fibromyalgia,10048439,Musculoskeletal and connective tissue disorders
Urinary retention,Urinary retention,10046555,Renal and urinary disorders
Still's disease,Still's disease,10042061,General disorders and administration site conditions
Acoustic stimulation tests,Acoustic stimulation tests,10000525,Investigations
Frequent bowel movements,Frequent bowel movements,10017367,Gastrointestinal disorders
Coagulation time,Coagulation time,10009790,Investigations
Premature delivery,Premature delivery,10036595,"Pregnancy, puerperium and perinatal conditions"
Thyroid function test normal,Thyroid function test normal,10043731,Investigations
Brain scan abnormal,Brain scan abnormal,10061943,Investigations
Amnesia,Amnesia,10001949,Nervous system disorders
Incomplete course of vaccination,Incomplete course of vaccination,10072103,"Injury, poisoning and procedural complications"
Red blood cell sedimentation rate,Red blood cell sedimentation rate,10049184,Investigations
Borrelia test positive,Borrelia test positive,10070011,Investigations
Myalgia,Myalgia,10028411,Musculoskeletal and connective tissue disorders
Gastric cancer,Gastric cancer,10017758,"Neoplasms benign, malignant and unspecified (incl cysts and polyps)"
Rash,Rash,10037844,Skin and subcutaneous tissue disorders
Neck mass,Neck mass,10049146,Musculoskeletal and connective tissue disorders
Spinal cord infection,Spinal cord infection,10049654,Infections and infestations
Eczema,Eczema,10014184,Skin and subcutaneous tissue disorders
Undifferentiated connective tissue disease,Undifferentiated connective tissue disease,10071575,Musculoskeletal and connective tissue disorders
Facial paresis,Facial paresis,10051267,Nervous system disorders
Biopsy oesophagus,Biopsy oesophagus,10004808,Investigations
Encephalomalacia,Encephalomalacia,10051818,Nervous system disorders
Anti-cyclic citrullinated peptide antibody,Anti-cyclic citrullinated peptide antibody,10068810,Investigations
Chest X-ray abnormal,Chest X-ray abnormal,10008499,Investigations
Tachycardia,Tachycardia,10043071,Cardiac disorders
White blood cell count increased,White blood cell count increased,10047943,Investigations
Trigeminal neuralgia,Trigeminal neuralgia,10044652,Nervous system disorders
Central serous chorioretinopathy,Central serous chorioretinopathy,10086644,Eye disorders
Paresis,Paresis,10033985,Nervous system disorders
Bladder dysfunction,Bladder dysfunction,10069632,Renal and urinary disorders
Uveitis,Uveitis,10046851,Immune system disorders
Noninfective gingivitis,Noninfective gingivitis,10074863,Gastrointestinal disorders
Accidental exposure to product,Accidental exposure to product,10073317,"Injury, poisoning and procedural complications"
Ocular stroke,Ocular stroke,10091533,Vascular disorders
Feeling cold,Feeling cold,10016326,General disorders and administration site conditions
Activated partial thromboplastin time prolonged,Activated partial thromboplastin time prolonged,10000636,Investigations
Blood alkaline phosphatase normal,Blood alkaline phosphatase normal,10005310,Investigations
Bone loss,Bone loss,10065687,Musculoskeletal and connective tissue disorders
Influenza A virus test negative,Influenza A virus test negative,10070417,Investigations
Blood urine,Blood urine,10005863,Investigations
"Hallucination, auditory","Hallucination, auditory",10019070,Psychiatric disorders
Thrombocytopenia,Thrombocytopenia,10043554,Blood and lymphatic system disorders
Coagulation factor VII level,Coagulation factor VII level,10009759,Investigations
Oral pain,Oral pain,10031009,Gastrointestinal disorders
Arteriogram carotid abnormal,Arteriogram carotid abnormal,10003195,Investigations
Anal incontinence,Anal incontinence,10077605,Nervous system disorders
Intraocular pressure test normal,Intraocular pressure test normal,10060952,Investigations
Haptoglobin decreased,Haptoglobin decreased,10019150,Investigations
Sudden visual loss,Sudden visual loss,10042441,Eye disorders
Blood glucose abnormal,Blood glucose abnormal,10005554,Investigations
Biliary dyskinesia,Biliary dyskinesia,10056529,Hepatobiliary disorders
Uterine cancer,Uterine cancer,10046766,Reproductive system and breast disorders
Contrast echocardiogram,Contrast echocardiogram,10087512,Investigations
Pathology test,Pathology test,10068056,Investigations
Magnetic resonance imaging spinal normal,Magnetic resonance imaging spinal normal,10083138,Investigations
Optic nerve disorder,Optic nerve disorder,10061322,Eye disorders
Body height,Body height,10005891,Investigations
Synkinesis,Synkinesis,10078747,Nervous system disorders
Lower respiratory tract infection,Lower respiratory tract infection,10024968,"Respiratory, thoracic and mediastinal disorders"
Ultrasound breast normal,Ultrasound breast normal,10045411,Investigations
Heart rate decreased,Heart rate decreased,10019301,Investigations
Oral herpes,Oral herpes,10067152,Infections and infestations
Hepatitis B,Hepatitis B,10019731,Infections and infestations
Inflammatory marker increased,Inflammatory marker increased,10069826,Investigations
Hidradenitis,Hidradenitis,10020040,Skin and subcutaneous tissue disorders
Iris adhesions,Iris adhesions,10022945,"Injury, poisoning and procedural complications"
Pleocytosis,Pleocytosis,10035551,Nervous system disorders
Rhabdomyolysis,Rhabdomyolysis,10039020,Musculoskeletal and connective tissue disorders
Red blood cell count decreased,Red blood cell count decreased,10038153,Investigations
Injection site nodule,Injection site nodule,10057880,Skin and subcutaneous tissue disorders
Genital discolouration,Genital discolouration,10081697,Reproductive system and breast disorders
Immature granulocyte count,Immature granulocyte count,10085122,Investigations
Peroneal nerve palsy,Peroneal nerve palsy,10034701,Nervous system disorders
Cardiac ventriculogram left,Cardiac ventriculogram left,10053497,Investigations
Haematocrit decreased,Haematocrit decreased,10018838,Investigations
Rheumatoid factor,Rheumatoid factor,10039079,Investigations
Adjustment disorder,Adjustment disorder,10061621,Psychiatric disorders
Red cell distribution width normal,Red cell distribution width normal,10053922,Investigations
Spondylolisthesis,Spondylolisthesis,10063550,Musculoskeletal and connective tissue disorders
Gluten sensitivity,Gluten sensitivity,10076493,Immune system disorders
Magnetic resonance imaging spinal abnormal,Magnetic resonance imaging spinal abnormal,10083139,Investigations
Vasculitis,Vasculitis,10047115,Vascular disorders
Presyncope,Presyncope,10036653,Vascular disorders
Biopsy brain abnormal,Biopsy brain abnormal,10004742,Investigations
Mumps antibody test positive,Mumps antibody test positive,10059644,Investigations
Haemoglobin normal,Haemoglobin normal,10018890,Investigations
Vaginal haemorrhage,Vaginal haemorrhage,10046910,Reproductive system and breast disorders
Urine odour abnormal,Urine odour abnormal,10057135,Renal and urinary disorders
Incorrect dose administered,Incorrect dose administered,10064355,"Injury, poisoning and procedural complications"
Morbillivirus test positive,Morbillivirus test positive,10070253,Investigations
Product design issue,Product design issue,10080775,Product issues
Stress echocardiogram,Stress echocardiogram,10050241,Investigations
Skin warm,Skin warm,10040952,Skin and subcutaneous tissue disorders
Conjunctivitis bacterial,Conjunctivitis bacterial,10061784,Eye disorders
Disorganised speech,Disorganised speech,10076227,Nervous system disorders
Autoimmune hepatitis,Autoimmune hepatitis,10003827,Hepatobiliary disorders
Urine sodium increased,Urine sodium increased,10046672,Investigations
Culture stool negative,Culture stool negative,10011630,Investigations
Disease progression,Disease progression,10061818,General disorders and administration site conditions
Hip fracture,Hip fracture,10020100,Musculoskeletal and connective tissue disorders
Influenza virus test,Influenza virus test,10070715,Investigations
Nephritis,Nephritis,10029117,Renal and urinary disorders
Deafness neurosensory,Deafness neurosensory,10011891,Ear and labyrinth disorders
Skin disorder,Skin disorder,10040831,Skin and subcutaneous tissue disorders
Computerised tomogram neck abnormal,Computerised tomogram neck abnormal,10090465,Investigations
Bacterial test,Bacterial test,10068074,Investigations
Ceruloplasmin,Ceruloplasmin,10050646,Investigations
Diabetes mellitus,Diabetes mellitus,10012601,Metabolism and nutrition disorders
Product confusion,Product confusion,10082712,"Injury, poisoning and procedural complications"
Myositis,Myositis,10028653,Musculoskeletal and connective tissue disorders
Blood gases,Blood gases,10005537,Investigations
Dry eye,Dry eye,10013774,Eye disorders
Scratch,Scratch,10039737,"Injury, poisoning and procedural complications"
Antiribosomal P antibody,Antiribosomal P antibody,10072533,Investigations
Mastoid effusion,Mastoid effusion,10069008,Ear and labyrinth disorders
Adverse event,Adverse event,10060933,General disorders and administration site conditions
West Nile virus test,West Nile virus test,10075808,Investigations
Twin pregnancy,Twin pregnancy,10045188,"Pregnancy, puerperium and perinatal conditions"
Brain natriuretic peptide,Brain natriuretic peptide,10053406,Investigations
Renal function test,Renal function test,10061490,Investigations
Post-traumatic stress disorder,Post-traumatic stress disorder,10036316,Psychiatric disorders
Superficial vein thrombosis,Superficial vein thrombosis,10086210,Vascular disorders
Polychondritis,Polychondritis,10065159,Musculoskeletal and connective tissue disorders
Ill-defined disorder,Ill-defined disorder,10061520,General disorders and administration site conditions
Blood thromboplastin,Blood thromboplastin,10005823,Investigations
Dehydration,Dehydration,10012174,Metabolism and nutrition disorders
Nocturia,Nocturia,10029446,Renal and urinary disorders
Streptococcus test negative,Streptococcus test negative,10070415,Investigations
Antiphospholipid antibodies positive,Antiphospholipid antibodies positive,10048678,Investigations
General physical health deterioration,General physical health deterioration,10049438,General disorders and administration site conditions
Oxygen saturation normal,Oxygen saturation normal,10033322,Investigations
Keratic precipitates,Keratic precipitates,10053703,Immune system disorders
Limb mass,Limb mass,10078503,Musculoskeletal and connective tissue disorders
Viral infection,Viral infection,10047461,Infections and infestations
Clostridium difficile infection,Clostridium difficile infection,10054236,Infections and infestations
Aortic valve incompetence,Aortic valve incompetence,10002915,Cardiac disorders
Haemangioma,Haemangioma,10018814,Vascular disorders
Synovial cyst,Synovial cyst,10042858,"Neoplasms benign, malignant and unspecified (incl cysts and polyps)"
Bone disorder,Bone disorder,10005956,Musculoskeletal and connective tissue disorders
Muscle swelling,Muscle swelling,10064470,Musculoskeletal and connective tissue disorders
Renal disorder,Renal disorder,10038428,Renal and urinary disorders
Enzyme level test,Enzyme level test,10072233,Investigations
Skin wound,Skin wound,10072170,"Injury, poisoning and procedural complications"
Condition aggravated,Condition aggravated,10010264,General disorders and administration site conditions
Ataxia,Ataxia,10003591,Nervous system disorders
Complement factor C3,Complement factor C3,10050962,Investigations
Cyst,Cyst,10011732,"Neoplasms benign, malignant and unspecified (incl cysts and polyps)"
Abnormal dreams,Abnormal dreams,10000125,Nervous system disorders
Hydronephrosis,Hydronephrosis,10020524,Renal and urinary disorders
Magnetic resonance imaging,Magnetic resonance imaging,10078223,Investigations
Lung transplant,Lung transplant,10025127,Surgical and medical procedures
Adrenal insufficiency,Adrenal insufficiency,10001367,Endocrine disorders
Night sweats,Night sweats,10029410,Skin and subcutaneous tissue disorders
Magnetic resonance imaging heart normal,Magnetic resonance imaging heart normal,10090467,Investigations
Dysuria,Dysuria,10013990,Renal and urinary disorders
Dopamine transporter scintigraphy normal,Dopamine transporter scintigraphy normal,10077319,Investigations
Magnetic resonance imaging neck,Magnetic resonance imaging neck,10083140,Investigations
Chronic kidney disease,Chronic kidney disease,10064848,Renal and urinary disorders
Tongue coated,Tongue coated,10043945,Gastrointestinal disorders
Cervical vertebral fracture,Cervical vertebral fracture,10049946,Musculoskeletal and connective tissue disorders
Atelectasis,Atelectasis,10003598,"Respiratory, thoracic and mediastinal disorders"
Rheumatoid arthritis,Rheumatoid arthritis,10039073,Musculoskeletal and connective tissue disorders
Decreased eye contact,Decreased eye contact,10069633,Psychiatric disorders
Vaccination site rash,Vaccination site rash,10069482,Skin and subcutaneous tissue disorders
Stillbirth,Stillbirth,10042062,General disorders and administration site conditions
Impaired driving ability,Impaired driving ability,10049564,Social circumstances
Carotid artery dissection,Carotid artery dissection,10050403,Nervous system disorders
Dermatitis,Dermatitis,10012431,Skin and subcutaneous tissue disorders
Radiotherapy,Radiotherapy,10037794,Surgical and medical procedures
Pneumonia viral,Pneumonia viral,10035737,Infections and infestations
Magnetic resonance imaging heart,Magnetic resonance imaging heart,10083127,Investigations
Genital swelling,Genital swelling,10067639,Reproductive system and breast disorders
Peripheral coldness,Peripheral coldness,10034568,Vascular disorders
Feeding disorder,Feeding disorder,10061148,Psychiatric disorders
Lichen planus,Lichen planus,10024429,Skin and subcutaneous tissue disorders
Complement factor C4,Complement factor C4,10050963,Investigations
Effusion,Effusion,10063045,General disorders and administration site conditions
Respiratory rate decreased,Respiratory rate decreased,10038710,Investigations
Blood urea normal,Blood urea normal,10005857,Investigations
Culture urine positive,Culture urine positive,10011640,Investigations
Renal impairment,Renal impairment,10062237,Renal and urinary disorders
Oral administration complication,Oral administration complication,10062611,"Injury, poisoning and procedural complications"
Papillary thyroid cancer,Papillary thyroid cancer,10033701,Endocrine disorders
Acute myocardial infarction,Acute myocardial infarction,10000891,Cardiac disorders
Spinal retrolisthesis,Spinal retrolisthesis,10081602,Musculoskeletal and connective tissue disorders
Vascular pain,Vascular pain,10047095,Vascular disorders
Product administration error,Product administration error,10081576,"Injury, poisoning and procedural complications"
Carditis,Carditis,10062746,Cardiac disorders
Hyperaesthesia,Hyperaesthesia,10020568,Nervous system disorders
Oestrogen receptor assay,Oestrogen receptor assay,10054053,Investigations
Optic nerve injury,Optic nerve injury,10030938,Nervous system disorders
Hypertensive nephropathy,Hypertensive nephropathy,10055171,Vascular disorders
Ejaculation delayed,Ejaculation delayed,10014325,Reproductive system and breast disorders
Acute kidney injury,Acute kidney injury,10069339,Renal and urinary disorders
Vitreous floaters,Vitreous floaters,10047654,Eye disorders
Joint range of motion decreased,Joint range of motion decreased,10048706,Musculoskeletal and connective tissue disorders
Double stranded DNA antibody positive,Double stranded DNA antibody positive,10069907,Investigations
Spinal osteoarthritis,Spinal osteoarthritis,10041591,Musculoskeletal and connective tissue disorders
Dairy intolerance,Dairy intolerance,10011852,Metabolism and nutrition disorders
Optic glioma,Optic glioma,10073338,"Neoplasms benign, malignant and unspecified (incl cysts and polyps)"
Muscle contractions involuntary,Muscle contractions involuntary,10028293,Nervous system disorders
Iridocyclitis,Iridocyclitis,10022941,Eye disorders
Foetal heart rate decreased,Foetal heart rate decreased,10051136,Investigations
Respiratory tract infection viral,Respiratory tract infection viral,10062106,Infections and infestations
Stress echocardiogram normal,Stress echocardiogram normal,10070745,Investigations
Acne,Acne,10000496,Skin and subcutaneous tissue disorders
Gastrointestinal haemorrhage,Gastrointestinal haemorrhage,10017955,Vascular disorders
Mean cell haemoglobin concentration,Mean cell haemoglobin concentration,10026990,Investigations
Renal transplant,Renal transplant,10038533,Surgical and medical procedures
CSF shunt operation,CSF shunt operation,10061799,Surgical and medical procedures
Eyelid ptosis,Eyelid ptosis,10015995,Eye disorders
Product prescribing issue,Product prescribing issue,10080459,"Injury, poisoning and procedural complications"
Breast cancer,Breast cancer,10006187,"Neoplasms benign, malignant and unspecified (incl cysts and polyps)"
Herpes simplex test,Herpes simplex test,10077968,Investigations
Urine output decreased,Urine output decreased,10059895,Investigations
Neutrophil percentage,Neutrophil percentage,10059467,Investigations
Balance disorder,Balance disorder,10049848,Nervous system disorders
Cardiac autonomic neuropathy,Cardiac autonomic neuropathy,10066001,Metabolism and nutrition disorders
Illness,Illness,10080284,General disorders and administration site conditions
Ultrasound eye,Ultrasound eye,10045416,Investigations
Herpes simplex test negative,Herpes simplex test negative,10077970,Investigations
Blood smear test abnormal,Blood smear test abnormal,10059665,Investigations
Vocal cord paralysis,Vocal cord paralysis,10047674,"Respiratory, thoracic and mediastinal disorders"
Tardive dyskinesia,Tardive dyskinesia,10043118,Nervous system disorders
Upper respiratory tract infection,Upper respiratory tract infection,10046306,"Respiratory, thoracic and mediastinal disorders"
Heart rate abnormal,Heart rate abnormal,10019300,Investigations
Device issue,Device issue,10069868,Product issues
Cholecystectomy,Cholecystectomy,10008611,Surgical and medical procedures
Seizure,Seizure,10039906,Nervous system disorders
Exposure via eye contact,Exposure via eye contact,10073336,"Injury, poisoning and procedural complications"
Sensitive skin,Sensitive skin,10081765,Skin and subcutaneous tissue disorders
Asthenia,Asthenia,10003549,Psychiatric disorders
Catheterisation cardiac abnormal,Catheterisation cardiac abnormal,10007816,Investigations
Hypophagia,Hypophagia,10063743,Metabolism and nutrition disorders
Biopsy skin,Biopsy skin,10004873,Investigations
Injection site haematoma,Injection site haematoma,10022066,Vascular disorders
Encephalitis autoimmune,Encephalitis autoimmune,10072378,Immune system disorders
Protein urine absent,Protein urine absent,10037033,Investigations
Magnetic resonance imaging abnormal,Magnetic resonance imaging abnormal,10078224,Investigations
Myocardial infarction,Myocardial infarction,10028596,Cardiac disorders
Respiratory syncytial virus bronchiolitis,Respiratory syncytial virus bronchiolitis,10038718,Infections and infestations
White blood cell analysis abnormal,White blood cell analysis abnormal,10073323,Investigations
Ejection fraction normal,Ejection fraction normal,10064144,Investigations
Haemorrhoids,Haemorrhoids,10019022,Vascular disorders
Mental status changes,Mental status changes,10048294,Psychiatric disorders
Contrast-enhanced magnetic resonance venography,Contrast-enhanced magnetic resonance venography,10087199,Investigations
Aortic aneurysm,Aortic aneurysm,10002882,Vascular disorders
Pharyngitis streptococcal,Pharyngitis streptococcal,10034839,"Respiratory, thoracic and mediastinal disorders"
Systemic scleroderma,Systemic scleroderma,10078638,Immune system disorders
Anti-insulin antibody,Anti-insulin antibody,10050692,Investigations
Computerised tomogram thorax,Computerised tomogram thorax,10053875,Investigations
Ultrasound abdomen normal,Ultrasound abdomen normal,10052040,Investigations
Cytokine test,Cytokine test,10077352,Investigations
Vocal cord inflammation,Vocal cord inflammation,10057295,"Respiratory, thoracic and mediastinal disorders"
Subarachnoid haemorrhage,Subarachnoid haemorrhage,10042316,Nervous system disorders
Adrenal haemorrhage,Adrenal haemorrhage,10001361,Endocrine disorders
Temperature regulation disorder,Temperature regulation disorder,10061376,Endocrine disorders
Type 2 diabetes mellitus,Type 2 diabetes mellitus,10067585,Metabolism and nutrition disorders
Deafness bilateral,Deafness bilateral,10052556,Ear and labyrinth disorders
Viral titre decreased,Viral titre decreased,10070251,Investigations
Head discomfort,Head discomfort,10019194,Nervous system disorders
Small airways disease,Small airways disease,10080547,"Respiratory, thoracic and mediastinal disorders"
Vascular injury,Vascular injury,10047080,Vascular disorders
COVID-19 pneumonia,COVID-19 pneumonia,10084380,Infections and infestations
Scab,Scab,10039509,Skin and subcutaneous tissue disorders
Blood calcium normal,Blood calcium normal,10005397,Investigations
Faecal occult blood positive,Faecal occult blood positive,10016095,Investigations
Hepatic enzyme abnormal,Hepatic enzyme abnormal,10062685,Investigations
Imaging procedure,Imaging procedure,10068979,Investigations
Injection site rash,Injection site rash,10022094,Skin and subcutaneous tissue disorders
Abortion spontaneous,Abortion spontaneous,10000234,"Pregnancy, puerperium and perinatal conditions"
Measles,Measles,10027011,Skin and subcutaneous tissue disorders
Road traffic accident,Road traffic accident,10039203,"Injury, poisoning and procedural complications"
Bipolar disorder,Bipolar disorder,10057667,Psychiatric disorders
Product complaint,Product complaint,10069902,Product issues
Blood culture,Blood culture,10005485,Investigations
Essential thrombocythaemia,Essential thrombocythaemia,10015493,"Neoplasms benign, malignant and unspecified (incl cysts and polyps)"
Blood bicarbonate,Blood bicarbonate,10005357,Investigations
Catheterisation cardiac normal,Catheterisation cardiac normal,10007817,Investigations
Type I hypersensitivity,Type I hypersensitivity,10045240,Immune system disorders
