symptom,pref_label,meddra_code,soc
17-hydroxyprogesterone,17-hydroxyprogesterone,10086164,Investigations
ADAMTS13 activity decreased,ADAMTS13 activity decreased,10074491,Investigations
Abdominal X-ray,Abdominal X-ray,10061612,Investigations
Abdominal adhesiolysis,Abdominal adhesiolysis,10089056,Surgical and medical procedures
Abdominal discomfort,Abdominal discomfort,10000059,Gastrointestinal disorders
Abdominal distension,Abdominal distension,10000060,Gastrointestinal disorders
Abdominal mass,Abdominal mass,10000077,Gastrointestinal disorders
Abdominal neoplasm,Abdominal neoplasm,10060925,"Neoplasms benign, malignant and unspecified (incl cysts and polyps)"
Abdominal operation,Abdominal operation,10061609,Surgical and medical procedures
Abdominal pain,Abdominal pain,10000081,Gastrointestinal disorders
Abdominal pain lower,Abdominal pain lower,10000084,Gastrointestinal disorders
Abdominal pain upper,Abdominal pain upper,10000087,Gastrointestinal disorders
Abdominal rigidity,Abdominal rigidity,10000090,Gastrointestinal disorders
Abdominal tenderness,Abdominal tenderness,10000097,Gastrointestinal disorders
Abdominal wall mass,Abdominal wall mass,10063005,Gastrointestinal disorders
Abnormal behaviour,Abnormal behaviour,10061422,Psychiatric disorders
Abnormal clotting factor,Abnormal clotting factor,10049862,Blood and lymphatic system disorders
Abnormal dreams,Abnormal dreams,10000125,Nervous system disorders
Abnormal faeces,Abnormal faeces,10000133,Gastrointestinal disorders
Abnormal gene carrier,Abnormal gene carrier,10088840,"Congenital, familial and genetic disorders"
Abnormal loss of weight,Abnormal loss of weight,10000159,Metabolism and nutrition disorders
Abnormal menstrual clots,Abnormal menstrual clots,10087591,Reproductive system and breast disorders
Abnormal uterine bleeding,Abnormal uterine bleeding,10085424,Reproductive system and breast disorders
Abnormal weight gain,Abnormal weight gain,10000188,Metabolism and nutrition disorders
Abortion induced,Abortion induced,10000220,Surgical and medical procedures
Abortion spontaneous,Abortion spontaneous,10000234,"Pregnancy, puerperium and perinatal conditions"
Abscess,Abscess,10000269,Infections and infestations
Abscess drainage,Abscess drainage,10000279,Surgical and medical procedures
Abscess limb,Abscess limb,10050473,Musculoskeletal and connective tissue disorders
Abscess neck,Abscess neck,10053576,Musculoskeletal and connective tissue disorders
Abscess sterile,Abscess sterile,10000317,General disorders and administration site conditions
Acantholysis,Acantholysis,10058820,Skin and subcutaneous tissue disorders
Accident,Accident,10000369,"Injury, poisoning and procedural complications"
Accident at work,Accident at work,10000372,"Injury, poisoning and procedural complications"
Accidental exposure to product,Accidental exposure to product,10073317,"Injury, poisoning and procedural complications"
Accidental overdose,Accidental overdose,10000381,"Injury, poisoning and procedural complications"
Accidental underdose,Accidental underdose,10074904,"Injury, poisoning and procedural complications"
Acid base balance normal,Acid base balance normal,10000458,Investigations
Acid fast bacilli infection,Acid fast bacilli infection,10054204,Infections and infestations
Acidosis,Acidosis,10000486,Metabolism and nutrition disorders
Acne,Acne,10000496,Skin and subcutaneous tissue disorders
Acne conglobata,Acne conglobata,10000501,Skin and subcutaneous tissue disorders
Acne infantile,Acne infantile,10000507,Skin and subcutaneous tissue disorders
Acoustic stimulation tests,Acoustic stimulation tests,10000525,Investigations
Acoustic stimulation tests abnormal,Acoustic stimulation tests abnormal,10000526,Investigations
Acoustic stimulation tests normal,Acoustic stimulation tests normal,10000527,Investigations
Acquired factor V deficiency,Acquired factor V deficiency,10086006,Blood and lymphatic system disorders
Acquired haemophilia,Acquired haemophilia,10053745,Blood and lymphatic system disorders
Activated partial thromboplastin time,Activated partial thromboplastin time,10000630,Investigations
Activated partial thromboplastin time abnormal,Activated partial thromboplastin time abnormal,10000631,Investigations
Activated partial thromboplastin time normal,Activated partial thromboplastin time normal,10000635,Investigations
Activated partial thromboplastin time prolonged,Activated partial thromboplastin time prolonged,10000636,Investigations
Activated partial thromboplastin time shortened,Activated partial thromboplastin time shortened,10000637,Investigations
Activated protein C resistance test,Activated protein C resistance test,10067642,Investigations
Activated protein C resistance test positive,Activated protein C resistance test positive,10067648,Investigations
Acute coronary syndrome,Acute coronary syndrome,10051592,Cardiac disorders
Acute disseminated encephalomyelitis,Acute disseminated encephalomyelitis,10000709,Nervous system disorders
Acute febrile neutrophilic dermatosis,Acute febrile neutrophilic dermatosis,10000748,Blood and lymphatic system disorders
Acute haemorrhagic oedema of infancy,Acute haemorrhagic oedema of infancy,10070599,Immune system disorders
Acute hepatic failure,Acute hepatic failure,10000804,Hepatobiliary disorders
Acute hepatitis B,Acute hepatitis B,10059193,Infections and infestations
Acute kidney injury,Acute kidney injury,10069339,Renal and urinary disorders
Acute left ventricular failure,Acute left ventricular failure,10063081,Cardiac disorders
Acute macular neuroretinopathy,Acute macular neuroretinopathy,10086444,Eye disorders
Acute myeloid leukaemia,Acute myeloid leukaemia,10000880,"Neoplasms benign, malignant and unspecified (incl cysts and polyps)"
Acute myocardial infarction,Acute myocardial infarction,10000891,Cardiac disorders
Acute psychosis,Acute psychosis,10001022,Psychiatric disorders
Acute respiratory failure,Acute respiratory failure,10001053,"Respiratory, thoracic and mediastinal disorders"
Acute sinusitis,Acute sinusitis,10001076,"Respiratory, thoracic and mediastinal disorders"
Acute stress disorder,Acute stress disorder,10001084,Psychiatric disorders
Addison's disease,Addison's disease,10001130,Metabolism and nutrition disorders
Adenoidal hypertrophy,Adenoidal hypertrophy,10001229,"Respiratory, thoracic and mediastinal disorders"
Adenoidectomy,Adenoidectomy,10001230,Surgical and medical procedures
Adenoiditis,Adenoiditis,10051223,Infections and infestations
Adenomyosis,Adenomyosis,10056268,Reproductive system and breast disorders
Adenotonsillectomy,Adenotonsillectomy,10001256,Surgical and medical procedures
Adenovirus infection,Adenovirus infection,10060931,Infections and infestations
Adenovirus test,Adenovirus test,10050991,Investigations
Adenovirus test negative,,,Unmapped
Adenovirus test positive,Adenovirus test positive,10070369,Investigations
Adhesion,Adhesion,10059837,General disorders and administration site conditions
Adjustment disorder,Adjustment disorder,10061621,Psychiatric disorders
Adjustment disorder with depressed mood,Adjustment disorder with depressed mood,10001297,Psychiatric disorders
Adjustment disorder with mixed anxiety and depressed mood,Adjustment disorder with mixed anxiety and depressed mood,10001299,Psychiatric disorders
Adnexa uteri pain,Adnexa uteri pain,10058841,Reproductive system and breast disorders
Adrenal adenoma,Adrenal adenoma,10001323,"Neoplasms benign, malignant and unspecified (incl cysts and polyps)"
Adrenal androgen excess,Adrenal androgen excess,10075903,Reproductive system and breast disorders
Adrenal disorder,Adrenal disorder,10001347,Endocrine disorders
Adrenal gland cancer,Adrenal gland cancer,10073152,"Neoplasms benign, malignant and unspecified (incl cysts and polyps)"
Adrenal insufficiency,Adrenal insufficiency,10001367,Endocrine disorders
Adrenal mass,Adrenal mass,10053235,Endocrine disorders
Adrenocortical insufficiency acute,Adrenocortical insufficiency acute,10001389,Endocrine disorders
Adrenogenital syndrome,Adrenogenital syndrome,10061630,Endocrine disorders
Adverse drug reaction,Adverse drug reaction,10061623,General disorders and administration site conditions
Adverse event,Adverse event,10060933,General disorders and administration site conditions
Adverse event following immunisation,Adverse event following immunisation,10069520,Immune system disorders
Adverse reaction,Adverse reaction,10067484,General disorders and administration site conditions
Affect lability,Affect lability,10054196,Psychiatric disorders
Affective disorder,Affective disorder,10001443,Psychiatric disorders
Ageusia,Ageusia,10001480,Gastrointestinal disorders
Aggression,Aggression,10001488,Psychiatric disorders
Agitation,Agitation,10001497,Nervous system disorders
Agnosia,Agnosia,10048663,Nervous system disorders
Agonal respiration,Agonal respiration,10085467,Cardiac disorders
Agoraphobia,Agoraphobia,10001502,Psychiatric disorders
Agranulocytosis,Agranulocytosis,10001507,Blood and lymphatic system disorders
Agraphia,Agraphia,10001508,Nervous system disorders
Alanine aminotransferase,Alanine aminotransferase,10001546,Investigations
Alanine aminotransferase abnormal,Alanine aminotransferase abnormal,10001547,Investigations
Alanine aminotransferase increased,Alanine aminotransferase increased,10001551,Investigations
Alanine aminotransferase normal,Alanine aminotransferase normal,10001552,Investigations
Albinism,Albinism,10001557,Metabolism and nutrition disorders
Albumin CSF decreased,Albumin CSF decreased,10059979,Investigations
Albumin globulin ratio decreased,Albumin globulin ratio decreased,10001565,Investigations
Albumin globulin ratio increased,Albumin globulin ratio increased,10001567,Investigations
Albumin globulin ratio normal,Albumin globulin ratio normal,10001569,Investigations
Albuminocytological dissociation present,Albuminocytological dissociation present,10091577,Investigations
Alcohol intolerance,Alcohol intolerance,10001598,Metabolism and nutrition disorders
Alcohol use,Alcohol use,10048921,Social circumstances
Aldolase,Aldolase,10050286,Investigations
Aldolase increased,Aldolase increased,10001642,Investigations
Aldolase normal,Aldolase normal,10001643,Investigations
Aldosterone/renin ratio,Aldosterone/renin ratio,10090044,Investigations
Alexia,Alexia,10001663,Nervous system disorders
Allergic reaction to excipient,Allergic reaction to excipient,10078853,Immune system disorders
Allergic respiratory symptom,Allergic respiratory symptom,10063527,"Respiratory, thoracic and mediastinal disorders"
Allergic sinusitis,Allergic sinusitis,10049153,"Respiratory, thoracic and mediastinal disorders"
Allergy test,Allergy test,10053462,Investigations
Allergy test negative,Allergy test negative,10056362,Investigations
Allergy test positive,Allergy test positive,10056352,Investigations
Allergy to animal,Allergy to animal,10001742,Immune system disorders
Allergy to arthropod bite,Allergy to arthropod bite,10058285,Immune system disorders
Allergy to arthropod sting,Allergy to arthropod sting,10058284,Immune system disorders
Allergy to chemicals,Allergy to chemicals,10061626,Skin and subcutaneous tissue disorders
Allergy to metals,Allergy to metals,10066414,Immune system disorders
Allergy to plants,Allergy to plants,10054928,Immune system disorders
Allergy to vaccine,Allergy to vaccine,10055048,"Injury, poisoning and procedural complications"
Allodynia,Allodynia,10053552,Nervous system disorders
Alopecia,Alopecia,10001760,Skin and subcutaneous tissue disorders
Alopecia areata,Alopecia areata,10001761,Skin and subcutaneous tissue disorders
Alopecia totalis,Alopecia totalis,10001766,Skin and subcutaneous tissue disorders
Alopecia universalis,Alopecia universalis,10001767,Skin and subcutaneous tissue disorders
Alpha 1 foetoprotein normal,Alpha 1 foetoprotein normal,10001782,Investigations
Alpha 1 globulin,Alpha 1 globulin,10001783,Investigations
Alpha 2 globulin,Alpha 2 globulin,10001792,Investigations
Alpha tumour necrosis factor,Alpha tumour necrosis factor,10059981,Investigations
Alpha tumour necrosis factor increased,Alpha tumour necrosis factor increased,10059982,Investigations
Alpha-1 anti-trypsin,Alpha-1 anti-trypsin,10001803,Investigations
Alpha-1 anti-trypsin increased,Alpha-1 anti-trypsin increased,10001808,Investigations
Alpha-1 anti-trypsin normal,Alpha-1 anti-trypsin normal,10001810,Investigations
Alpha-1 antitrypsin deficiency,Alpha-1 antitrypsin deficiency,10083869,Hepatobiliary disorders
Altered state of consciousness,Altered state of consciousness,10001854,Psychiatric disorders
Altered visual depth perception,Altered visual depth perception,10053549,Eye disorders
Amblyopia,Amblyopia,10001906,Eye disorders
Amenorrhoea,Amenorrhoea,10001928,Endocrine disorders
Amino acid level,Amino acid level,10063258,Investigations
Amino acid level increased,Amino acid level increased,10063259,Investigations
Ammonia,Ammonia,10050287,Investigations
Ammonia decreased,Ammonia decreased,10001945,Investigations
Ammonia normal,Ammonia normal,10001947,Investigations
Amnesia,Amnesia,10001949,Nervous system disorders
Amniocentesis abnormal,Amniocentesis abnormal,10001959,Investigations
Amoeba test negative,Amoeba test negative,10072428,Investigations
Amusia,Amusia,10051498,Nervous system disorders
Amylase,Amylase,10002013,Investigations
Amylase decreased,Amylase decreased,10002014,Investigations
Amylase normal,Amylase normal,10072328,Investigations
Amyloidosis,Amyloidosis,10002022,Immune system disorders
Amyotrophic lateral sclerosis,Amyotrophic lateral sclerosis,10002026,Nervous system disorders
Anaemia,Anaemia,10002034,Blood and lymphatic system disorders
Anaemia macrocytic,Anaemia macrocytic,10002064,Metabolism and nutrition disorders
Anaemia of chronic disease,Anaemia of chronic disease,10002073,Blood and lymphatic system disorders
Anaemia of pregnancy,Anaemia of pregnancy,10066468,Blood and lymphatic system disorders
Anal abscess,Anal abscess,10048946,Infections and infestations
Anal fissure,Anal fissure,10002153,Gastrointestinal disorders
Anal fistula,Anal fistula,10002156,Gastrointestinal disorders
Anal fistula repair,Anal fistula repair,10082792,Surgical and medical procedures
Anal incontinence,Anal incontinence,10077605,Nervous system disorders
Anal prolapse,Anal prolapse,10065360,Gastrointestinal disorders
Anal pruritus,Anal pruritus,10068172,Gastrointestinal disorders
Analgesic drug level,Analgesic drug level,10060090,Investigations
Analgesic drug level therapeutic,Analgesic drug level therapeutic,10060943,Investigations
Anaphylactic reaction,Anaphylactic reaction,10002198,Vascular disorders
Anaphylactic shock,Anaphylactic shock,10002199,Vascular disorders
Anaphylactoid reaction,Anaphylactoid reaction,10002216,Vascular disorders
Anaphylaxis treatment,Anaphylaxis treatment,10002222,Surgical and medical procedures
Androgenetic alopecia,Androgenetic alopecia,10068168,Skin and subcutaneous tissue disorders
Aneurysm,Aneurysm,10002329,Vascular disorders
Anger,Anger,10002368,Psychiatric disorders
Angina pectoris,Angina pectoris,10002383,Cardiac disorders
Angiocardiogram,Angiocardiogram,10080743,Investigations
Angioedema,Angioedema,10002424,Immune system disorders
Angiogram,Angiogram,10061637,Investigations
Angiogram abnormal,Angiogram abnormal,10060956,Investigations
Angiogram cerebral,Angiogram cerebral,10052905,Investigations
Angiogram cerebral abnormal,Angiogram cerebral abnormal,10052906,Investigations
Angiogram cerebral normal,Angiogram cerebral normal,10052907,Investigations
Angiogram normal,Angiogram normal,10061638,Investigations
Angiogram pulmonary,Angiogram pulmonary,10002440,Investigations
Angiogram pulmonary abnormal,Angiogram pulmonary abnormal,10002441,Investigations
Angiogram pulmonary normal,Angiogram pulmonary normal,10002442,Investigations
Angiogram retina,Angiogram retina,10002443,Investigations
Angiopathy,Angiopathy,10059245,Vascular disorders
Angioplasty,Angioplasty,10002475,Surgical and medical procedures
Angiotensin converting enzyme,Angiotensin converting enzyme,10050289,Investigations
Angiotensin converting enzyme abnormal,Angiotensin converting enzyme abnormal,10087037,Investigations
Angiotensin converting enzyme normal,Angiotensin converting enzyme normal,10087039,Investigations
Angle closure glaucoma,Angle closure glaucoma,10002500,Eye disorders
Angular cheilitis,Angular cheilitis,10002509,Gastrointestinal disorders
Anhedonia,Anhedonia,10002511,Psychiatric disorders
Anhidrosis,Anhidrosis,10002512,Skin and subcutaneous tissue disorders
Animal bite,Animal bite,10002515,"Injury, poisoning and procedural complications"
Animal scratch,Animal scratch,10002519,"Injury, poisoning and procedural complications"
Anion gap,Anion gap,10002522,Investigations
Anion gap increased,Anion gap increased,10002528,Investigations
Anion gap normal,Anion gap normal,10002530,Investigations
Anisocytosis,Anisocytosis,10002536,Blood and lymphatic system disorders
Anisomastia,Anisomastia,10068732,Reproductive system and breast disorders
Ankle brachial index,Ankle brachial index,10062762,Investigations
Ankle brachial index abnormal,Ankle brachial index abnormal,10077378,Investigations
Ankle fracture,Ankle fracture,10002544,Musculoskeletal and connective tissue disorders
Ankylosing spondylitis,Ankylosing spondylitis,10002556,Musculoskeletal and connective tissue disorders
Anogenital dysplasia,Anogenital dysplasia,10051999,Reproductive system and breast disorders
Anonychia,Anonychia,10081861,Skin and subcutaneous tissue disorders
Anorectal discomfort,Anorectal discomfort,10068286,Gastrointestinal disorders
Anorectal manometry,Anorectal manometry,10053474,Investigations
Anosmia,Anosmia,10002653,"Respiratory, thoracic and mediastinal disorders"
Anovulatory cycle,Anovulatory cycle,10002659,Endocrine disorders
Anovulvar fistula,Anovulvar fistula,10050362,Reproductive system and breast disorders
Anti-GAD antibody,Anti-GAD antibody,10059729,Investigations
Anti-GAD antibody positive,Anti-GAD antibody positive,10059728,Investigations
Anti-Muellerian hormone level decreased,Anti-Muellerian hormone level decreased,10075158,Investigations
Anti-NMDA antibody positive,Anti-NMDA antibody positive,10072500,Investigations
Anti-aquaporin-4 antibody,Anti-aquaporin-4 antibody,10071466,Investigations
Anti-aquaporin-4 antibody negative,Anti-aquaporin-4 antibody negative,10072507,Investigations
Anti-cyclic citrullinated peptide antibody,Anti-cyclic citrullinated peptide antibody,10068810,Investigations
Anti-cyclic citrullinated peptide antibody negative,Anti-cyclic citrullinated peptide antibody negative,10068799,Investigations
Anti-cyclic citrullinated peptide antibody positive,Anti-cyclic citrullinated peptide antibody positive,10068798,Investigations
Anti-ganglioside antibody,Anti-ganglioside antibody,10071473,Investigations
Anti-ganglioside antibody negative,Anti-ganglioside antibody negative,10072515,Investigations
Anti-ganglioside antibody positive,Anti-ganglioside antibody positive,10072516,Investigations
Anti-insulin antibody increased,Anti-insulin antibody increased,10053815,Investigations
Anti-islet cell antibody negative,Anti-islet cell antibody negative,10072520,Investigations
Anti-melanoma differentiation-associated protein 5 antibody positive,Anti-melanoma differentiation-associated protein 5 antibody positive,10085439,Investigations
Anti-muscle specific kinase antibody,Anti-muscle specific kinase antibody,10071475,Investigations
Anti-neuronal antibody,Anti-neuronal antibody,10071463,Investigations
Anti-neutrophil cytoplasmic antibody positive vasculitis,Anti-neutrophil cytoplasmic antibody positive vasculitis,10050894,Vascular disorders
Anti-prothrombin antibody positive,Anti-prothrombin antibody positive,10049411,Investigations
Anti-thyroid antibody,Anti-thyroid antibody,10060325,Investigations
Anti-thyroid antibody increased,Anti-thyroid antibody increased,10085912,Investigations
Anti-thyroid antibody positive,Anti-thyroid antibody positive,10060310,Investigations
Anti-transglutaminase antibody,Anti-transglutaminase antibody,10071472,Investigations
Anti-vimentin antibody positive,Anti-vimentin antibody positive,10072528,Investigations
Anti-zinc transporter 8 antibody negative,Anti-zinc transporter 8 antibody negative,10072529,Investigations
Antiacetylcholine receptor antibody,Antiacetylcholine receptor antibody,10059956,Investigations
Antibody test,Antibody test,10060979,Investigations
Antibody test abnormal,Antibody test abnormal,10061425,Investigations
Antibody test negative,Antibody test negative,10061426,Investigations
Antibody test normal,Antibody test normal,10061429,Investigations
Antibody test positive,Antibody test positive,10061427,Investigations
Anticonvulsant drug level,Anticonvulsant drug level,10059466,Investigations
Antigliadin antibody,Antigliadin antibody,10080857,Investigations
Antimicrobial susceptibility test resistant,Antimicrobial susceptibility test resistant,10002793,Investigations
Antimitochondrial antibody,Antimitochondrial antibody,10002795,Investigations
Antineutrophil cytoplasmic antibody,Antineutrophil cytoplasmic antibody,10050552,Investigations
Antineutrophil cytoplasmic antibody negative,Antineutrophil cytoplasmic antibody negative,10060137,Investigations
Antineutrophil cytoplasmic antibody positive,Antineutrophil cytoplasmic antibody positive,10060136,Investigations
Antinuclear antibody,Antinuclear antibody,10002807,Investigations
Antinuclear antibody increased,Antinuclear antibody increased,10064726,Investigations
Antinuclear antibody negative,Antinuclear antibody negative,10002809,Investigations
Antinuclear antibody positive,Antinuclear antibody positive,10060055,Investigations
Antiphospholipid antibodies,Antiphospholipid antibodies,10058341,Investigations
Antiphospholipid antibodies negative,Antiphospholipid antibodies negative,10058342,Investigations
Antiphospholipid antibodies positive,Antiphospholipid antibodies positive,10048678,Investigations
Antiphospholipid syndrome,Antiphospholipid syndrome,10002817,Immune system disorders
Antisocial behaviour,Antisocial behaviour,10002820,Psychiatric disorders
Antisynthetase syndrome,Antisynthetase syndrome,10068801,Immune system disorders
Antithrombin III,Antithrombin III,10050640,Investigations
Anuria,Anuria,10002847,Renal and urinary disorders
Anxiety,Anxiety,10002855,Psychiatric disorders
Anxiety disorder,Anxiety disorder,10057666,Psychiatric disorders
Aortic aneurysm,Aortic aneurysm,10002882,Vascular disorders
Aortic dilatation,Aortic dilatation,10057453,Vascular disorders
Aortic stenosis,Aortic stenosis,10002906,Vascular disorders
Aortic thrombosis,Aortic thrombosis,10002910,Vascular disorders
Aortic valve incompetence,Aortic valve incompetence,10002915,Cardiac disorders
Aortic valve replacement,Aortic valve replacement,10002916,Surgical and medical procedures
Aortic valve sclerosis,Aortic valve sclerosis,10002917,Cardiac disorders
Aortitis,Aortitis,10002921,Vascular disorders
Apallic syndrome,Apallic syndrome,10002941,Nervous system disorders
Apathy,Apathy,10002942,Psychiatric disorders
Apgar score low,Apgar score low,10002944,Investigations
Aphasia,Aphasia,10002948,Nervous system disorders
Aphonia,Aphonia,10002953,Psychiatric disorders
Aphthous ulcer,Aphthous ulcer,10002959,Gastrointestinal disorders
Aplastic anaemia,Aplastic anaemia,10002967,Blood and lymphatic system disorders
Apnoea,Apnoea,10002974,"Respiratory, thoracic and mediastinal disorders"
Appendicectomy,Appendicectomy,10003010,Surgical and medical procedures
Appendicitis,Appendicitis,10003011,Infections and infestations
Appendicitis perforated,Appendicitis perforated,10003012,Infections and infestations
Appendicolith,Appendicolith,10074458,Gastrointestinal disorders
Appendix cancer,Appendix cancer,10073360,"Neoplasms benign, malignant and unspecified (incl cysts and polyps)"
Appendix disorder,Appendix disorder,10060960,Gastrointestinal disorders
Appetite disorder,Appetite disorder,10060961,Psychiatric disorders
Arachnoid cyst,Arachnoid cyst,10049005,"Neoplasms benign, malignant and unspecified (incl cysts and polyps)"
Arachnoiditis,Arachnoiditis,10003074,"Injury, poisoning and procedural complications"
Areflexia,Areflexia,10003084,Nervous system disorders
Arm amputation,Arm amputation,10003096,Surgical and medical procedures
Arnold-Chiari malformation,Arnold-Chiari malformation,10003101,"Congenital, familial and genetic disorders"
Arrhythmia,Arrhythmia,10003119,Cardiac disorders
Arterial catheterisation,Arterial catheterisation,10003148,Surgical and medical procedures
Arterial injury,Arterial injury,10003162,Vascular disorders
Arterial occlusive disease,Arterial occlusive disease,10062599,Vascular disorders
Arterial thrombosis,Arterial thrombosis,10003178,Vascular disorders
Arteriogram carotid,Arteriogram carotid,10003194,Investigations
Arteriogram carotid normal,Arteriogram carotid normal,10003196,Investigations
Arteriosclerosis,Arteriosclerosis,10003210,Vascular disorders
Arteriosclerosis coronary artery,Arteriosclerosis coronary artery,10003211,Cardiac disorders
Arteriospasm coronary,Arteriospasm coronary,10003225,Vascular disorders
Artery dissection,Artery dissection,10061660,Vascular disorders
Arthralgia,Arthralgia,10003239,Musculoskeletal and connective tissue disorders
Arthritis,Arthritis,10003246,Musculoskeletal and connective tissue disorders
Arthritis bacterial,Arthritis bacterial,10053555,Musculoskeletal and connective tissue disorders
Arthritis infective,Arthritis infective,10060968,Musculoskeletal and connective tissue disorders
Arthritis reactive,Arthritis reactive,10003267,Infections and infestations
Arthrogram abnormal,Arthrogram abnormal,10003279,Investigations
Arthropathy,Arthropathy,10003285,Musculoskeletal and connective tissue disorders
Arthropod bite,Arthropod bite,10003399,"Injury, poisoning and procedural complications"
Arthropod sting,Arthropod sting,10003402,"Injury, poisoning and procedural complications"
Artificial crown procedure,Artificial crown procedure,10058456,Surgical and medical procedures
Ascending flaccid paralysis,Ascending flaccid paralysis,10087798,Infections and infestations
Ascites,Ascites,10003445,Cardiac disorders
Aspartate aminotransferase,Aspartate aminotransferase,10003476,Investigations
Aspartate aminotransferase abnormal,Aspartate aminotransferase abnormal,10003477,Investigations
Aspartate aminotransferase increased,Aspartate aminotransferase increased,10003481,Investigations
Aspartate aminotransferase normal,Aspartate aminotransferase normal,10003482,Investigations
Aspergillus test,Aspergillus test,10070450,Investigations
Asphyxia,Asphyxia,10003497,"Respiratory, thoracic and mediastinal disorders"
Aspiration,Aspiration,10003504,"Respiratory, thoracic and mediastinal disorders"
Aspiration bone marrow,Aspiration bone marrow,10003505,Investigations
Aspiration joint,Aspiration joint,10003517,Investigations
Aspiration joint abnormal,Aspiration joint abnormal,10003518,Investigations
Aspiration pleural cavity,Aspiration pleural cavity,10003522,Investigations
Asterixis,Asterixis,10003547,Nervous system disorders
Asthenia,Asthenia,10003549,Psychiatric disorders
Asthenopia,Asthenopia,10003552,Eye disorders
Asthma,Asthma,10003553,"Respiratory, thoracic and mediastinal disorders"
Asthma exercise induced,Asthma exercise induced,10003557,"Respiratory, thoracic and mediastinal disorders"
Asthma late onset,Asthma late onset,10003559,"Respiratory, thoracic and mediastinal disorders"
Astrocytoma malignant,Astrocytoma malignant,10060971,"Neoplasms benign, malignant and unspecified (incl cysts and polyps)"
Astrovirus test,Astrovirus test,10086214,Investigations
Ataxia,Ataxia,10003591,Nervous system disorders
Atelectasis,Atelectasis,10003598,"Respiratory, thoracic and mediastinal disorders"
Atherectomy,Atherectomy,10063025,Surgical and medical procedures
Atlantoaxial instability,Atlantoaxial instability,10063580,Musculoskeletal and connective tissue disorders
Atrial fibrillation,Atrial fibrillation,10003658,Cardiac disorders
Atrial flutter,Atrial flutter,10003662,Cardiac disorders
Atrial septal defect,Atrial septal defect,10003664,Cardiac disorders
Atrial septal defect repair,Atrial septal defect repair,10003667,Surgical and medical procedures
Atrial tachycardia,Atrial tachycardia,10003668,Cardiac disorders
Atrial thrombosis,Atrial thrombosis,10048632,Cardiac disorders
Atrioventricular block,Atrioventricular block,10003671,Cardiac disorders
Atrioventricular block complete,Atrioventricular block complete,10003673,Cardiac disorders
Atrioventricular block first degree,Atrioventricular block first degree,10003674,Cardiac disorders
Atrioventricular block second degree,Atrioventricular block second degree,10003677,Cardiac disorders
Atrophic vulvovaginitis,Atrophic vulvovaginitis,10003693,Reproductive system and breast disorders
Atrophy,Atrophy,10003694,General disorders and administration site conditions
Attention deficit hyperactivity disorder,Attention deficit hyperactivity disorder,10083622,Psychiatric disorders
Atypical pneumonia,Atypical pneumonia,10003757,"Respiratory, thoracic and mediastinal disorders"
Audiogram,Audiogram,10003760,Investigations
Audiogram abnormal,Audiogram abnormal,10003761,Investigations
Auditory disorder,Auditory disorder,10003778,Ear and labyrinth disorders
Auditory nerve disorder,Auditory nerve disorder,10078794,Nervous system disorders
Aura,Aura,10003791,Nervous system disorders
Autism spectrum disorder,Autism spectrum disorder,10063844,Nervous system disorders
Autoantibody negative,Autoantibody negative,10060974,Investigations
Autoantibody positive,Autoantibody positive,10060973,Investigations
Autoantibody test,Autoantibody test,10060972,Investigations
Autoimmune arthritis,Autoimmune arthritis,10071155,Musculoskeletal and connective tissue disorders
Autoimmune disorder,Autoimmune disorder,10061664,Immune system disorders
Autoimmune haemolytic anaemia,Autoimmune haemolytic anaemia,10073785,Blood and lymphatic system disorders
Autoimmune hepatitis,Autoimmune hepatitis,10003827,Hepatobiliary disorders
Autoimmune inner ear disease,Autoimmune inner ear disease,10065996,Ear and labyrinth disorders
Autoimmune pancreatitis,Autoimmune pancreatitis,10069002,Gastrointestinal disorders
Autoimmune thyroiditis,Autoimmune thyroiditis,10049046,Endocrine disorders
Autologous blood patching,Autologous blood patching,10089468,Surgical and medical procedures
Autonomic dysreflexia,Autonomic dysreflexia,10068196,"Injury, poisoning and procedural complications"
Autonomic failure syndrome,Autonomic failure syndrome,10056339,Vascular disorders
Autonomic nervous system imbalance,Autonomic nervous system imbalance,10003840,Vascular disorders
Autonomic neuropathy,Autonomic neuropathy,10061666,Nervous system disorders
Autophony,Autophony,10048827,Ear and labyrinth disorders
Autopsy,Autopsy,10050117,Investigations
Axillary lymphadenectomy,Axillary lymphadenectomy,10068477,Surgical and medical procedures
Axillary mass,Axillary mass,10049021,Musculoskeletal and connective tissue disorders
Axillary pain,Axillary pain,10048750,General disorders and administration site conditions
Axonal and demyelinating polyneuropathy,Axonal and demyelinating polyneuropathy,10084153,Infections and infestations
Axonal neuropathy,Axonal neuropathy,10003882,Nervous system disorders
Azotaemia,Azotaemia,10003885,Renal and urinary disorders
B-cell lymphoma,B-cell lymphoma,10003899,"Neoplasms benign, malignant and unspecified (incl cysts and polyps)"
B-cell small lymphocytic lymphoma,B-cell small lymphocytic lymphoma,10003908,"Neoplasms benign, malignant and unspecified (incl cysts and polyps)"
B-lymphocyte count abnormal,B-lymphocyte count abnormal,10078589,Investigations
BRCA1 gene mutation assay,BRCA1 gene mutation assay,10071963,Investigations
Back disorder,Back disorder,10003983,Musculoskeletal and connective tissue disorders
Back injury,Back injury,10003986,"Injury, poisoning and procedural complications"
Back pain,Back pain,10003988,Musculoskeletal and connective tissue disorders
Bacteraemia,Bacteraemia,10003997,Infections and infestations
Bacterial disease carrier,Bacterial disease carrier,10004017,Infections and infestations
Bacterial infection,Bacterial infection,10060945,Infections and infestations
Bacterial test,Bacterial test,10068074,Investigations
Bacterial test negative,Bacterial test negative,10065004,Investigations
Bacterial test positive,Bacterial test positive,10059421,Investigations
Bacterial vaginosis,Bacterial vaginosis,10004055,Reproductive system and breast disorders
Bacterial vulvovaginitis,Bacterial vulvovaginitis,10079528,Reproductive system and breast disorders
Balance disorder,Balance disorder,10049848,Nervous system disorders
Balance test,Balance test,10084567,Investigations
Balanoposthitis,Balanoposthitis,10004078,Reproductive system and breast disorders
Band neutrophil count,Band neutrophil count,10059477,Investigations
Band neutrophil count increased,Band neutrophil count increased,10050759,Investigations
Band neutrophil percentage,Band neutrophil percentage,10059468,Investigations
Band neutrophil percentage decreased,Band neutrophil percentage decreased,10059130,Investigations
Band neutrophil percentage increased,Band neutrophil percentage increased,10059129,Investigations
Bandaemia,Bandaemia,10072081,Blood and lymphatic system disorders
Barium enema abnormal,Barium enema abnormal,10004116,Investigations
Barium swallow,Barium swallow,10004124,Investigations
Barium swallow normal,Barium swallow normal,10004126,Investigations
Barotrauma,Barotrauma,10061688,"Injury, poisoning and procedural complications"
Barrel chest,Barrel chest,10004133,Musculoskeletal and connective tissue disorders
Bartonella test negative,Bartonella test negative,10075208,Investigations
Basal cell carcinoma,Basal cell carcinoma,10004146,"Neoplasms benign, malignant and unspecified (incl cysts and polyps)"
Basal ganglia haemorrhage,Basal ganglia haemorrhage,10067057,Vascular disorders
Basal ganglia infarction,Basal ganglia infarction,10069020,Nervous system disorders
Base excess,Base excess,10059961,Investigations
Base excess decreased,Base excess decreased,10059994,Investigations
Base excess negative,Base excess negative,10060915,Investigations
Basophil count,Basophil count,10049695,Investigations
Basophil count decreased,Basophil count decreased,10004167,Investigations
Basophil count increased,Basophil count increased,10004169,Investigations
Basophil count normal,Basophil count normal,10004170,Investigations
Basophil percentage,Basophil percentage,10059471,Investigations
Basophil percentage decreased,Basophil percentage decreased,10052219,Investigations
Basophil percentage increased,Basophil percentage increased,10052220,Investigations
Bed sharing,Bed sharing,10069595,Social circumstances
Bedridden,Bedridden,10048948,Social circumstances
Behaviour disorder,Behaviour disorder,10004207,Psychiatric disorders
Behcet's syndrome,Behcet's syndrome,10004213,Eye disorders
Bell's palsy,Bell's palsy,10004223,Nervous system disorders
Benign enlargement of the subarachnoid spaces,Benign enlargement of the subarachnoid spaces,10078477,Nervous system disorders
Benign fasciculation syndrome,Benign fasciculation syndrome,10086907,Nervous system disorders
Benign prostatic hyperplasia,Benign prostatic hyperplasia,10004446,Reproductive system and breast disorders
Beta 2 microglobulin normal,Beta 2 microglobulin normal,10004498,Investigations
Beta globulin,Beta globulin,10059561,Investigations
Beta haemolytic streptococcal infection,Beta haemolytic streptococcal infection,10052100,Infections and infestations
Beta-2 glycoprotein antibody,Beta-2 glycoprotein antibody,10066403,Investigations
Beta-2 glycoprotein antibody negative,Beta-2 glycoprotein antibody negative,10066405,Investigations
Beta-2 glycoprotein antibody positive,Beta-2 glycoprotein antibody positive,10066404,Investigations
Bickerstaff's encephalitis,Bickerstaff's encephalitis,10076985,Infections and infestations
Bifascicular block,Bifascicular block,10057393,Cardiac disorders
Bile acids,Bile acids,10088183,Investigations
Bile duct stenosis,Bile duct stenosis,10051341,Hepatobiliary disorders
Bile duct stent insertion,Bile duct stent insertion,10051773,Surgical and medical procedures
Bile duct stent removal,Bile duct stent removal,10069951,Surgical and medical procedures
Bile duct stone,Bile duct stone,10004637,Hepatobiliary disorders
Biliary colic,Biliary colic,10004663,Hepatobiliary disorders
Biliary dilatation,Biliary dilatation,10057202,Hepatobiliary disorders
Biliary tract dilation procedure,Biliary tract dilation procedure,10057205,Surgical and medical procedures
Bilirubin conjugated,Bilirubin conjugated,10004684,Investigations
Bilirubin conjugated decreased,Bilirubin conjugated decreased,10073405,Investigations
Bilirubin conjugated increased,Bilirubin conjugated increased,10004685,Investigations
Bilirubin urine,Bilirubin urine,10053113,Investigations
Binocular eye movement disorder,Binocular eye movement disorder,10061010,Eye disorders
Binocular visual dysfunction,Binocular visual dysfunction,10090124,Eye disorders
Biopsy,Biopsy,10004720,Investigations
Biopsy artery abnormal,Biopsy artery abnormal,10058364,Investigations
Biopsy bile duct normal,Biopsy bile duct normal,10058394,Investigations
Biopsy bone,Biopsy bone,10004735,Investigations
Biopsy bone marrow,Biopsy bone marrow,10004737,Investigations
Biopsy bone marrow abnormal,Biopsy bone marrow abnormal,10004738,Investigations
Biopsy bone marrow normal,Biopsy bone marrow normal,10004739,Investigations
Biopsy brain,Biopsy brain,10004741,Investigations
Biopsy brain abnormal,Biopsy brain abnormal,10004742,Investigations
Biopsy breast,Biopsy breast,10004744,Investigations
Biopsy breast abnormal,Biopsy breast abnormal,10004745,Investigations
Biopsy cervix,Biopsy cervix,10004753,Investigations
Biopsy cervix abnormal,Biopsy cervix abnormal,10004754,Investigations
Biopsy colon abnormal,Biopsy colon abnormal,10004760,Investigations
Biopsy colon normal,Biopsy colon normal,10004761,Investigations
Biopsy gingival,Biopsy gingival,10065076,Investigations
Biopsy heart abnormal,Biopsy heart abnormal,10004780,Investigations
Biopsy intestine abnormal,Biopsy intestine abnormal,10058371,Investigations
Biopsy kidney,Biopsy kidney,10004782,Investigations
Biopsy kidney abnormal,Biopsy kidney abnormal,10004783,Investigations
Biopsy kidney normal,Biopsy kidney normal,10004784,Investigations
Biopsy liver,Biopsy liver,10004791,Investigations
Biopsy liver abnormal,Biopsy liver abnormal,10004792,Investigations
Biopsy lung,Biopsy lung,10004794,Investigations
Biopsy lung normal,Biopsy lung normal,10004796,Investigations
Biopsy lymph gland,Biopsy lymph gland,10004797,Investigations
Biopsy lymph gland abnormal,Biopsy lymph gland abnormal,10004798,Investigations
Biopsy muscle,Biopsy muscle,10004802,Investigations
Biopsy muscle abnormal,Biopsy muscle abnormal,10004803,Investigations
Biopsy muscle normal,Biopsy muscle normal,10004804,Investigations
Biopsy oesophagus,Biopsy oesophagus,10004808,Investigations
Biopsy oesophagus normal,Biopsy oesophagus normal,10004810,Investigations
Biopsy peripheral nerve,Biopsy peripheral nerve,10004845,Investigations
Biopsy peripheral nerve abnormal,Biopsy peripheral nerve abnormal,10004846,Investigations
Biopsy placenta,Biopsy placenta,10065916,Investigations
Biopsy prostate,Biopsy prostate,10004857,Investigations
Biopsy prostate abnormal,Biopsy prostate abnormal,10048535,Investigations
Biopsy rectum abnormal,Biopsy rectum abnormal,10004860,Investigations
Biopsy skin,Biopsy skin,10004873,Investigations
Biopsy skin abnormal,Biopsy skin abnormal,10004874,Investigations
Biopsy skin normal,Biopsy skin normal,10004875,Investigations
Biopsy small intestine abnormal,Biopsy small intestine abnormal,10053283,Investigations
Biopsy stomach,Biopsy stomach,10004879,Investigations
Biopsy thyroid gland,Biopsy thyroid gland,10004888,Investigations
Biopsy thyroid gland abnormal,Biopsy thyroid gland abnormal,10004889,Investigations
Biopsy thyroid gland normal,Biopsy thyroid gland normal,10004890,Investigations
Biopsy tongue,Biopsy tongue,10004891,Investigations
Biopsy vulva abnormal,Biopsy vulva abnormal,10004904,Investigations
Bipolar I disorder,Bipolar I disorder,10004939,Psychiatric disorders
Bipolar disorder,Bipolar disorder,10057667,Psychiatric disorders
Bite,Bite,10004966,"Injury, poisoning and procedural complications"
Bladder calculus removal,Bladder calculus removal,10005002,Surgical and medical procedures
Bladder cancer,Bladder cancer,10005003,"Neoplasms benign, malignant and unspecified (incl cysts and polyps)"
Bladder cancer stage III,Bladder cancer stage III,10005011,"Neoplasms benign, malignant and unspecified (incl cysts and polyps)"
Bladder catheterisation,Bladder catheterisation,10005028,Surgical and medical procedures
Bladder dilatation,Bladder dilatation,10005033,Renal and urinary disorders
Bladder discomfort,Bladder discomfort,10005034,Renal and urinary disorders
Bladder disorder,Bladder disorder,10061011,Renal and urinary disorders
Bladder dysfunction,Bladder dysfunction,10069632,Renal and urinary disorders
Bladder hypertrophy,Bladder hypertrophy,10063408,Renal and urinary disorders
Bladder injury,Bladder injury,10061698,"Injury, poisoning and procedural complications"
Bladder irritation,Bladder irritation,10005052,Renal and urinary disorders
Bladder outlet obstruction,Bladder outlet obstruction,10071445,Renal and urinary disorders
Bladder scan,Bladder scan,10061940,Investigations
Blast cell count decreased,Blast cell count decreased,10062275,Investigations
Blau syndrome,Blau syndrome,10071755,Skin and subcutaneous tissue disorders
Blepharitis,Blepharitis,10005148,Eye disorders
Blepharospasm,Blepharospasm,10005159,Eye disorders
Blindness,Blindness,10005169,Eye disorders
Blindness transient,Blindness transient,10005184,Eye disorders
Blindness unilateral,Blindness unilateral,10005186,Eye disorders
Blister,Blister,10005191,"Injury, poisoning and procedural complications"
Blister rupture,Blister rupture,10073385,"Injury, poisoning and procedural complications"
Blood 25-hydroxycholecalciferol,Blood 25-hydroxycholecalciferol,10059936,Investigations
Blood HIV RNA,Blood HIV RNA,10049826,Investigations
Blood HIV RNA below assay limit,Blood HIV RNA below assay limit,10049829,Investigations
Blood HIV RNA increased,Blood HIV RNA increased,10049827,Investigations
Blood albumin,Blood albumin,10005285,Investigations
Blood albumin decreased,Blood albumin decreased,10005287,Investigations
Blood albumin normal,Blood albumin normal,10005289,Investigations
Blood alcohol increased,Blood alcohol increased,10060013,Investigations
Blood alcohol normal,Blood alcohol normal,10062897,Investigations
Blood alkaline phosphatase,Blood alkaline phosphatase,10005298,Investigations
Blood alkaline phosphatase increased,Blood alkaline phosphatase increased,10059570,Investigations
Blood alkaline phosphatase normal,Blood alkaline phosphatase normal,10005310,Investigations
Blood aluminium increased,Blood aluminium increased,10005321,Investigations
Blood aluminium normal,Blood aluminium normal,10005322,Investigations
Blood beta-D-glucan positive,Blood beta-D-glucan positive,10083491,Investigations
Blood bicarbonate,Blood bicarbonate,10005357,Investigations
Blood bicarbonate decreased,Blood bicarbonate decreased,10005359,Investigations
Blood bicarbonate increased,Blood bicarbonate increased,10005360,Investigations
Blood bicarbonate normal,Blood bicarbonate normal,10005361,Investigations
Blood bilirubin,Blood bilirubin,10005362,Investigations
Blood bilirubin decreased,Blood bilirubin decreased,10049869,Investigations
Blood bilirubin increased,Blood bilirubin increased,10005364,Investigations
Blood bilirubin normal,Blood bilirubin normal,10005367,Investigations
Blood blister,Blood blister,10005372,"Injury, poisoning and procedural complications"
Blood brain barrier defect,Blood brain barrier defect,10057361,Vascular disorders
Blood calcium,Blood calcium,10005392,Investigations
Blood calcium decreased,Blood calcium decreased,10005395,Investigations
Blood calcium increased,Blood calcium increased,10005396,Investigations
Blood calcium normal,Blood calcium normal,10005397,Investigations
Blood catecholamines,Blood catecholamines,10005411,Investigations
Blood chloride,Blood chloride,10005416,Investigations
Blood chloride decreased,Blood chloride decreased,10005419,Investigations
Blood chloride increased,Blood chloride increased,10005420,Investigations
Blood chloride normal,Blood chloride normal,10005421,Investigations
Blood cholesterol,Blood cholesterol,10005422,Investigations
Blood cholesterol abnormal,Blood cholesterol abnormal,10005423,Investigations
Blood cholesterol increased,Blood cholesterol increased,10005425,Investigations
Blood cholesterol normal,Blood cholesterol normal,10005426,Investigations
Blood chromium,Blood chromium,10005433,Investigations
Blood chromium normal,Blood chromium normal,10005436,Investigations
Blood chromogranin A,Blood chromogranin A,10068766,Investigations
Blood copper,Blood copper,10005439,Investigations
Blood copper decreased,Blood copper decreased,10005442,Investigations
Blood copper normal,Blood copper normal,10005444,Investigations
Blood corticotrophin,Blood corticotrophin,10005450,Investigations
Blood cortisol,Blood cortisol,10005455,Investigations
Blood creatine,Blood creatine,10005461,Investigations
Blood creatine decreased,Blood creatine decreased,10005463,Investigations
Blood creatine increased,Blood creatine increased,10005464,Investigations
Blood creatine normal,Blood creatine normal,10005466,Investigations
Blood creatine phosphokinase,Blood creatine phosphokinase,10005467,Investigations
Blood creatine phosphokinase MB,Blood creatine phosphokinase MB,10005471,Investigations
Blood creatine phosphokinase MB increased,Blood creatine phosphokinase MB increased,10005474,Investigations
Blood creatine phosphokinase decreased,Blood creatine phosphokinase decreased,10067760,Investigations
Blood creatine phosphokinase increased,Blood creatine phosphokinase increased,10005470,Investigations
Blood creatine phosphokinase normal,Blood creatine phosphokinase normal,10005479,Investigations
Blood creatinine,Blood creatinine,10005480,Investigations
Blood creatinine abnormal,Blood creatinine abnormal,10005481,Investigations
Blood creatinine decreased,Blood creatinine decreased,10005482,Investigations
Blood creatinine increased,Blood creatinine increased,10005483,Investigations
Blood creatinine normal,Blood creatinine normal,10005484,Investigations
Blood culture,Blood culture,10005485,Investigations
Blood culture negative,Blood culture negative,10005486,Investigations
Blood culture positive,Blood culture positive,10005488,Investigations
Blood disorder,Blood disorder,10061590,Blood and lymphatic system disorders
Blood donor,Blood donor,10005494,Social circumstances
Blood electrolytes,Blood electrolytes,10061013,Investigations
Blood electrolytes decreased,Blood electrolytes decreased,10061715,Investigations
Blood electrolytes normal,Blood electrolytes normal,10061015,Investigations
Blood ethanol,Blood ethanol,10005513,Investigations
Blood ethanol normal,Blood ethanol normal,10005516,Investigations
Blood fibrinogen,Blood fibrinogen,10005517,Investigations
Blood fibrinogen increased,Blood fibrinogen increased,10005521,Investigations
Blood fibrinogen normal,Blood fibrinogen normal,10005522,Investigations
Blood folate,Blood folate,10005524,Investigations
Blood folate normal,Blood folate normal,10005529,Investigations
Blood follicle stimulating hormone,Blood follicle stimulating hormone,10005531,Investigations
Blood follicle stimulating hormone increased,Blood follicle stimulating hormone increased,10005534,Investigations
Blood gases,Blood gases,10005537,Investigations
Blood gases abnormal,Blood gases abnormal,10005539,Investigations
Blood gases normal,Blood gases normal,10005540,Investigations
Blood glucagon normal,Blood glucagon normal,10005552,Investigations
Blood glucose,Blood glucose,10005553,Investigations
Blood glucose abnormal,Blood glucose abnormal,10005554,Investigations
Blood glucose decreased,Blood glucose decreased,10005555,Investigations
Blood glucose fluctuation,Blood glucose fluctuation,10049803,Investigations
Blood glucose increased,Blood glucose increased,10005557,Investigations
Blood glucose normal,Blood glucose normal,10005558,Investigations
Blood grouping,Blood grouping,10005569,Investigations
Blood homocysteine,Blood homocysteine,10062994,Investigations
Blood homocysteine normal,Blood homocysteine normal,10049736,Investigations
Blood immunoglobulin A,Blood immunoglobulin A,10005583,Investigations
Blood immunoglobulin A increased,Blood immunoglobulin A increased,10005586,Investigations
Blood immunoglobulin A normal,Blood immunoglobulin A normal,10005587,Investigations
Blood immunoglobulin E,Blood immunoglobulin E,10005588,Investigations
Blood immunoglobulin E increased,Blood immunoglobulin E increased,10005591,Investigations
Blood immunoglobulin E normal,Blood immunoglobulin E normal,10005592,Investigations
Blood immunoglobulin G,Blood immunoglobulin G,10005593,Investigations
Blood immunoglobulin G abnormal,Blood immunoglobulin G abnormal,10005594,Investigations
Blood immunoglobulin G decreased,,,API_Error
Blood immunoglobulin G increased,Blood immunoglobulin G increased,10005596,Investigations
Blood immunoglobulin G normal,Blood immunoglobulin G normal,10005597,Investigations
Blood immunoglobulin M,Blood immunoglobulin M,10005598,Investigations
Blood immunoglobulin M increased,Blood immunoglobulin M increased,10005601,Investigations
Blood immunoglobulin M normal,Blood immunoglobulin M normal,10005602,Investigations
Blood iron,Blood iron,10005616,Investigations
Blood iron abnormal,Blood iron abnormal,10005617,Investigations
Blood iron decreased,Blood iron decreased,10005619,Investigations
Blood iron increased,Blood iron increased,10005620,Investigations
Blood iron normal,Blood iron normal,10005621,Investigations
Blood ketone body,Blood ketone body,10057593,Investigations
Blood lactate dehydrogenase,Blood lactate dehydrogenase,10005626,Investigations
Blood lactate dehydrogenase increased,Blood lactate dehydrogenase increased,10005630,Investigations
Blood lactate dehydrogenase normal,Blood lactate dehydrogenase normal,10005631,Investigations
Blood lactic acid,Blood lactic acid,10005632,Investigations
Blood lactic acid abnormal,Blood lactic acid abnormal,10005633,Investigations
Blood lactic acid decreased,Blood lactic acid decreased,10005634,Investigations
Blood lactic acid increased,Blood lactic acid increased,10005635,Investigations
Blood lactic acid normal,Blood lactic acid normal,10005636,Investigations
Blood lead increased,Blood lead increased,10005642,Investigations
Blood lead normal,Blood lead normal,10005643,Investigations
Blood loss anaemia,Blood loss anaemia,10082297,Vascular disorders
Blood luteinising hormone,Blood luteinising hormone,10005646,Investigations
Blood magnesium,Blood magnesium,10005651,Investigations
Blood magnesium decreased,Blood magnesium decreased,10005654,Investigations
Blood magnesium increased,Blood magnesium increased,10005655,Investigations
Blood magnesium normal,Blood magnesium normal,10005656,Investigations
Blood mercury abnormal,Blood mercury abnormal,10060093,Investigations
Blood oestrogen,Blood oestrogen,10005684,Investigations
Blood oestrogen decreased,Blood oestrogen decreased,10005687,Investigations
Blood osmolarity normal,Blood osmolarity normal,10005698,Investigations
Blood pH,Blood pH,10061724,Investigations
Blood pH decreased,Blood pH decreased,10005706,Investigations
Blood pH increased,Blood pH increased,10005708,Investigations
Blood pH normal,,,API_Error
Blood parathyroid hormone,Blood parathyroid hormone,10005699,Investigations
Blood parathyroid hormone normal,Blood parathyroid hormone normal,10005704,Investigations
Blood phosphorus,Blood phosphorus,10005717,Investigations
Blood phosphorus normal,Blood phosphorus normal,10054887,Investigations
Blood potassium,Blood potassium,10005721,Investigations
Blood potassium decreased,Blood potassium decreased,10005724,Investigations
Blood potassium increased,Blood potassium increased,10005725,Investigations
Blood potassium normal,Blood potassium normal,10005726,Investigations
Blood pressure abnormal,Blood pressure abnormal,10005728,Investigations
Blood pressure ambulatory,Blood pressure ambulatory,10005729,Investigations
Blood pressure decreased,Blood pressure decreased,10005734,Investigations
Blood pressure diastolic,Blood pressure diastolic,10005735,Investigations
Blood pressure diastolic decreased,Blood pressure diastolic decreased,10005737,Investigations
Blood pressure fluctuation,Blood pressure fluctuation,10005746,Vascular disorders
Blood pressure immeasurable,Blood pressure immeasurable,10005748,Investigations
Blood pressure inadequately controlled,Blood pressure inadequately controlled,10051128,Vascular disorders
Blood pressure increased,Blood pressure increased,10005750,Investigations
Blood pressure measurement,Blood pressure measurement,10076581,Investigations
Blood pressure orthostatic increased,Blood pressure orthostatic increased,10053355,Investigations
Blood pressure systolic,Blood pressure systolic,10005756,Investigations
Blood pressure systolic increased,Blood pressure systolic increased,10005760,Investigations
Blood prolactin,Blood prolactin,10005777,Investigations
Blood pyruvic acid normal,Blood pyruvic acid normal,10005788,Investigations
Blood smear test normal,Blood smear test normal,10059664,Investigations
Blood sodium,Blood sodium,10005799,Investigations
Blood sodium decreased,Blood sodium decreased,10005802,Investigations
Blood sodium normal,Blood sodium normal,10005804,Investigations
Blood test,Blood test,10061726,Investigations
Blood test abnormal,Blood test abnormal,10061016,Investigations
Blood test normal,Blood test normal,10050540,Investigations
Blood testosterone,Blood testosterone,10005811,Investigations
Blood testosterone decreased,Blood testosterone decreased,10005814,Investigations
Blood testosterone free,Blood testosterone free,10053787,Investigations
Blood testosterone increased,Blood testosterone increased,10005815,Investigations
Blood thyroid stimulating hormone,Blood thyroid stimulating hormone,10005829,Investigations
Blood thyroid stimulating hormone abnormal,Blood thyroid stimulating hormone abnormal,10005830,Investigations
Blood thyroid stimulating hormone decreased,Blood thyroid stimulating hormone decreased,10005832,Investigations
Blood thyroid stimulating hormone increased,Blood thyroid stimulating hormone increased,10005833,Investigations
Blood thyroid stimulating hormone normal,Blood thyroid stimulating hormone normal,10005834,Investigations
Blood triglycerides,Blood triglycerides,10005836,Investigations
Blood triglycerides increased,Blood triglycerides increased,10005839,Investigations
Blood triglycerides normal,Blood triglycerides normal,10005840,Investigations
Blood urea,Blood urea,10005845,Investigations
Blood urea abnormal,Blood urea abnormal,10005846,Investigations
Blood urea decreased,Blood urea decreased,10005850,Investigations
Blood urea increased,Blood urea increased,10005851,Investigations
Blood urea nitrogen/creatinine ratio,Blood urea nitrogen/creatinine ratio,10059899,Investigations
Blood urea nitrogen/creatinine ratio increased,Blood urea nitrogen/creatinine ratio increased,10050760,Investigations
Blood urea normal,Blood urea normal,10005857,Investigations
Blood uric acid,Blood uric acid,10005858,Investigations
Blood uric acid decreased,Blood uric acid decreased,10005860,Investigations
Blood uric acid increased,Blood uric acid increased,10005861,Investigations
Blood uric acid normal,Blood uric acid normal,10005862,Investigations
Blood urine,Blood urine,10005863,Investigations
Blood urine absent,Blood urine absent,10018868,Investigations
Blood urine present,Blood urine present,10018870,Investigations
Blood viscosity abnormal,Blood viscosity abnormal,10074728,Investigations
Blood zinc decreased,Blood zinc decreased,10005867,Investigations
Blood zinc increased,Blood zinc increased,10005868,Investigations
Blood zinc normal,Blood zinc normal,10005869,Investigations
Bloody discharge,Bloody discharge,10057687,Vascular disorders
Blue light therapy,Blue light therapy,10088800,Surgical and medical procedures
Blunted affect,Blunted affect,10005885,Psychiatric disorders
Body height,Body height,10005891,Investigations
Body height increased,Body height increased,10056813,Investigations
Body mass index,Body mass index,10005894,Investigations
Body temperature,Body temperature,10005906,Investigations
Body temperature abnormal,Body temperature abnormal,10075265,Investigations
Body temperature decreased,Body temperature decreased,10005910,Investigations
Body temperature fluctuation,Body temperature fluctuation,10063488,Investigations
Body temperature increased,Body temperature increased,10005911,Investigations
Bone atrophy,Bone atrophy,10068975,Metabolism and nutrition disorders
Bone cancer,Bone cancer,10005949,"Neoplasms benign, malignant and unspecified (incl cysts and polyps)"
Bone densitometry,Bone densitometry,10050973,Investigations
Bone density decreased,Bone density decreased,10049470,Investigations
Bone disorder,Bone disorder,10005956,Musculoskeletal and connective tissue disorders
Bone lesion,Bone lesion,10061728,Musculoskeletal and connective tissue disorders
Bone loss,Bone loss,10065687,Musculoskeletal and connective tissue disorders
Bone marrow disorder,Bone marrow disorder,10061729,Blood and lymphatic system disorders
Bone marrow failure,Bone marrow failure,10065553,Blood and lymphatic system disorders
Bone marrow oedema,Bone marrow oedema,10051763,Blood and lymphatic system disorders
Bone marrow transplant,Bone marrow transplant,10061730,Surgical and medical procedures
Bone neoplasm,Bone neoplasm,10005995,"Neoplasms benign, malignant and unspecified (incl cysts and polyps)"
Bone pain,Bone pain,10006002,Musculoskeletal and connective tissue disorders
Bone scan,Bone scan,10006009,Investigations
Bone scan abnormal,Bone scan abnormal,10061941,Investigations
Bone scan normal,Bone scan normal,10061942,Investigations
Bordetella test,Bordetella test,10070277,Investigations
Bordetella test negative,Bordetella test negative,10070278,Investigations
Bordetella test positive,Bordetella test positive,10070010,Investigations
Borrelia test,Borrelia test,10070279,Investigations
Borrelia test negative,Borrelia test negative,10070280,Investigations
Borrelia test positive,Borrelia test positive,10070011,Investigations
Bowel movement irregularity,Bowel movement irregularity,10063541,Gastrointestinal disorders
Bowel obstruction surgery,Bowel obstruction surgery,10086417,Surgical and medical procedures
Brachial plexus injury,Brachial plexus injury,10006074,Nervous system disorders
Brachiocephalic vein thrombosis,Brachiocephalic vein thrombosis,10063363,"Injury, poisoning and procedural complications"
Bradycardia,Bradycardia,10006093,Cardiac disorders
Bradykinesia,Bradykinesia,10006100,Nervous system disorders
Bradyphrenia,Bradyphrenia,10050012,Nervous system disorders
Brain death,Brain death,10049054,General disorders and administration site conditions
Brain fog,Brain fog,10088940,Psychiatric disorders
Brain herniation,Brain herniation,10006126,"Injury, poisoning and procedural complications"
Brain injury,Brain injury,10067967,Nervous system disorders
Brain lobectomy,Brain lobectomy,10056410,Surgical and medical procedures
Brain natriuretic peptide,Brain natriuretic peptide,10053406,Investigations
Brain natriuretic peptide increased,Brain natriuretic peptide increased,10053405,Investigations
Brain natriuretic peptide normal,Brain natriuretic peptide normal,10053409,Investigations
Brain neoplasm,Brain neoplasm,10061019,"Neoplasms benign, malignant and unspecified (incl cysts and polyps)"
Brain oedema,Brain oedema,10048962,"Injury, poisoning and procedural complications"
Brain operation,Brain operation,10061732,Surgical and medical procedures
Brain scan normal,Brain scan normal,10061944,Investigations
Brain stem haemorrhage,Brain stem haemorrhage,10006145,Vascular disorders
Brain stem stroke,Brain stem stroke,10068644,Nervous system disorders
Brain stem syndrome,Brain stem syndrome,10063292,Nervous system disorders
Breakthrough COVID-19,Breakthrough COVID-19,10086861,"Respiratory, thoracic and mediastinal disorders"
Breast abscess,Breast abscess,10006171,Reproductive system and breast disorders
Breast cancer,Breast cancer,10006187,"Neoplasms benign, malignant and unspecified (incl cysts and polyps)"
Breast cancer female,Breast cancer female,10057654,"Neoplasms benign, malignant and unspecified (incl cysts and polyps)"
Breast cancer recurrent,Breast cancer recurrent,10006198,"Neoplasms benign, malignant and unspecified (incl cysts and polyps)"
Breast cancer stage III,Breast cancer stage III,10006201,"Neoplasms benign, malignant and unspecified (incl cysts and polyps)"
Breast cancer stage IV,Breast cancer stage IV,10006202,"Neoplasms benign, malignant and unspecified (incl cysts and polyps)"
Breast capsulectomy,Breast capsulectomy,10077014,Surgical and medical procedures
Breast capsulotomy,Breast capsulotomy,10075014,Surgical and medical procedures
Breast conserving surgery,Breast conserving surgery,10076783,Surgical and medical procedures
Breast cyst,Breast cyst,10006220,"Neoplasms benign, malignant and unspecified (incl cysts and polyps)"
Breast discomfort,Breast discomfort,10049872,Reproductive system and breast disorders
Breast enlargement,Breast enlargement,10006242,Reproductive system and breast disorders
Breast induration,Breast induration,10006258,Reproductive system and breast disorders
Breast inflammation,Breast inflammation,10006262,Reproductive system and breast disorders
Breast mass,Breast mass,10006272,Reproductive system and breast disorders
Breast operation,Breast operation,10061734,Surgical and medical procedures
Breast pain,Breast pain,10006298,Reproductive system and breast disorders
Breast reconstruction,Breast reconstruction,10006305,Surgical and medical procedures
Breast swelling,Breast swelling,10006312,Reproductive system and breast disorders
Breast tenderness,Breast tenderness,10006313,Reproductive system and breast disorders
Breath holding,Breath holding,10006322,"Respiratory, thoracic and mediastinal disorders"
Breath sounds abnormal,Breath sounds abnormal,10064780,Investigations
Breech presentation,Breech presentation,10006356,"Pregnancy, puerperium and perinatal conditions"
Brief resolved unexplained event,Brief resolved unexplained event,10086181,"Pregnancy, puerperium and perinatal conditions"
Bronchial hyperreactivity,Bronchial hyperreactivity,10066091,"Respiratory, thoracic and mediastinal disorders"
Bronchial secretion retention,Bronchial secretion retention,10066820,"Respiratory, thoracic and mediastinal disorders"
Bronchial wall thickening,Bronchial wall thickening,10067182,"Respiratory, thoracic and mediastinal disorders"
Bronchiectasis,Bronchiectasis,10006445,"Respiratory, thoracic and mediastinal disorders"
Bronchiolitis,Bronchiolitis,10006448,Infections and infestations
Bronchitis,Bronchitis,10006451,"Respiratory, thoracic and mediastinal disorders"
Bronchitis chronic,Bronchitis chronic,10006458,"Respiratory, thoracic and mediastinal disorders"
Bronchoscopy,Bronchoscopy,10006479,Investigations
Bronchoscopy abnormal,Bronchoscopy abnormal,10006480,Investigations
Bronchospasm,Bronchospasm,10006482,"Respiratory, thoracic and mediastinal disorders"
Bruxism,Bruxism,10006514,Gastrointestinal disorders
Bulbar palsy,Bulbar palsy,10006542,Nervous system disorders
Bundle branch block,Bundle branch block,10006578,Cardiac disorders
Bundle branch block left,Bundle branch block left,10006580,Cardiac disorders
Bundle branch block right,Bundle branch block right,10006582,Cardiac disorders
Burkitt's lymphoma,Burkitt's lymphoma,10006595,"Neoplasms benign, malignant and unspecified (incl cysts and polyps)"
Burning mouth syndrome,Burning mouth syndrome,10068065,Gastrointestinal disorders
Burning sensation,Burning sensation,10006784,Nervous system disorders
Bursa injury,Bursa injury,10057602,Musculoskeletal and connective tissue disorders
Bursa removal,Bursa removal,10006807,Surgical and medical procedures
Bursal fluid accumulation,Bursal fluid accumulation,10072833,Musculoskeletal and connective tissue disorders
Bursitis,Bursitis,10006811,Musculoskeletal and connective tissue disorders
Bursitis infective,Bursitis infective,10061022,Infections and infestations
Butterfly rash,Butterfly rash,10067982,Immune system disorders
C-reactive protein,C-reactive protein,10006824,Investigations
C-reactive protein increased,C-reactive protein increased,10006825,Investigations
C-reactive protein normal,C-reactive protein normal,10006826,Investigations
C1 esterase inhibitor test,C1 esterase inhibitor test,10062730,Investigations
C3 glomerulopathy,C3 glomerulopathy,10077827,Renal and urinary disorders
CALR gene mutation,CALR gene mutation,10084606,"Congenital, familial and genetic disorders"
CD19 lymphocytes,,,Unmapped
CD19 lymphocytes decreased,CD19 lymphocytes decreased,10064428,Investigations
CD3 lymphocytes,,,Unmapped
CD3 lymphocytes decreased,CD3 lymphocytes decreased,10064436,Unknown
CD30 expression,CD30 expression,10075644,Investigations
CD34 cell count decreased,CD34 cell count decreased,10084732,Investigations
CD4 lymphocyte percentage,CD4 lymphocyte percentage,10088715,Investigations
CD4 lymphocytes,CD4 lymphocytes,10007838,Investigations
CD4 lymphocytes decreased,CD4 lymphocytes decreased,10007839,Investigations
CD4 lymphocytes normal,CD4 lymphocytes normal,10073408,Investigations
CD4/CD8 ratio,CD4/CD8 ratio,10007842,Investigations
CD8 lymphocytes,CD8 lymphocytes,10007845,Investigations
CFTR gene mutation,CFTR gene mutation,10082864,"Congenital, familial and genetic disorders"
CHA2DS2-VASc-score,CHA2DS2-VASc-score,10076965,Investigations
CNS ventriculitis,CNS ventriculitis,10009719,Infections and infestations
COVID-19,COVID-19,10084268,Infections and infestations
COVID-19 immunisation,COVID-19 immunisation,10084457,Surgical and medical procedures
COVID-19 pneumonia,COVID-19 pneumonia,10084380,Infections and infestations
CREST syndrome,CREST syndrome,10011380,Immune system disorders
CSF cell count,CSF cell count,10011520,Investigations
CSF cell count decreased,CSF cell count decreased,10060853,Investigations
CSF cell count increased,CSF cell count increased,10011522,Investigations
CSF cell count normal,CSF cell count normal,10011523,Investigations
CSF culture,CSF culture,10011527,Investigations
CSF culture negative,CSF culture negative,10011528,Investigations
CSF glucose,CSF glucose,10011535,Investigations
CSF glucose decreased,CSF glucose decreased,10011537,Investigations
CSF glucose increased,CSF glucose increased,10050763,Investigations
CSF glucose normal,CSF glucose normal,10011538,Investigations
CSF immunoglobulin,CSF immunoglobulin,10070420,Investigations
CSF immunoglobulin decreased,CSF immunoglobulin decreased,10064339,Investigations
CSF immunoglobulin increased,CSF immunoglobulin increased,10064338,Investigations
CSF lactate decreased,CSF lactate decreased,10059751,Investigations
CSF lymphocyte count increased,CSF lymphocyte count increased,10011549,Investigations
CSF lymphocyte count normal,CSF lymphocyte count normal,10011550,Investigations
CSF monocyte count increased,CSF monocyte count increased,10053798,Investigations
CSF monocyte count negative,CSF monocyte count negative,10053802,Investigations
CSF mononuclear cell count increased,CSF mononuclear cell count increased,10064741,Investigations
CSF myelin basic protein increased,CSF myelin basic protein increased,10059754,Investigations
CSF neutrophil count increased,CSF neutrophil count increased,10053803,Investigations
CSF neutrophil count negative,CSF neutrophil count negative,10011556,Investigations
CSF oligoclonal band absent,CSF oligoclonal band absent,10011560,Investigations
CSF protein,CSF protein,10011572,Investigations
CSF protein decreased,CSF protein decreased,10011574,Investigations
CSF protein increased,CSF protein increased,10011575,Investigations
CSF protein normal,CSF protein normal,10011576,Investigations
CSF red blood cell count,CSF red blood cell count,10075561,Investigations
CSF red blood cell count positive,CSF red blood cell count positive,10075562,Investigations
CSF shunt operation,CSF shunt operation,10061799,Surgical and medical procedures
CSF test,CSF test,10059690,Investigations
CSF test abnormal,CSF test abnormal,10059703,Investigations
CSF test normal,CSF test normal,10059702,Investigations
CSF virus no organisms observed,CSF virus no organisms observed,10061801,Investigations
CSF white blood cell count,CSF white blood cell count,10061098,Investigations
CSF white blood cell count increased,CSF white blood cell count increased,10053805,Investigations
CSF white blood cell count negative,CSF white blood cell count negative,10061099,Investigations
Cachexia,Cachexia,10006895,Metabolism and nutrition disorders
Caesarean section,Caesarean section,10006924,Surgical and medical procedures
Calcinosis,Calcinosis,10006938,General disorders and administration site conditions
Calcium ionised,Calcium ionised,10060900,Investigations
Calcium ionised decreased,Calcium ionised decreased,10060898,Investigations
Calcium ionised normal,Calcium ionised normal,10060897,Investigations
Calculus bladder,Calculus bladder,10006987,Renal and urinary disorders
Campylobacter test,Campylobacter test,10086167,Investigations
Cancer screening,Cancer screening,10086509,Investigations
Cancer screening normal,Cancer screening normal,10089856,Investigations
Cancer surgery,Cancer surgery,10074431,Surgical and medical procedures
Candida infection,Candida infection,10074170,Infections and infestations
Capillary nail refill test,Capillary nail refill test,10065130,Investigations
Capillary nail refill test abnormal,Capillary nail refill test abnormal,10069381,Investigations
Carbohydrate antigen 125,Carbohydrate antigen 125,10049248,Investigations
Carbohydrate antigen 19-9 increased,Carbohydrate antigen 19-9 increased,10051418,Investigations
Carbohydrate intolerance,Carbohydrate intolerance,10071200,Gastrointestinal disorders
Carbon dioxide,Carbon dioxide,10007220,Investigations
Carbon dioxide abnormal,Carbon dioxide abnormal,10064156,Investigations
Carbon dioxide decreased,Carbon dioxide decreased,10007223,Investigations
Carbon dioxide increased,Carbon dioxide increased,10007225,Investigations
Carbon dioxide normal,Carbon dioxide normal,10007228,Investigations
Carcinoembryonic antigen normal,Carcinoembryonic antigen normal,10007267,Investigations
Carcinoid tumour of the small bowel,Carcinoid tumour of the small bowel,10052819,"Neoplasms benign, malignant and unspecified (incl cysts and polyps)"
Cardiac ablation,Cardiac ablation,10059864,Surgical and medical procedures
Cardiac amyloidosis,Cardiac amyloidosis,10007509,Cardiac disorders
Cardiac aneurysm,Cardiac aneurysm,10007513,Cardiac disorders
Cardiac arrest,Cardiac arrest,10007515,Cardiac disorders
Cardiac assistance device user,Cardiac assistance device user,10053686,Social circumstances
Cardiac death,Cardiac death,10049993,General disorders and administration site conditions
Cardiac discomfort,Cardiac discomfort,10054211,Cardiac disorders
Cardiac disorder,Cardiac disorder,10061024,Cardiac disorders
Cardiac dysfunction,Cardiac dysfunction,10079751,Cardiac disorders
Cardiac failure,Cardiac failure,10007554,Cardiac disorders
Cardiac failure acute,Cardiac failure acute,10007556,Cardiac disorders
Cardiac failure chronic,Cardiac failure chronic,10007558,Cardiac disorders
Cardiac failure congestive,Cardiac failure congestive,10007559,Cardiac disorders
Cardiac fibrillation,Cardiac fibrillation,10061592,Cardiac disorders
Cardiac flutter,Cardiac flutter,10052840,Cardiac disorders
Cardiac function test,Cardiac function test,10058470,Investigations
Cardiac function test normal,Cardiac function test normal,10058478,Investigations
Cardiac hypertrophy,Cardiac hypertrophy,10007572,Cardiac disorders
Cardiac imaging procedure,Cardiac imaging procedure,10053451,Investigations
Cardiac imaging procedure normal,Cardiac imaging procedure normal,10053452,Investigations
Cardiac monitoring,Cardiac monitoring,10053438,Investigations
Cardiac monitoring abnormal,Cardiac monitoring abnormal,10053440,Investigations
Cardiac monitoring normal,Cardiac monitoring normal,10053439,Investigations
Cardiac murmur,Cardiac murmur,10007586,Investigations
Cardiac operation,Cardiac operation,10061026,Surgical and medical procedures
Cardiac pacemaker evaluation,Cardiac pacemaker evaluation,10053441,Investigations
Cardiac pacemaker insertion,Cardiac pacemaker insertion,10007598,Surgical and medical procedures
Cardiac perfusion defect,Cardiac perfusion defect,10083602,Cardiac disorders
Cardiac resynchronisation therapy,Cardiac resynchronisation therapy,10059862,Surgical and medical procedures
Cardiac sarcoidosis,Cardiac sarcoidosis,10007604,Cardiac disorders
Cardiac stress test,Cardiac stress test,10061027,Investigations
Cardiac stress test abnormal,Cardiac stress test abnormal,10055014,Investigations
Cardiac stress test normal,Cardiac stress test normal,10055063,Investigations
Cardiac telemetry,Cardiac telemetry,10053448,Investigations
Cardiac telemetry abnormal,Cardiac telemetry abnormal,10053450,Investigations
Cardiac valve disease,Cardiac valve disease,10061406,Cardiac disorders
Cardiac ventricular scarring,Cardiac ventricular scarring,10076898,"Injury, poisoning and procedural complications"
Cardiac ventricular thrombosis,Cardiac ventricular thrombosis,10053994,Cardiac disorders
Cardio-respiratory arrest,Cardio-respiratory arrest,10007617,"Respiratory, thoracic and mediastinal disorders"
Cardiolipin antibody,Cardiolipin antibody,10007628,Investigations
Cardiolipin antibody negative,Cardiolipin antibody negative,10007629,Investigations
Cardiolipin antibody positive,Cardiolipin antibody positive,10007630,Investigations
Cardiomegaly,Cardiomegaly,10007632,Cardiac disorders
Cardiomyopathy,Cardiomyopathy,10007636,Cardiac disorders
Cardiopulmonary failure,Cardiopulmonary failure,10051093,"Respiratory, thoracic and mediastinal disorders"
Cardiovascular disorder,Cardiovascular disorder,10007649,Cardiac disorders
Cardiovascular examination,Cardiovascular examination,10074890,Investigations
Cardiovascular function test abnormal,Cardiovascular function test abnormal,10007651,Investigations
Cardiovascular symptom,Cardiovascular symptom,10075534,Cardiac disorders
Cardioversion,Cardioversion,10007661,Surgical and medical procedures
Carditis,Carditis,10062746,Cardiac disorders
Carotid artery aneurysm,Carotid artery aneurysm,10007686,Nervous system disorders
Carotid artery occlusion,Carotid artery occlusion,10048964,Nervous system disorders
Carotid artery stenosis,Carotid artery stenosis,10007687,Nervous system disorders
Carotid endarterectomy,Carotid endarterectomy,10007692,Surgical and medical procedures
Carotid pulse normal,Carotid pulse normal,10053927,Investigations
Carpal tunnel decompression,Carpal tunnel decompression,10007695,Surgical and medical procedures
Carpal tunnel syndrome,Carpal tunnel syndrome,10007697,Nervous system disorders
Cartilage atrophy,Cartilage atrophy,10067632,Musculoskeletal and connective tissue disorders
Cartilage injury,Cartilage injury,10007710,Musculoskeletal and connective tissue disorders
Cataract,Cataract,10007739,Eye disorders
Catatonia,Catatonia,10007776,Psychiatric disorders
Catheter placement,Catheter placement,10052915,Surgical and medical procedures
Catheter site cellulitis,Catheter site cellulitis,10053183,"Injury, poisoning and procedural complications"
Catheter site inflammation,Catheter site inflammation,10052267,"Injury, poisoning and procedural complications"
Catheterisation cardiac,Catheterisation cardiac,10007815,Investigations
Catheterisation cardiac abnormal,Catheterisation cardiac abnormal,10007816,Investigations
Catheterisation cardiac normal,Catheterisation cardiac normal,10007817,Investigations
Cauda equina syndrome,Cauda equina syndrome,10007821,Nervous system disorders
Cell marker,Cell marker,10064496,Investigations
Cellulitis,Cellulitis,10007882,Skin and subcutaneous tissue disorders
Central nervous system function test,Central nervous system function test,10071317,Investigations
Central nervous system inflammation,Central nervous system inflammation,10051288,Nervous system disorders
Central nervous system lesion,Central nervous system lesion,10051290,Nervous system disorders
Central nervous system leukaemia,Central nervous system leukaemia,10066231,Nervous system disorders
Central nervous system neuroblastoma,Central nervous system neuroblastoma,10073130,"Neoplasms benign, malignant and unspecified (incl cysts and polyps)"
Central pain syndrome,Central pain syndrome,10064012,Nervous system disorders
Central serous chorioretinopathy,Central serous chorioretinopathy,10086644,Eye disorders
Central sleep apnoea syndrome,Central sleep apnoea syndrome,10007975,"Respiratory, thoracic and mediastinal disorders"
Central venous catheterisation,Central venous catheterisation,10053377,Surgical and medical procedures
Central vision loss,Central vision loss,10081186,Eye disorders
Cerebellar ataxia,Cerebellar ataxia,10008025,Nervous system disorders
Cerebellar stroke,Cerebellar stroke,10079062,Nervous system disorders
Cerebral amyloid angiopathy,Cerebral amyloid angiopathy,10068044,Nervous system disorders
Cerebral artery occlusion,Cerebral artery occlusion,10008089,Nervous system disorders
Cerebral atrophy,Cerebral atrophy,10008096,Nervous system disorders
Cerebral bypass surgery,Cerebral bypass surgery,10089035,Surgical and medical procedures
Cerebral cavernous malformation,Cerebral cavernous malformation,10071747,"Congenital, familial and genetic disorders"
Cerebral cyst,Cerebral cyst,10061445,"Neoplasms benign, malignant and unspecified (incl cysts and polyps)"
Cerebral disorder,Cerebral disorder,10054938,Nervous system disorders
Cerebral endovascular aneurysm repair,Cerebral endovascular aneurysm repair,10077079,Surgical and medical procedures
Cerebral haemorrhage,Cerebral haemorrhage,10008111,Vascular disorders
Cerebral infarction,Cerebral infarction,10008118,Nervous system disorders
Cerebral ischaemia,Cerebral ischaemia,10008120,Nervous system disorders
Cerebral mass effect,Cerebral mass effect,10067086,Nervous system disorders
Cerebral palsy,Cerebral palsy,10008129,Nervous system disorders
Cerebral small vessel ischaemic disease,Cerebral small vessel ischaemic disease,10070878,Nervous system disorders
Cerebral thrombosis,Cerebral thrombosis,10008132,Vascular disorders
Cerebral venous sinus thrombosis,Cerebral venous sinus thrombosis,10083037,Vascular disorders
Cerebral ventricle dilatation,Cerebral ventricle dilatation,10048824,Nervous system disorders
Cerebrospinal fluid leakage,Cerebrospinal fluid leakage,10008164,Nervous system disorders
Cerebrovascular accident,Cerebrovascular accident,10008190,Vascular disorders
Ceruloplasmin,Ceruloplasmin,10050646,Investigations
Ceruloplasmin increased,Ceruloplasmin increased,10008219,Investigations
Cerumen impaction,Cerumen impaction,10050337,Ear and labyrinth disorders
Cervical dysplasia,Cervical dysplasia,10008263,Reproductive system and breast disorders
Cervical radiculopathy,Cervical radiculopathy,10050217,Nervous system disorders
Cervical spinal stenosis,Cervical spinal stenosis,10008313,Nervous system disorders
Cervical vertebral fracture,Cervical vertebral fracture,10049946,Musculoskeletal and connective tissue disorders
Cervicectomy,Cervicectomy,10049493,Surgical and medical procedures
Cervix carcinoma,Cervix carcinoma,10008342,"Neoplasms benign, malignant and unspecified (incl cysts and polyps)"
Chalazion,Chalazion,10008388,Eye disorders
Change of bowel habit,Change of bowel habit,10008399,Gastrointestinal disorders
Chapped lips,Chapped lips,10049047,Gastrointestinal disorders
Cheilitis,Cheilitis,10008417,Gastrointestinal disorders
Chemokine increased,Chemokine increased,10081663,Investigations
Chemokine test,Chemokine test,10081665,Investigations
Chemotherapy,Chemotherapy,10061758,Surgical and medical procedures
Chest X-ray,Chest X-ray,10008498,Investigations
Chest X-ray abnormal,Chest X-ray abnormal,10008499,Investigations
Chest X-ray normal,Chest X-ray normal,10008500,Investigations
Chest discomfort,Chest discomfort,10008469,Cardiac disorders
Chest injury,Chest injury,10061386,"Injury, poisoning and procedural complications"
Chest pain,Chest pain,10008479,Cardiac disorders
Chest scan,Chest scan,10076373,Investigations
Chest scan abnormal,Chest scan abnormal,10087620,Investigations
Chest tube insertion,Chest tube insertion,10050522,Surgical and medical procedures
Chest wall abscess,Chest wall abscess,10051568,Musculoskeletal and connective tissue disorders
Chest wall mass,Chest wall mass,10063004,Musculoskeletal and connective tissue disorders
Chest wall operation,Chest wall operation,10061759,Surgical and medical procedures
Chikungunya test,Chikungunya test,10090644,Investigations
Chikungunya virus infection,Chikungunya virus infection,10067256,Infections and infestations
Childhood asthma,Childhood asthma,10081274,"Respiratory, thoracic and mediastinal disorders"
Chillblains,Chillblains,10008528,Vascular disorders
Chills,Chills,10008531,Musculoskeletal and connective tissue disorders
Chlamydia test negative,Chlamydia test negative,10070273,Investigations
Chlamydia test positive,Chlamydia test positive,10070159,Investigations
Choking,Choking,10008589,"Respiratory, thoracic and mediastinal disorders"
Choking sensation,Choking sensation,10008590,"Respiratory, thoracic and mediastinal disorders"
Cholangiocarcinoma,Cholangiocarcinoma,10008593,"Neoplasms benign, malignant and unspecified (incl cysts and polyps)"
Cholangitis,Cholangitis,10008604,Hepatobiliary disorders
Cholecystectomy,Cholecystectomy,10008611,Surgical and medical procedures
Cholecystitis,Cholecystitis,10008612,Hepatobiliary disorders
Cholecystitis acute,Cholecystitis acute,10008614,Hepatobiliary disorders
Cholelithiasis,Cholelithiasis,10008629,Hepatobiliary disorders
Cholestasis,Cholestasis,10008635,Hepatobiliary disorders
Cholestasis of pregnancy,Cholestasis of pregnancy,10049055,"Pregnancy, puerperium and perinatal conditions"
Chondrocalcinosis,Chondrocalcinosis,10061761,Musculoskeletal and connective tissue disorders
Chondromalacia,Chondromalacia,10008729,Musculoskeletal and connective tissue disorders
Chondropathy,Chondropathy,10061762,Musculoskeletal and connective tissue disorders
Chorea,Chorea,10008748,Nervous system disorders
Chromaturia,Chromaturia,10008796,Renal and urinary disorders
Chromosomal analysis,Chromosomal analysis,10008811,Investigations
Chromosomal mutation,Chromosomal mutation,10061765,"Congenital, familial and genetic disorders"
Chronic active Epstein-Barr virus infection,Chronic active Epstein-Barr virus infection,10082848,Infections and infestations
Chronic fatigue syndrome,Chronic fatigue syndrome,10008874,General disorders and administration site conditions
Chronic gastritis,Chronic gastritis,10008882,Infections and infestations
Chronic hepatitis B,Chronic hepatitis B,10008910,Infections and infestations
Chronic inflammatory demyelinating polyradiculoneuropathy,Chronic inflammatory demyelinating polyradiculoneuropathy,10057645,Nervous system disorders
Chronic kidney disease,Chronic kidney disease,10064848,Renal and urinary disorders
Chronic kidney disease-mineral and bone disorder,Chronic kidney disease-mineral and bone disorder,10078095,Musculoskeletal and connective tissue disorders
Chronic left ventricular failure,Chronic left ventricular failure,10063083,Cardiac disorders
Chronic lymphocytic leukaemia,Chronic lymphocytic leukaemia,10008958,"Neoplasms benign, malignant and unspecified (incl cysts and polyps)"
Chronic myeloid leukaemia,Chronic myeloid leukaemia,10009013,"Neoplasms benign, malignant and unspecified (incl cysts and polyps)"
Chronic obstructive pulmonary disease,Chronic obstructive pulmonary disease,10009033,"Respiratory, thoracic and mediastinal disorders"
Chronic sinusitis,Chronic sinusitis,10009137,"Respiratory, thoracic and mediastinal disorders"
Chronic spontaneous urticaria,Chronic spontaneous urticaria,10072757,Skin and subcutaneous tissue disorders
Chronic villitis of unknown etiology,Chronic villitis of unknown etiology,10072271,"Pregnancy, puerperium and perinatal conditions"
Ciliary body disorder,Ciliary body disorder,10057415,Eye disorders
Ciliary function test abnormal,Ciliary function test abnormal,10065099,Investigations
Ciliary hyperaemia,Ciliary hyperaemia,10052129,Eye disorders
Circulatory collapse,Circulatory collapse,10009192,Vascular disorders
Circumoral oedema,Circumoral oedema,10052250,Skin and subcutaneous tissue disorders
Circumoral swelling,Circumoral swelling,10081703,Skin and subcutaneous tissue disorders
Circumstance or information capable of leading to medication error,Circumstance or information capable of leading to medication error,10064385,"Injury, poisoning and procedural complications"
Clear cell renal cell carcinoma,Clear cell renal cell carcinoma,10073251,Renal and urinary disorders
Cleft lip repair,Cleft lip repair,10056999,Surgical and medical procedures
Clinically isolated syndrome,Clinically isolated syndrome,10071068,Nervous system disorders
Clonus,Clonus,10009346,Nervous system disorders
Clostridium difficile colitis,Clostridium difficile colitis,10009657,Gastrointestinal disorders
Clostridium difficile infection,Clostridium difficile infection,10054236,Infections and infestations
Clostridium test,Clostridium test,10070270,Investigations
Clostridium test negative,Clostridium test negative,10070271,Investigations
Clostridium test positive,Clostridium test positive,10070027,Investigations
Clotting factor transfusion,Clotting factor transfusion,10009678,Surgical and medical procedures
Clumsiness,Clumsiness,10009696,Nervous system disorders
Cluster headache,Cluster headache,10059133,Nervous system disorders
Coagulation factor,Coagulation factor,10059744,Investigations
Coagulation factor IX level,Coagulation factor IX level,10009744,Investigations
Coagulation factor V level,Coagulation factor V level,10009752,Investigations
Coagulation factor V level normal,Coagulation factor V level normal,10009758,Investigations
Coagulation factor VII level,Coagulation factor VII level,10009759,Investigations
Coagulation factor VIII level decreased,Coagulation factor VIII level decreased,10009768,Investigations
Coagulation factor VIII level increased,Coagulation factor VIII level increased,10009770,Investigations
Coagulation factor X level,Coagulation factor X level,10009773,Investigations
Coagulation factor XI level,Coagulation factor XI level,10009777,Investigations
Coagulation factor XII level,Coagulation factor XII level,10009781,Investigations
Coagulation factor inhibitor assay,Coagulation factor inhibitor assay,10062725,Investigations
Coagulation factor level normal,Coagulation factor level normal,10009751,Investigations
Coagulation test,Coagulation test,10063556,Investigations
Coagulation test normal,Coagulation test normal,10063558,Investigations
Coagulopathy,Coagulopathy,10009802,Blood and lymphatic system disorders
Coccidioidomycosis,Coccidioidomycosis,10009825,"Respiratory, thoracic and mediastinal disorders"
Coccydynia,Coccydynia,10009829,Musculoskeletal and connective tissue disorders
Coeliac artery aneurysm,Coeliac artery aneurysm,10079553,Gastrointestinal disorders
Coeliac artery compression syndrome,Coeliac artery compression syndrome,10009838,Gastrointestinal disorders
Coeliac artery occlusion,Coeliac artery occlusion,10069696,Vascular disorders
Coeliac disease,Coeliac disease,10009839,Immune system disorders
Cognitive disorder,Cognitive disorder,10057668,Nervous system disorders
Cognitive test,Cognitive test,10083267,Investigations
Cold agglutinins positive,Cold agglutinins positive,10009854,Investigations
Cold flash,Cold flash,10091394,General disorders and administration site conditions
Cold sweat,Cold sweat,10009866,Skin and subcutaneous tissue disorders
Cold type haemolytic anaemia,Cold type haemolytic anaemia,10009868,Blood and lymphatic system disorders
Cold urticaria,Cold urticaria,10009869,Skin and subcutaneous tissue disorders
Cold-stimulus headache,Cold-stimulus headache,10071151,Nervous system disorders
Colectomy,Colectomy,10061778,Surgical and medical procedures
Colectomy total,Colectomy total,10009879,Surgical and medical procedures
Colitis,Colitis,10009887,Gastrointestinal disorders
Colitis microscopic,Colitis microscopic,10056979,Gastrointestinal disorders
Colitis ulcerative,Colitis ulcerative,10009900,Immune system disorders
Collagen disorder,Collagen disorder,10009903,Musculoskeletal and connective tissue disorders
Colon cancer stage III,Colon cancer stage III,10009955,"Neoplasms benign, malignant and unspecified (incl cysts and polyps)"
Colon dysplasia,Colon dysplasia,10071161,Gastrointestinal disorders
Colon operation,Colon operation,10061779,Surgical and medical procedures
Colonic lavage,Colonic lavage,10074741,Surgical and medical procedures
Colonoscopy,Colonoscopy,10010007,Investigations
Colonoscopy abnormal,Colonoscopy abnormal,10010008,Investigations
Colonoscopy normal,Colonoscopy normal,10010011,Investigations
Colorectal adenoma,Colorectal adenoma,10087276,"Neoplasms benign, malignant and unspecified (incl cysts and polyps)"
Colorectal cancer stage IV,Colorectal cancer stage IV,10010035,"Neoplasms benign, malignant and unspecified (incl cysts and polyps)"
Colostomy,Colostomy,10010041,Surgical and medical procedures
Colostomy bag user,Colostomy bag user,10090177,Social circumstances
Colposcopy,Colposcopy,10010069,Investigations
Colposcopy abnormal,Colposcopy abnormal,10064457,Investigations
Colposcopy normal,Colposcopy normal,10070980,Investigations
Coma,Coma,10010071,Nervous system disorders
Coma scale normal,Coma scale normal,10069707,Investigations
Communication disorder,Communication disorder,10061046,Psychiatric disorders
Complement analysis,Complement analysis,10088333,Investigations
Complement factor,Complement factor,10061055,Investigations
Complement factor C3,Complement factor C3,10050962,Investigations
Complement factor C3 increased,Complement factor C3 increased,10010126,Investigations
Complement factor C4,Complement factor C4,10050963,Investigations
Complement factor normal,Complement factor normal,10061056,Investigations
Completed suicide,Completed suicide,10010144,General disorders and administration site conditions
Complex regional pain syndrome,Complex regional pain syndrome,10064332,Nervous system disorders
Computerised tomogram,Computerised tomogram,10010234,Investigations
Computerised tomogram abdomen,Computerised tomogram abdomen,10053876,Investigations
Computerised tomogram abdomen abnormal,Computerised tomogram abdomen abnormal,10057798,Investigations
Computerised tomogram abdomen normal,Computerised tomogram abdomen normal,10057800,Investigations
Computerised tomogram abnormal,Computerised tomogram abnormal,10010235,Investigations
Computerised tomogram breast abnormal,Computerised tomogram breast abnormal,10074534,Investigations
Computerised tomogram ear,Computerised tomogram ear,10090013,Investigations
Computerised tomogram head,Computerised tomogram head,10054003,Investigations
Computerised tomogram head abnormal,Computerised tomogram head abnormal,10072168,Investigations
Computerised tomogram head normal,Computerised tomogram head normal,10072167,Investigations
Computerised tomogram heart,Computerised tomogram heart,10088901,Investigations
Computerised tomogram heart abnormal,Computerised tomogram heart abnormal,10088902,Investigations
Computerised tomogram heart normal,Computerised tomogram heart normal,10088903,Investigations
Computerised tomogram kidney,Computerised tomogram kidney,10054004,Investigations
Computerised tomogram kidney abnormal,Computerised tomogram kidney abnormal,10072171,Investigations
Computerised tomogram limb,Computerised tomogram limb,10088586,Investigations
Computerised tomogram neck,Computerised tomogram neck,10082961,Investigations
Computerised tomogram neck abnormal,Computerised tomogram neck abnormal,10090465,Investigations
Computerised tomogram neck normal,Computerised tomogram neck normal,10090468,Investigations
Computerised tomogram normal,Computerised tomogram normal,10010236,Investigations
Computerised tomogram pelvis,Computerised tomogram pelvis,10075023,Investigations
Computerised tomogram pelvis abnormal,Computerised tomogram pelvis abnormal,10081333,Investigations
Computerised tomogram spine,Computerised tomogram spine,10081777,Investigations
Computerised tomogram spine abnormal,Computerised tomogram spine abnormal,10089009,Investigations
Computerised tomogram spine normal,Computerised tomogram spine normal,10089007,Investigations
Computerised tomogram thorax,Computerised tomogram thorax,10053875,Investigations
Computerised tomogram thorax abnormal,Computerised tomogram thorax abnormal,10057799,Investigations
Computerised tomogram thorax normal,Computerised tomogram thorax normal,10057801,Investigations
Computerised tomogram venography head,Computerised tomogram venography head,10087355,Investigations
Concussion,Concussion,10010254,Nervous system disorders
Condition aggravated,Condition aggravated,10010264,General disorders and administration site conditions
Confusional state,Confusional state,10010305,Nervous system disorders
Congenital cystic kidney disease,Congenital cystic kidney disease,10010428,"Congenital, familial and genetic disorders"
Conjunctival discolouration,Conjunctival discolouration,10010712,Eye disorders
Conjunctival haemorrhage,Conjunctival haemorrhage,10010719,Vascular disorders
Conjunctival hyperaemia,Conjunctival hyperaemia,10051625,Eye disorders
Conjunctivitis,Conjunctivitis,10010741,Infections and infestations
Conjunctivitis allergic,Conjunctivitis allergic,10010744,Eye disorders
Conjunctivitis bacterial,Conjunctivitis bacterial,10061784,Eye disorders
Connective tissue disorder,Connective tissue disorder,10061087,Musculoskeletal and connective tissue disorders
Consciousness fluctuating,Consciousness fluctuating,10050093,Nervous system disorders
Constipation,Constipation,10010774,Gastrointestinal disorders
Continuous glucose monitoring,Continuous glucose monitoring,10079764,Investigations
Contraindicated product administered,Contraindicated product administered,10078504,"Injury, poisoning and procedural complications"
Contraindicated product prescribed,Contraindicated product prescribed,10081744,"Injury, poisoning and procedural complications"
Contraindication to vaccination,Contraindication to vaccination,10010835,Social circumstances
Contrast echocardiogram,Contrast echocardiogram,10087512,Investigations
Contrast media allergy,Contrast media allergy,10066973,"Injury, poisoning and procedural complications"
Contrast-enhanced magnetic resonance venography,Contrast-enhanced magnetic resonance venography,10087199,Investigations
Contusion,Contusion,10050584,Skin and subcutaneous tissue disorders
Conversion disorder,Conversion disorder,10010893,Psychiatric disorders
Coombs direct test,Coombs direct test,10010929,Investigations
Coombs test negative,Coombs test negative,10061089,Investigations
Coordination abnormal,Coordination abnormal,10010947,Nervous system disorders
Copper metabolism disorder,Copper metabolism disorder,10061091,Metabolism and nutrition disorders
Cor pulmonale,Cor pulmonale,10010968,Cardiac disorders
Corneal cyst,Corneal cyst,10061787,"Neoplasms benign, malignant and unspecified (incl cysts and polyps)"
Corneal lesion,Corneal lesion,10011026,Eye disorders
Corneal oedema,Corneal oedema,10011033,Eye disorders
Corneal scar,Corneal scar,10011044,"Injury, poisoning and procedural complications"
Corneal transplant,Corneal transplant,10054846,Surgical and medical procedures
Coronary angioplasty,Coronary angioplasty,10050329,Surgical and medical procedures
Coronary arterial stent insertion,Coronary arterial stent insertion,10052086,Surgical and medical procedures
Coronary artery aneurysm,Coronary artery aneurysm,10011071,Cardiac disorders
Coronary artery bypass,Coronary artery bypass,10011077,Surgical and medical procedures
Coronary artery disease,Coronary artery disease,10011078,Cardiac disorders
Coronary artery occlusion,Coronary artery occlusion,10011086,Vascular disorders
Coronary artery stenosis,Coronary artery stenosis,10011089,Vascular disorders
Coronary artery thrombosis,Coronary artery thrombosis,10011091,Vascular disorders
Coronavirus test,Coronavirus test,10084353,Investigations
Coronavirus test negative,Coronavirus test negative,10084269,Investigations
Coronavirus test positive,Coronavirus test positive,10070255,Investigations
Corticobasal degeneration,Corticobasal degeneration,10078208,Nervous system disorders
Costochondritis,Costochondritis,10011219,Musculoskeletal and connective tissue disorders
Cough,Cough,10011224,"Respiratory, thoracic and mediastinal disorders"
Cox-Maze procedure,Cox-Maze procedure,10065915,Surgical and medical procedures
Coxiella test,Coxiella test,10073454,Investigations
Coxsackie viral infection,Coxsackie viral infection,10011261,Infections and infestations
Cranial nerve decompression,Cranial nerve decompression,10080930,Surgical and medical procedures
Cranial nerve disorder,Cranial nerve disorder,10061093,Nervous system disorders
Cranial nerve paralysis,Cranial nerve paralysis,10061908,Nervous system disorders
Craniocerebral injury,Craniocerebral injury,10070976,Nervous system disorders
Craniofacial fracture,Craniofacial fracture,10077603,Musculoskeletal and connective tissue disorders
Craniopharyngioma,Craniopharyngioma,10011318,"Neoplasms benign, malignant and unspecified (incl cysts and polyps)"
Cranioplasty,Cranioplasty,10011320,Surgical and medical procedures
Craniotomy,Craniotomy,10011322,Surgical and medical procedures
Creatinine renal clearance,Creatinine renal clearance,10011371,Investigations
Creatinine renal clearance decreased,Creatinine renal clearance decreased,10011372,Investigations
Creatinine urine abnormal,Creatinine urine abnormal,10071021,Investigations
Creatinine urine increased,Creatinine urine increased,10050757,Investigations
Crepitations,Crepitations,10011376,General disorders and administration site conditions
Creutzfeldt-Jakob disease,Creutzfeldt-Jakob disease,10011384,Psychiatric disorders
Critical illness,Critical illness,10077264,General disorders and administration site conditions
Crohn's disease,Crohn's disease,10011401,Immune system disorders
Crossmatch,Crossmatch,10011412,Investigations
Croup infectious,Croup infectious,10011416,"Respiratory, thoracic and mediastinal disorders"
Crying,Crying,10011469,General disorders and administration site conditions
Cryoglobulinaemia,Cryoglobulinaemia,10011474,Vascular disorders
Cryoglobulins,Cryoglobulins,10011476,Investigations
Cryptococcus test,Cryptococcus test,10070456,Investigations
Cryptococcus test positive,Cryptococcus test positive,10070455,Investigations
Crystal urine,Crystal urine,10053114,Investigations
Crystalluria,Crystalluria,10011509,Renal and urinary disorders
Culture,Culture,10061447,Investigations
Culture negative,Culture negative,10061448,Investigations
Culture positive,Culture positive,10061449,Investigations
Culture stool,Culture stool,10011629,Investigations
Culture stool negative,Culture stool negative,10011630,Investigations
Culture stool positive,Culture stool positive,10011631,Investigations
Culture throat,Culture throat,10011632,Investigations
Culture throat negative,Culture throat negative,10011633,Investigations
Culture tissue specimen negative,Culture tissue specimen negative,10011636,Investigations
Culture urine,Culture urine,10011638,Investigations
Culture urine negative,Culture urine negative,10011639,Investigations
Culture urine positive,Culture urine positive,10011640,Investigations
Culture wound,Culture wound,10011641,Investigations
Culture wound negative,Culture wound negative,10011642,Investigations
Culture wound positive,Culture wound positive,10011643,Investigations
Cutaneous T-cell lymphoma,Cutaneous T-cell lymphoma,10011677,Skin and subcutaneous tissue disorders
Cutaneous calcification,Cutaneous calcification,10074496,Skin and subcutaneous tissue disorders
Cutaneous vasculitis,Cutaneous vasculitis,10011686,Immune system disorders
Cyanosis,Cyanosis,10011703,"Respiratory, thoracic and mediastinal disorders"
Cyclic vomiting syndrome,Cyclic vomiting syndrome,10062937,Gastrointestinal disorders
Cyst,Cyst,10011732,"Neoplasms benign, malignant and unspecified (incl cysts and polyps)"
Cyst removal,Cyst removal,10052938,Surgical and medical procedures
Cystitis,Cystitis,10011781,Infections and infestations
Cystitis interstitial,Cystitis interstitial,10011796,Immune system disorders
Cystitis noninfective,Cystitis noninfective,10063057,Renal and urinary disorders
Cystoscopy abnormal,Cystoscopy abnormal,10011815,Investigations
Cytogenetic abnormality,Cytogenetic abnormality,10067477,"Congenital, familial and genetic disorders"
Cytogenetic analysis,Cytogenetic analysis,10059882,Investigations
Cytogenetic analysis abnormal,Cytogenetic analysis abnormal,10059887,Investigations
Cytogenetic analysis normal,Cytogenetic analysis normal,10059886,Investigations
Cytokine abnormal,Cytokine abnormal,10077351,Investigations
Cytokine increased,Cytokine increased,10085573,Investigations
Cytokine release syndrome,Cytokine release syndrome,10052015,Immune system disorders
Cytokine storm,Cytokine storm,10050685,Immune system disorders
Cytology abnormal,Cytology abnormal,10059523,Investigations
Cytology normal,Cytology normal,10059531,Investigations
Cytomegalovirus test,Cytomegalovirus test,10061806,Investigations
Cytomegalovirus test negative,Cytomegalovirus test negative,10051622,Investigations
Cytomegalovirus test positive,Cytomegalovirus test positive,10051620,Investigations
Cytopenia,Cytopenia,10066274,Blood and lymphatic system disorders
Dacryoadenitis acquired,Dacryoadenitis acquired,10011841,Eye disorders
Dacryostenosis acquired,Dacryostenosis acquired,10053990,Eye disorders
Dairy intolerance,Dairy intolerance,10011852,Metabolism and nutrition disorders
Dandruff,Dandruff,10011859,Skin and subcutaneous tissue disorders
Dark circles under eyes,Dark circles under eyes,10064729,General disorders and administration site conditions
Daydreaming,Daydreaming,10057315,Psychiatric disorders
Deafness,Deafness,10011878,Ear and labyrinth disorders
Deafness bilateral,Deafness bilateral,10052556,Ear and labyrinth disorders
Deafness neurosensory,Deafness neurosensory,10011891,Ear and labyrinth disorders
Deafness transitory,Deafness transitory,10011900,Ear and labyrinth disorders
Deafness unilateral,Deafness unilateral,10048812,Ear and labyrinth disorders
Death,Death,10011906,General disorders and administration site conditions
Debridement,Debridement,10067806,Surgical and medical procedures
Decompressive craniectomy,Decompressive craniectomy,10078092,Surgical and medical procedures
Decorticate posture,Decorticate posture,10073345,Nervous system disorders
Decreased activity,Decreased activity,10011953,General disorders and administration site conditions
Decreased appetite,Decreased appetite,10061428,General disorders and administration site conditions
Decreased eye contact,Decreased eye contact,10069633,Psychiatric disorders
Decreased gait velocity,Decreased gait velocity,10082636,Nervous system disorders
Decreased immune responsiveness,Decreased immune responsiveness,10011968,Immune system disorders
Decreased interest,Decreased interest,10011971,Psychiatric disorders
Decreased vibratory sense,Decreased vibratory sense,10067502,Nervous system disorders
Decubitus ulcer,Decubitus ulcer,10011985,Skin and subcutaneous tissue disorders
Deep vein thrombosis,Deep vein thrombosis,10051055,Vascular disorders
Defaecation urgency,Defaecation urgency,10012110,Gastrointestinal disorders
Defiant behaviour,Defiant behaviour,10077244,Psychiatric disorders
Deficiency of the interleukin-1 receptor antagonist,Deficiency of the interleukin-1 receptor antagonist,10072224,General disorders and administration site conditions
Degenerative bone disease,Degenerative bone disease,10081730,Musculoskeletal and connective tissue disorders
Dehydration,Dehydration,10012174,Metabolism and nutrition disorders
Dehydroepiandrosterone decreased,Dehydroepiandrosterone decreased,10056629,Investigations
Delayed dark adaptation,Delayed dark adaptation,10072729,Eye disorders
Delayed fontanelle closure,Delayed fontanelle closure,10054034,Musculoskeletal and connective tissue disorders
Delayed light adaptation,Delayed light adaptation,10079805,Eye disorders
Delirium,Delirium,10012218,Psychiatric disorders
Delivery,Delivery,10067647,"Pregnancy, puerperium and perinatal conditions"
Delusion,Delusion,10012239,Psychiatric disorders
Delusion of parasitosis,Delusion of parasitosis,10012242,Psychiatric disorders
Dementia,Dementia,10012267,Nervous system disorders
Dementia Alzheimer's type,Dementia Alzheimer's type,10012271,Nervous system disorders
Dementia with Lewy bodies,Dementia with Lewy bodies,10067889,Nervous system disorders
Demyelinating polyneuropathy,Demyelinating polyneuropathy,10061811,Nervous system disorders
Demyelination,Demyelination,10012305,Nervous system disorders
Dental caries,Dental caries,10012318,Gastrointestinal disorders
Dental operation,Dental operation,10061812,Surgical and medical procedures
Dependence on respirator,Dependence on respirator,10057482,"Respiratory, thoracic and mediastinal disorders"
Depersonalisation/derealisation disorder,Depersonalisation/derealisation disorder,10077805,Psychiatric disorders
Depressed level of consciousness,Depressed level of consciousness,10012373,Nervous system disorders
Depressed mood,Depressed mood,10012374,Psychiatric disorders
Depression,Depression,10012378,Psychiatric disorders
Derealisation,Derealisation,10012422,Psychiatric disorders
Dermal filler reaction,Dermal filler reaction,10086476,"Injury, poisoning and procedural complications"
Dermatitis,Dermatitis,10012431,Skin and subcutaneous tissue disorders
Dermatitis acneiform,Dermatitis acneiform,10012432,Skin and subcutaneous tissue disorders
Dermatitis allergic,Dermatitis allergic,10012434,Skin and subcutaneous tissue disorders
Dermatitis atopic,Dermatitis atopic,10012438,Skin and subcutaneous tissue disorders
Dermatitis bullous,Dermatitis bullous,10012441,Skin and subcutaneous tissue disorders
Dermatitis contact,Dermatitis contact,10012442,Immune system disorders
Dermatitis diaper,Dermatitis diaper,10012444,Reproductive system and breast disorders
Dermatitis exfoliative generalised,Dermatitis exfoliative generalised,10012456,Skin and subcutaneous tissue disorders
Dermatologic examination,Dermatologic examination,10058379,Investigations
Dermatomyositis,Dermatomyositis,10012503,Immune system disorders
Dermatosis,Dermatosis,10048768,Skin and subcutaneous tissue disorders
Desmoid tumour,Desmoid tumour,10059352,"Neoplasms benign, malignant and unspecified (incl cysts and polyps)"
Developmental coordination disorder,Developmental coordination disorder,10012557,Nervous system disorders
Developmental delay,Developmental delay,10012559,Psychiatric disorders
Developmental regression,Developmental regression,10076709,General disorders and administration site conditions
Device breakage,Device breakage,10012575,Product issues
Device colour issue,Device colour issue,10069873,Product issues
Device connection issue,Device connection issue,10065066,Product issues
Device delivery system issue,Device delivery system issue,10077122,Product issues
Device inappropriate shock delivery,Device inappropriate shock delivery,10075322,Product issues
Device issue,Device issue,10069868,Product issues
Device leakage,Device leakage,10012587,Product issues
Device malfunction,Device malfunction,10063829,Product issues
Device material issue,Device material issue,10069871,Product issues
Device mechanical issue,Device mechanical issue,10083638,Product issues
Device occlusion,Device occlusion,10064685,Product issues
Device related infection,Device related infection,10064687,General disorders and administration site conditions
Device safety feature issue,Device safety feature issue,10083639,Product issues
Device use issue,Device use issue,10077812,"Injury, poisoning and procedural complications"
Diabetes mellitus,Diabetes mellitus,10012601,Metabolism and nutrition disorders
Diabetes mellitus inadequate control,Diabetes mellitus inadequate control,10012607,Metabolism and nutrition disorders
Diabetic foot,Diabetic foot,10060734,Vascular disorders
Diabetic ketoacidosis,Diabetic ketoacidosis,10012671,Metabolism and nutrition disorders
Diabetic metabolic decompensation,Diabetic metabolic decompensation,10074309,Metabolism and nutrition disorders
Diabetic neuropathy,Diabetic neuropathy,10012680,Nervous system disorders
Diagnostic aspiration,Diagnostic aspiration,10072924,Investigations
Diagnostic procedure,Diagnostic Procedure,T060,Event
Dialysis,Dialysis,10061105,Surgical and medical procedures
Diaphragmalgia,Diaphragmalgia,10052749,"Respiratory, thoracic and mediastinal disorders"
Diaphragmatic disorder,Diaphragmatic disorder,10061106,"Respiratory, thoracic and mediastinal disorders"
Diaphragmatic hernia,Diaphragmatic hernia,10012713,"Respiratory, thoracic and mediastinal disorders"
Diaphragmatic spasm,Diaphragmatic spasm,10074312,"Respiratory, thoracic and mediastinal disorders"
Diarrhoea,Diarrhoea,10012735,Gastrointestinal disorders
Diarrhoea haemorrhagic,Diarrhoea haemorrhagic,10012741,Vascular disorders
Diastolic dysfunction,Diastolic dysfunction,10052337,Cardiac disorders
Diet refusal,Diet refusal,10012775,Metabolism and nutrition disorders
Differential white blood cell count,Differential white blood cell count,10012784,Investigations
Differential white blood cell count abnormal,Differential white blood cell count abnormal,10012785,Investigations
Differential white blood cell count normal,Differential white blood cell count normal,10012787,Investigations
Diffuse cutaneous mastocytosis,Diffuse cutaneous mastocytosis,10012812,Skin and subcutaneous tissue disorders
Diffuse large B-cell lymphoma,Diffuse large B-cell lymphoma,10012818,"Neoplasms benign, malignant and unspecified (incl cysts and polyps)"
Diffusion-weighted brain MRI,Diffusion-weighted brain MRI,10079718,Investigations
Diffusion-weighted brain MRI abnormal,Diffusion-weighted brain MRI abnormal,10079717,Investigations
Dilated cardiomyopathy,Dilated cardiomyopathy,10056419,Cardiac disorders
Dilated pores,Dilated pores,10076249,Skin and subcutaneous tissue disorders
Diplegia,Diplegia,10013033,Nervous system disorders
Diplopia,Diplopia,10013036,Eye disorders
Disability,Disability,10013050,Social circumstances
Discharge,Discharge,10080907,General disorders and administration site conditions
Discoloured vomit,Discoloured vomit,10079120,Gastrointestinal disorders
Discomfort,Discomfort,10013082,General disorders and administration site conditions
Discontinued product administered,Discontinued product administered,10078505,"Injury, poisoning and procedural complications"
Discouragement,Discouragement,10084257,Psychiatric disorders
Disease progression,Disease progression,10061818,General disorders and administration site conditions
Disease recurrence,Disease recurrence,10061819,General disorders and administration site conditions
Disorganised speech,Disorganised speech,10076227,Nervous system disorders
Disorientation,Disorientation,10013395,Nervous system disorders
Disseminated Bacillus Calmette-Guerin infection,Disseminated Bacillus Calmette-Guerin infection,10076666,"Injury, poisoning and procedural complications"
Disseminated intravascular coagulation,Disseminated intravascular coagulation,10013442,Blood and lymphatic system disorders
Disseminated varicella,Disseminated varicella,10084395,Infections and infestations
Disseminated varicella zoster virus infection,Disseminated varicella zoster virus infection,10084396,Skin and subcutaneous tissue disorders
Dissociation,Dissociation,10013457,Psychiatric disorders
Distractibility,Distractibility,10013486,Psychiatric disorders
Distributive shock,Distributive shock,10070559,Vascular disorders
Disturbance in attention,Disturbance in attention,10013496,Nervous system disorders
Disturbance in social behaviour,Disturbance in social behaviour,10061108,Psychiatric disorders
Diverticulitis,Diverticulitis,10013538,Infections and infestations
Diverticulitis intestinal haemorrhagic,Diverticulitis intestinal haemorrhagic,10013541,Gastrointestinal disorders
Diverticulum intestinal,Diverticulum intestinal,10013559,Gastrointestinal disorders
Dizziness,Dizziness,10013573,Vascular disorders
Dizziness exertional,Dizziness exertional,10013576,Vascular disorders
Dizziness postural,Dizziness postural,10013578,Vascular disorders
Documented hypersensitivity to administered product,Documented hypersensitivity to administered product,10076470,"Injury, poisoning and procedural complications"
Dopamine transporter scintigraphy,Dopamine transporter scintigraphy,10077317,Investigations
Double stranded DNA antibody,Double stranded DNA antibody,10050418,Investigations
Double stranded DNA antibody positive,Double stranded DNA antibody positive,10069907,Investigations
Drain placement,Drain placement,10072795,Surgical and medical procedures
Drainage,Drainage,10084562,Surgical and medical procedures
Dreamy state,Dreamy state,10013634,Nervous system disorders
Drooling,Drooling,10013642,Nervous system disorders
Drowning,Drowning,10013647,General disorders and administration site conditions
Drug abuse,Drug abuse,10013654,Psychiatric disorders
Drug eruption,Drug eruption,10013687,Immune system disorders
Drug hypersensitivity,Drug hypersensitivity,10013700,Immune system disorders
Drug ineffective,Drug ineffective,10013709,General disorders and administration site conditions
Drug interaction,Drug interaction,10013710,General disorders and administration site conditions
Drug intolerance,Drug intolerance,10061822,General disorders and administration site conditions
Drug level therapeutic,Drug level therapeutic,10061134,Investigations
Drug reaction with eosinophilia and systemic symptoms,Drug reaction with eosinophilia and systemic symptoms,10073508,Immune system disorders
Drug screen,Drug screen,10050837,Investigations
Drug screen negative,Drug screen negative,10050895,Investigations
Drug screen positive,Drug screen positive,10049177,Investigations
Drug withdrawal syndrome,Drug withdrawal syndrome,10013754,General disorders and administration site conditions
Drug-induced liver injury,Drug-induced liver injury,10072268,"Injury, poisoning and procedural complications"
Dry eye,Dry eye,10013774,Eye disorders
Dry mouth,Dry mouth,10013781,Gastrointestinal disorders
Dry skin,Dry skin,10013786,Skin and subcutaneous tissue disorders
Dry throat,Dry throat,10013789,"Respiratory, thoracic and mediastinal disorders"
Duchenne muscular dystrophy gene carrier,Duchenne muscular dystrophy gene carrier,10052655,"Congenital, familial and genetic disorders"
Duodenitis,Duodenitis,10013864,Gastrointestinal disorders
Dural arteriovenous fistula,Dural arteriovenous fistula,10074462,Vascular disorders
Dust allergy,Dust allergy,10077439,Immune system disorders
Dysaesthesia,Dysaesthesia,10013886,Nervous system disorders
Dysarthria,Dysarthria,10013887,Nervous system disorders
Dysbiosis,Dysbiosis,10082129,"Injury, poisoning and procedural complications"
Dyscalculia,Dyscalculia,10049669,Nervous system disorders
Dyschezia,Dyschezia,10051244,Gastrointestinal disorders
Dyschromatopsia,Dyschromatopsia,10013892,Eye disorders
Dysgeusia,Dysgeusia,10013911,Gastrointestinal disorders
Dysgraphia,Dysgraphia,10058319,Nervous system disorders
Dyshidrotic eczema,Dyshidrotic eczema,10013913,Skin and subcutaneous tissue disorders
Dyskinesia,Dyskinesia,10013916,Nervous system disorders
Dyslexia,Dyslexia,10013932,Nervous system disorders
Dyslipidaemia,Dyslipidaemia,10058108,Metabolism and nutrition disorders
Dysmenorrhoea,Dysmenorrhoea,10013935,Reproductive system and breast disorders
Dyspepsia,Dyspepsia,10013946,Gastrointestinal disorders
Dysphagia,Dysphagia,10013950,Gastrointestinal disorders
Dysphemia,Dysphemia,10054964,Nervous system disorders
Dysphonia,Dysphonia,10013952,Psychiatric disorders
Dysphoria,Dysphoria,10013954,Psychiatric disorders
Dyspnoea,Dyspnoea,10013968,Cardiac disorders
Dyspnoea at rest,Dyspnoea at rest,10013969,Cardiac disorders
Dyspnoea exertional,Dyspnoea exertional,10013971,Cardiac disorders
Dyspnoea paroxysmal nocturnal,Dyspnoea paroxysmal nocturnal,10013974,Cardiac disorders
Dysstasia,Dysstasia,10050256,General disorders and administration site conditions
Dystonia,Dystonia,10013983,Nervous system disorders
Dysuria,Dysuria,10013990,Renal and urinary disorders
Eagle's syndrome,Eagle's syndrome,10066835,Musculoskeletal and connective tissue disorders
Ear canal erythema,Ear canal erythema,10052135,Ear and labyrinth disorders
Ear congestion,Ear congestion,10052136,Ear and labyrinth disorders
Ear deformity acquired,Ear deformity acquired,10014002,Ear and labyrinth disorders
Ear discomfort,Ear discomfort,10052137,Ear and labyrinth disorders
Ear disorder,Ear disorder,10014004,Ear and labyrinth disorders
Ear haemorrhage,Ear haemorrhage,10014009,"Injury, poisoning and procedural complications"
Ear infection,Ear infection,10014011,Ear and labyrinth disorders
Ear infection viral,Ear infection viral,10061830,Infections and infestations
Ear inflammation,Ear inflammation,10085924,Ear and labyrinth disorders
Ear injury,Ear injury,10057446,Ear and labyrinth disorders
Ear irrigation,Ear irrigation,10058074,Surgical and medical procedures
Ear operation,Ear operation,10061831,Surgical and medical procedures
Ear pain,Ear pain,10014020,Ear and labyrinth disorders
Ear pruritus,Ear pruritus,10052138,Ear and labyrinth disorders
Ear swelling,Ear swelling,10014025,Ear and labyrinth disorders
Ear tube insertion,Ear tube insertion,10057900,Surgical and medical procedures
Early satiety,Early satiety,10059186,Metabolism and nutrition disorders
Eastern Cooperative Oncology Group performance status,Eastern Cooperative Oncology Group performance status,10067961,Investigations
Eating disorder,Eating disorder,10014062,Psychiatric disorders
Ecchymosis,Ecchymosis,10014080,Skin and subcutaneous tissue disorders
Echocardiogram,Echocardiogram,10014113,Investigations
Echocardiogram abnormal,Echocardiogram abnormal,10061593,Investigations
Echocardiogram normal,Echocardiogram normal,10014115,Investigations
Ectopic pregnancy,Ectopic pregnancy,10014166,"Pregnancy, puerperium and perinatal conditions"
Eczema,Eczema,10014184,Skin and subcutaneous tissue disorders
Eczema eyelids,Eczema eyelids,10014194,Eye disorders
Eczema herpeticum,Eczema herpeticum,10014197,Immune system disorders
Eczema infantile,Eczema infantile,10014198,Skin and subcutaneous tissue disorders
Educational problem,Educational problem,10014270,Social circumstances
Ehlers-Danlos syndrome,Ehlers-Danlos syndrome,10014316,Musculoskeletal and connective tissue disorders
Ejection fraction,Ejection fraction,10050527,Investigations
Ejection fraction abnormal,Ejection fraction abnormal,10014331,Investigations
Ejection fraction decreased,Ejection fraction decreased,10050528,Investigations
Ejection fraction normal,Ejection fraction normal,10064144,Investigations
Electric shock sensation,Electric shock sensation,10014358,General disorders and administration site conditions
Electrocardiogram,Electrocardiogram,10014362,Investigations
Electrocardiogram QRS complex prolonged,Electrocardiogram QRS complex prolonged,10014380,Investigations
Electrocardiogram QRS complex shortened,Electrocardiogram QRS complex shortened,10051158,Investigations
Electrocardiogram QT prolonged,Electrocardiogram QT prolonged,10014387,Investigations
Electrocardiogram ST segment abnormal,Electrocardiogram ST segment abnormal,10014390,Investigations
Electrocardiogram ST segment depression,Electrocardiogram ST segment depression,10014391,Investigations
Electrocardiogram ST segment elevation,Electrocardiogram ST segment elevation,10014392,Investigations
Electrocardiogram ST-T change,Electrocardiogram ST-T change,10061117,Investigations
Electrocardiogram ST-T segment abnormal,Electrocardiogram ST-T segment abnormal,10052333,Investigations
Electrocardiogram ST-T segment elevation,Electrocardiogram ST-T segment elevation,10049225,Investigations
Electrocardiogram T wave abnormal,Electrocardiogram T wave abnormal,10050380,Investigations
Electrocardiogram T wave inversion,Electrocardiogram T wave inversion,10014395,Investigations
Electrocardiogram abnormal,Electrocardiogram abnormal,10014363,Investigations
Electrocardiogram ambulatory,Electrocardiogram ambulatory,10014368,Investigations
Electrocardiogram ambulatory abnormal,Electrocardiogram ambulatory abnormal,10014369,Investigations
Electrocardiogram ambulatory normal,Electrocardiogram ambulatory normal,10014370,Investigations
Electrocardiogram normal,Electrocardiogram normal,10014373,Investigations
Electrocochleogram,Electrocochleogram,10014398,Investigations
Electroencephalogram,Electroencephalogram,10014407,Investigations
Electroencephalogram abnormal,Electroencephalogram abnormal,10014408,Investigations
Electroencephalogram normal,Electroencephalogram normal,10014409,Investigations
Electrolyte imbalance,Electrolyte imbalance,10014418,Metabolism and nutrition disorders
Electromyogram,Electromyogram,10014430,Investigations
Electromyogram abnormal,Electromyogram abnormal,10014431,Investigations
Electromyogram normal,Electromyogram normal,10014432,Investigations
Electroneuromyography,Electroneuromyography,10050116,Investigations
Electronystagmogram,Electronystagmogram,10014449,Investigations
Electronystagmogram abnormal,Electronystagmogram abnormal,10014450,Investigations
Electrophoresis,Electrophoresis,10014458,Investigations
Electrophoresis protein,Electrophoresis protein,10014467,Investigations
Electrophoresis protein abnormal,Electrophoresis protein abnormal,10014468,Investigations
Electrophoresis protein normal,Electrophoresis protein normal,10014469,Investigations
Embolic stroke,Embolic stroke,10014498,Vascular disorders
Embolism,Embolism,10061169,Vascular disorders
Emergency care,Emergency care,10066400,Surgical and medical procedures
Emotional disorder,Emotional disorder,10014551,Psychiatric disorders
Emotional distress,Emotional distress,10049119,Psychiatric disorders
Emotional poverty,Emotional poverty,10014557,Psychiatric disorders
Emphysema,Emphysema,10014561,"Respiratory, thoracic and mediastinal disorders"
Enanthema,Enanthema,10014579,General disorders and administration site conditions
Encephalitis,Encephalitis,10014581,Infections and infestations
Encephalitis autoimmune,Encephalitis autoimmune,10072378,Immune system disorders
Encephalitis viral,Encephalitis viral,10014612,Infections and infestations
Encephalocele,Encephalocele,10014617,"Congenital, familial and genetic disorders"
Encephalomalacia,Encephalomalacia,10051818,Nervous system disorders
Encephalomyelitis,Encephalomyelitis,10014619,Infections and infestations
Encephalopathy,Encephalopathy,10014625,Nervous system disorders
End stage renal disease,End stage renal disease,10077512,Renal and urinary disorders
Endocarditis,Endocarditis,10014665,Infections and infestations
Endocrine disorder,,,API_Error
Endocrine ophthalmopathy,,,API_Error
Endocrine pancreatic disorder,,,API_Error
Endometrial ablation,,,API_Error
Endometrial cancer,,,API_Error
Endometriosis,,,API_Error
Endophthalmitis,,,API_Error
Endoscopic retrograde cholangiopancreatography abnormal,,,API_Error
Endoscopic ultrasound abnormal,,,API_Error
Endoscopy,,,API_Error
Endoscopy abnormal,,,API_Error
Endoscopy gastrointestinal abnormal,Endoscopy gastrointestinal abnormal,10061860,Investigations
Endoscopy normal,Endoscopy normal,10061840,Investigations
Endoscopy upper gastrointestinal tract,Endoscopy upper gastrointestinal tract,10014819,Investigations
Endoscopy upper gastrointestinal tract abnormal,Endoscopy upper gastrointestinal tract abnormal,10014820,Investigations
Endoscopy upper gastrointestinal tract normal,Endoscopy upper gastrointestinal tract normal,10014821,Investigations
Endothelial dysfunction,Endothelial dysfunction,10048554,Vascular disorders
Endotracheal intubation,Endotracheal intubation,10067450,Surgical and medical procedures
Enema administration,Enema administration,10050314,Surgical and medical procedures
Enlarged uvula,Enlarged uvula,10066192,Gastrointestinal disorders
Enteritis,Enteritis,10014866,Gastrointestinal disorders
Enterococcus test positive,Enterococcus test positive,10070024,Investigations
Enterocolitis,Enterocolitis,10014893,Gastrointestinal disorders
Enterocolitis viral,Enterocolitis viral,10061841,Infections and infestations
Enterovirus infection,Enterovirus infection,10014909,Infections and infestations
Enterovirus test negative,Enterovirus test negative,10070397,Investigations
Enterovirus test positive,Enterovirus test positive,10070386,Investigations
Enuresis,Enuresis,10014928,Renal and urinary disorders
Environmental exposure,Environmental exposure,10072082,"Injury, poisoning and procedural complications"
Eosinophil count,Eosinophil count,10014941,Investigations
Eosinophil count decreased,Eosinophil count decreased,10014943,Investigations
Eosinophil count increased,Eosinophil count increased,10014945,Investigations
Eosinophil count normal,Eosinophil count normal,10014946,Investigations
Eosinophil percentage,Eosinophil percentage,10059464,Investigations
Eosinophil percentage decreased,Eosinophil percentage decreased,10052221,Investigations
Eosinophil percentage increased,Eosinophil percentage increased,10052222,Investigations
Eosinophilia,Eosinophilia,10014950,Blood and lymphatic system disorders
Eosinophilic granulomatosis with polyangiitis,Eosinophilic granulomatosis with polyangiitis,10078117,"Respiratory, thoracic and mediastinal disorders"
Eosinophilic oesophagitis,Eosinophilic oesophagitis,10064212,Immune system disorders
Ependymoma,Ependymoma,10014967,"Neoplasms benign, malignant and unspecified (incl cysts and polyps)"
Epidermal necrosis,Epidermal necrosis,10059284,Skin and subcutaneous tissue disorders
Epididymitis,Epididymitis,10015000,Reproductive system and breast disorders
Epiglottic oedema,Epiglottic oedema,10015029,"Respiratory, thoracic and mediastinal disorders"
Epiglottitis,Epiglottitis,10015030,"Respiratory, thoracic and mediastinal disorders"
Epilepsy,Epilepsy,10015037,Nervous system disorders
Epiphysiolysis,Epiphysiolysis,10015079,Musculoskeletal and connective tissue disorders
Epistaxis,Epistaxis,10015090,Vascular disorders
Epstein-Barr virus antibody,Epstein-Barr virus antibody,10053817,Investigations
Epstein-Barr virus antibody negative,Epstein-Barr virus antibody negative,10053818,Investigations
Epstein-Barr virus antibody positive,Epstein-Barr virus antibody positive,10052324,Investigations
Epstein-Barr virus antigen positive,Epstein-Barr virus antigen positive,10052363,Investigations
Epstein-Barr virus infection,Epstein-Barr virus infection,10015108,Infections and infestations
Epstein-Barr virus infection reactivation,Epstein-Barr virus infection reactivation,10015109,Infections and infestations
Epstein-Barr virus test,Epstein-Barr virus test,10050681,Investigations
Epstein-Barr virus test negative,Epstein-Barr virus test negative,10067926,Investigations
Epstein-Barr virus test positive,Epstein-Barr virus test positive,10064545,Investigations
Erectile dysfunction,Erectile dysfunction,10061461,Psychiatric disorders
Eructation,Eructation,10015137,Gastrointestinal disorders
Erysipelas,Erysipelas,10015145,Skin and subcutaneous tissue disorders
Erythema,Erythema,10015150,Skin and subcutaneous tissue disorders
Erythema multiforme,Erythema multiforme,10015218,Skin and subcutaneous tissue disorders
Erythema of eyelid,Erythema of eyelid,10015237,Eye disorders
Erythromelalgia,Erythromelalgia,10015284,Vascular disorders
Eschar,Eschar,10051814,Vascular disorders
Escherichia infection,Escherichia infection,10061126,Infections and infestations
Escherichia pyelonephritis,Escherichia pyelonephritis,10074409,Renal and urinary disorders
Escherichia sepsis,Escherichia sepsis,10015296,Infections and infestations
Escherichia test,Escherichia test,10073290,Investigations
Escherichia test negative,Escherichia test negative,10073291,Investigations
Escherichia test positive,Escherichia test positive,10070090,Investigations
Essential hypertension,Essential hypertension,10015488,Vascular disorders
Essential thrombocythaemia,Essential thrombocythaemia,10015493,"Neoplasms benign, malignant and unspecified (incl cysts and polyps)"
Essential tremor,Essential tremor,10015496,Nervous system disorders
Euphoric mood,Euphoric mood,10015535,Psychiatric disorders
Eustachian tube disorder,Eustachian tube disorder,10061462,Ear and labyrinth disorders
Eustachian tube dysfunction,Eustachian tube dysfunction,10015543,Ear and labyrinth disorders
Evans syndrome,Evans syndrome,10053873,Blood and lymphatic system disorders
Exaggerated startle response,Exaggerated startle response,10066482,Psychiatric disorders
Excessive cerumen production,Excessive cerumen production,10076897,Ear and labyrinth disorders
Excessive eye blinking,Excessive eye blinking,10065166,Eye disorders
Executive dysfunction,Executive dysfunction,10070246,Psychiatric disorders
Exercise electrocardiogram,Exercise electrocardiogram,10015644,Investigations
Exercise electrocardiogram abnormal,Exercise electrocardiogram abnormal,10015645,Investigations
Exercise tolerance decreased,Exercise tolerance decreased,10051301,General disorders and administration site conditions
Exertional headache,Exertional headache,10068614,Nervous system disorders
Exfoliative rash,Exfoliative rash,10064579,Skin and subcutaneous tissue disorders
Exophthalmos,Exophthalmos,10015683,Endocrine disorders
Exostosis,Exostosis,10015688,Musculoskeletal and connective tissue disorders
Expired product administered,Expired product administered,10074902,"Injury, poisoning and procedural complications"
Exposure during pregnancy,Exposure during pregnancy,10073513,"Injury, poisoning and procedural complications"
Exposure to SARS-CoV-2,Exposure to SARS-CoV-2,10084456,"Injury, poisoning and procedural complications"
Exposure to communicable disease,Exposure to communicable disease,10049711,"Injury, poisoning and procedural complications"
Exposure to contaminated device,Exposure to contaminated device,10068515,"Injury, poisoning and procedural complications"
Exposure via breast milk,Exposure via breast milk,10080751,"Injury, poisoning and procedural complications"
Exposure via eye contact,Exposure via eye contact,10073336,"Injury, poisoning and procedural complications"
Exposure via mucosa,Exposure via mucosa,10081501,"Injury, poisoning and procedural complications"
Exposure via partner,Exposure via partner,10071412,"Injury, poisoning and procedural complications"
Exposure via skin contact,Exposure via skin contact,10071430,"Injury, poisoning and procedural complications"
Exposure via unknown route,Exposure via unknown route,10078762,"Injury, poisoning and procedural complications"
Extensive swelling of vaccinated limb,Extensive swelling of vaccinated limb,10065106,"Injury, poisoning and procedural complications"
Extensor plantar response,Extensor plantar response,10015727,Nervous system disorders
External ear pain,External ear pain,10065785,Ear and labyrinth disorders
Extra dose administered,Extra dose administered,10064366,"Injury, poisoning and procedural complications"
Extrasystoles,Extrasystoles,10015856,Cardiac disorders
Extremity contracture,Extremity contracture,10050732,Musculoskeletal and connective tissue disorders
Exudative retinopathy,Exudative retinopathy,10015901,Vascular disorders
Eye contusion,Eye contusion,10073354,"Injury, poisoning and procedural complications"
Eye discharge,Eye discharge,10015915,Eye disorders
Eye disorder,Eye disorder,10015916,Eye disorders
Eye haematoma,Eye haematoma,10079891,"Injury, poisoning and procedural complications"
Eye haemorrhage,Eye haemorrhage,10015926,Eye disorders
Eye infection,Eye infection,10015929,Infections and infestations
Eye inflammation,Eye inflammation,10015943,Eye disorders
Eye injury,Eye injury,10061128,Eye disorders
Eye irrigation,Eye irrigation,10053300,Surgical and medical procedures
Eye irritation,Eye irritation,10015946,Eye disorders
Eye movement disorder,Eye movement disorder,10061129,Eye disorders
Eye oedema,Eye oedema,10052139,Eye disorders
Eye operation,Eye operation,10061852,Surgical and medical procedures
Eye pain,Eye pain,10015958,Eye disorders
Eye pruritus,Eye pruritus,10052140,Eye disorders
Eye swelling,Eye swelling,10015967,Eye disorders
Eyeball avulsion,Eyeball avulsion,10015971,Eye disorders
Eyelash discolouration,Eyelash discolouration,10058809,Eye disorders
Eyelid bleeding,Eyelid bleeding,10053196,Skin and subcutaneous tissue disorders
Eyelid cyst,Eyelid cyst,10063692,Skin and subcutaneous tissue disorders
Eyelid cyst removal,Eyelid cyst removal,10084552,Surgical and medical procedures
Eyelid discolouration,Eyelid discolouration,10091462,Skin and subcutaneous tissue disorders
Eyelid disorder,Eyelid disorder,10061130,Eye disorders
Eyelid function disorder,Eyelid function disorder,10061145,Eye disorders
Eyelid infection,Eyelid infection,10015988,Eye disorders
Eyelid injury,Eyelid injury,10069200,Skin and subcutaneous tissue disorders
Eyelid irritation,Eyelid irritation,10057385,Eye disorders
Eyelid margin crusting,Eyelid margin crusting,10052132,Eye disorders
Eyelid myoclonus,Eyelid myoclonus,10076060,Nervous system disorders
Eyelid oedema,Eyelid oedema,10015993,Immune system disorders
Eyelid operation,Eyelid operation,10061853,Surgical and medical procedures
Eyelid pain,Eyelid pain,10059208,Eye disorders
Eyelid ptosis,Eyelid ptosis,10015995,Eye disorders
Eyelid rash,Eyelid rash,10074620,Eye disorders
Eyelid tumour,Eyelid tumour,10050497,"Neoplasms benign, malignant and unspecified (incl cysts and polyps)"
Eyelid weights application,Eyelid weights application,10080109,Surgical and medical procedures
Eyelids pruritus,Eyelids pruritus,10051627,Eye disorders
FEV1/FVC ratio decreased,FEV1/FVC ratio decreased,10081435,Investigations
Face and mouth X-ray,Face and mouth X-ray,10016018,Investigations
Face and mouth X-ray normal,Face and mouth X-ray normal,10016020,Investigations
Face injury,Face injury,10050392,"Injury, poisoning and procedural complications"
Face oedema,Face oedema,10016029,Immune system disorders
Facet joint syndrome,Facet joint syndrome,10054813,Nervous system disorders
Facial asymmetry,Facial asymmetry,10068737,Musculoskeletal and connective tissue disorders
Facial discomfort,Facial discomfort,10083537,General disorders and administration site conditions
Facial nerve disorder,Facial nerve disorder,10061457,Nervous system disorders
Facial nerve neuritis,Facial nerve neuritis,10091303,Nervous system disorders
Facial pain,Facial pain,10016059,General disorders and administration site conditions
Facial paralysis,Facial paralysis,10016062,Nervous system disorders
Facial paresis,Facial paresis,10051267,Nervous system disorders
Facial reanimation operation,Facial reanimation operation,10089463,Surgical and medical procedures
Facial spasm,Facial spasm,10063006,Nervous system disorders
Factor VIII activity increased,Factor VIII activity increased,10087445,Investigations
Factor VIII activity test,Factor VIII activity test,10086559,Investigations
Faecal calprotectin,Faecal calprotectin,10069670,Investigations
Faecal calprotectin abnormal,Faecal calprotectin abnormal,10072481,Investigations
Faecal calprotectin increased,Faecal calprotectin increased,10072482,Investigations
Faecal calprotectin normal,Faecal calprotectin normal,10072480,Investigations
Faecal elastase test,Faecal elastase test,10082867,Investigations
Faecal occult blood negative,Faecal occult blood negative,10016094,Investigations
Faecal occult blood positive,Faecal occult blood positive,10016095,Investigations
Faecaloma,Faecaloma,10056325,Gastrointestinal disorders
Faeces discoloured,Faeces discoloured,10016100,Gastrointestinal disorders
Faeces hard,Faeces hard,10016101,Gastrointestinal disorders
Faeces pale,Faeces pale,10016102,Gastrointestinal disorders
Faeces soft,Faeces soft,10074859,Gastrointestinal disorders
Failure to thrive,Failure to thrive,10016165,Metabolism and nutrition disorders
Fall,Fall,10016173,"Injury, poisoning and procedural complications"
Familial amyloidosis,Familial amyloidosis,10016202,Nervous system disorders
Familial periodic paralysis,Familial periodic paralysis,10016208,"Congenital, familial and genetic disorders"
Family stress,Family stress,10016215,Social circumstances
Fasciitis,Fasciitis,10016228,Musculoskeletal and connective tissue disorders
Fat necrosis,Fat necrosis,10061857,General disorders and administration site conditions
Fatigue,Fatigue,10016256,General disorders and administration site conditions
Fear,Fear,10016275,Psychiatric disorders
Fear of falling,Fear of falling,10048744,Psychiatric disorders
Fear of injection,Fear of injection,10073753,Psychiatric disorders
Febrile convulsion,Febrile convulsion,10016284,Nervous system disorders
Febrile neutropenia,Febrile neutropenia,10016288,Blood and lymphatic system disorders
Feeding disorder,Feeding disorder,10061148,Psychiatric disorders
Feeling abnormal,Feeling abnormal,10016322,General disorders and administration site conditions
Feeling cold,Feeling cold,10016326,General disorders and administration site conditions
Feeling drunk,Feeling drunk,10016330,General disorders and administration site conditions
Feeling hot,Feeling hot,10016334,General disorders and administration site conditions
Feeling jittery,Feeling jittery,10016338,General disorders and administration site conditions
Feeling of body temperature change,Feeling of body temperature change,10061458,General disorders and administration site conditions
Feeling of despair,Feeling of despair,10016344,Psychiatric disorders
Feeling of relaxation,Feeling of relaxation,10016352,General disorders and administration site conditions
Female sterilisation,Female sterilisation,10056199,Surgical and medical procedures
Femoroacetabular impingement,Femoroacetabular impingement,10070899,Musculoskeletal and connective tissue disorders
Femur fracture,Femur fracture,10016454,Musculoskeletal and connective tissue disorders
Fever neonatal,Fever neonatal,10016562,"Pregnancy, puerperium and perinatal conditions"
Fibrin D dimer,Fibrin D dimer,10016577,Investigations
Fibrin D dimer increased,Fibrin D dimer increased,10016581,Investigations
Fibrin D dimer normal,Fibrin D dimer normal,10016583,Investigations
Fibromuscular dysplasia,Fibromuscular dysplasia,10054794,Vascular disorders
Fibromyalgia,Fibromyalgia,10048439,Musculoskeletal and connective tissue disorders
Fibrosis,Fibrosis,10016642,General disorders and administration site conditions
Fibrous histiocytoma,Fibrous histiocytoma,10053717,"Neoplasms benign, malignant and unspecified (incl cysts and polyps)"
Fine motor delay,Fine motor delay,10066088,Nervous system disorders
Fine motor skill dysfunction,Fine motor skill dysfunction,10076288,Nervous system disorders
Fistula,Fistula,10016717,Musculoskeletal and connective tissue disorders
Flank pain,Flank pain,10016750,General disorders and administration site conditions
Flap surgery,Flap surgery,10085765,Surgical and medical procedures
Flat affect,Flat affect,10016759,Psychiatric disorders
Flatulence,Flatulence,10016766,Gastrointestinal disorders
Floppy infant,Floppy infant,10051004,Musculoskeletal and connective tissue disorders
Flow cytometry,Flow cytometry,10065440,Investigations
Fluid intake reduced,Fluid intake reduced,10056291,Metabolism and nutrition disorders
Fluid retention,Fluid retention,10016807,Renal and urinary disorders
Fluorescence angiogram,Fluorescence angiogram,10083089,Investigations
Fluorescent in situ hybridisation,Fluorescent in situ hybridisation,10066931,Investigations
Flushing,Flushing,10016825,General disorders and administration site conditions
Foaming at mouth,Foaming at mouth,10062654,General disorders and administration site conditions
Focal dyscognitive seizures,Focal dyscognitive seizures,10079424,Nervous system disorders
Focal segmental glomerulosclerosis,Focal segmental glomerulosclerosis,10067757,Renal and urinary disorders
Foetal cardiac disorder,Foetal cardiac disorder,10052088,Cardiac disorders
Foetal damage,Foetal damage,10016852,"Pregnancy, puerperium and perinatal conditions"
Foetal death,Foetal death,10055690,General disorders and administration site conditions
Foetal exposure during pregnancy,Foetal exposure during pregnancy,10071404,"Injury, poisoning and procedural complications"
Foetal growth abnormality,Foetal growth abnormality,10077582,"Pregnancy, puerperium and perinatal conditions"
Foetal growth restriction,Foetal growth restriction,10070531,"Pregnancy, puerperium and perinatal conditions"
Foetal heart rate abnormal,Foetal heart rate abnormal,10051139,Investigations
Foetal heart rate increased,Foetal heart rate increased,10051138,Investigations
Foetal hypokinesia,Foetal hypokinesia,10068461,"Pregnancy, puerperium and perinatal conditions"
Foetal malformation,Foetal malformation,10060919,"Congenital, familial and genetic disorders"
Foetal monitoring,Foetal monitoring,10053278,Investigations
Foetal monitoring abnormal,Foetal monitoring abnormal,10071507,Investigations
Foetal non-stress test,Foetal non-stress test,10053108,Investigations
Foetal non-stress test normal,Foetal non-stress test normal,10071517,Investigations
Follicular lymphoma,Follicular lymphoma,10085128,"Neoplasms benign, malignant and unspecified (incl cysts and polyps)"
Follicular lymphoma recurrent,Follicular lymphoma recurrent,10089556,"Neoplasms benign, malignant and unspecified (incl cysts and polyps)"
Folliculitis,Folliculitis,10016936,Skin and subcutaneous tissue disorders
Fontanelle bulging,Fontanelle bulging,10016945,Nervous system disorders
Fontanelle depressed,Fontanelle depressed,10053214,Metabolism and nutrition disorders
Food allergy,Food allergy,10016946,Immune system disorders
Food aversion,Food aversion,10049238,Psychiatric disorders
Food intolerance,Food intolerance,10061958,Metabolism and nutrition disorders
Food poisoning,Food poisoning,10016952,Infections and infestations
Food refusal,Food refusal,10080283,Psychiatric disorders
Foot deformity,Foot deformity,10061159,Musculoskeletal and connective tissue disorders
Foot fracture,Foot fracture,10016970,Musculoskeletal and connective tissue disorders
Foot operation,Foot operation,10061160,Surgical and medical procedures
Forced vital capacity decreased,Forced vital capacity decreased,10074722,Investigations
Foreign body in skin or subcutaneous tissue,Foreign body in skin or subcutaneous tissue,10083982,Skin and subcutaneous tissue disorders
Formication,Formication,10017062,Nervous system disorders
Fraction of inspired oxygen,Fraction of inspired oxygen,10059883,Surgical and medical procedures
Fracture reduction,Fracture reduction,10057609,Surgical and medical procedures
Fracture treatment,Fracture treatment,10061959,Surgical and medical procedures
Fractured coccyx,Fractured coccyx,10049164,Musculoskeletal and connective tissue disorders
Free fatty acids,Free fatty acids,10062727,Investigations
Free prostate-specific antigen positive,Free prostate-specific antigen positive,10053835,Investigations
Free thyroxine index,Free thyroxine index,10050742,Investigations
Frequent bowel movements,Frequent bowel movements,10017367,Gastrointestinal disorders
Frontotemporal dementia,Frontotemporal dementia,10068968,Nervous system disorders
Frostbite,Frostbite,10017382,"Injury, poisoning and procedural complications"
Fructose intolerance,Fructose intolerance,10072104,Gastrointestinal disorders
Frustration tolerance decreased,Frustration tolerance decreased,10077753,Psychiatric disorders
Full blood count,Full blood count,10017411,Investigations
Full blood count abnormal,Full blood count abnormal,10017412,Investigations
Full blood count increased,Full blood count increased,10052239,Investigations
Full blood count normal,Full blood count normal,10017414,Investigations
Fumbling,Fumbling,10017472,Nervous system disorders
Functional gastrointestinal disorder,Functional gastrointestinal disorder,10071275,Gastrointestinal disorders
Fundoscopy,Fundoscopy,10017519,Investigations
Fundoscopy abnormal,Fundoscopy abnormal,10017520,Investigations
Fundoscopy normal,Fundoscopy normal,10017521,Investigations
Fundus autofluorescence,Fundus autofluorescence,10078792,Investigations
Fungal foot infection,Fungal foot infection,10067612,Skin and subcutaneous tissue disorders
Fungal infection,Fungal infection,10017533,Infections and infestations
Fungal test,Fungal test,10070457,Investigations
Fungal test negative,Fungal test negative,10070458,Investigations
Fungal test positive,Fungal test positive,10059423,Investigations
Furuncle,Furuncle,10017553,Skin and subcutaneous tissue disorders
Gag reflex test,Gag reflex test,10088807,Investigations
Gait disturbance,Gait disturbance,10017577,General disorders and administration site conditions
Gait inability,Gait inability,10017581,Nervous system disorders
Gallbladder disorder,Gallbladder disorder,10017626,Hepatobiliary disorders
Gamma-glutamyltransferase,Gamma-glutamyltransferase,10017687,Investigations
Gamma-glutamyltransferase abnormal,Gamma-glutamyltransferase abnormal,10017688,Investigations
Gastric cancer,Gastric cancer,10017758,"Neoplasms benign, malignant and unspecified (incl cysts and polyps)"
Gastric cancer stage III,Gastric cancer stage III,10017765,"Neoplasms benign, malignant and unspecified (incl cysts and polyps)"
Gastric cancer stage IV,Gastric cancer stage IV,10061967,"Neoplasms benign, malignant and unspecified (incl cysts and polyps)"
Gastric dilatation,Gastric dilatation,10017779,Gastrointestinal disorders
Gastric emptying study,Gastric emptying study,10017782,Investigations
Gastric haemorrhage,Gastric haemorrhage,10017788,Vascular disorders
Gastric neoplasm,Gastric neoplasm,10061968,"Neoplasms benign, malignant and unspecified (incl cysts and polyps)"
Gastric varices,Gastric varices,10051012,Gastrointestinal disorders
Gastritis,Gastritis,10017853,Gastrointestinal disorders
Gastritis erosive,Gastritis erosive,10017865,Gastrointestinal disorders
Gastritis viral,Gastritis viral,10051791,Infections and infestations
Gastroenteritis,Gastroenteritis,10017888,Infections and infestations
Gastroenteritis eosinophilic,Gastroenteritis eosinophilic,10017902,Blood and lymphatic system disorders
Gastroenteritis rotavirus,Gastroenteritis rotavirus,10017913,Infections and infestations
Gastroenteritis viral,Gastroenteritis viral,10017918,Infections and infestations
Gastrointestinal bacterial infection,Gastrointestinal bacterial infection,10068306,Gastrointestinal disorders
Gastrointestinal disorder,Gastrointestinal disorder,10017944,Gastrointestinal disorders
Gastrointestinal examination,Gastrointestinal examination,10068978,Investigations
Gastrointestinal haemorrhage,Gastrointestinal haemorrhage,10017955,Vascular disorders
Gastrointestinal hypomotility,Gastrointestinal hypomotility,10052105,Gastrointestinal disorders
Gastrointestinal inflammation,Gastrointestinal inflammation,10064147,Gastrointestinal disorders
Gastrointestinal microorganism overgrowth,Gastrointestinal microorganism overgrowth,10090744,Infections and infestations
Gastrointestinal motility disorder,Gastrointestinal motility disorder,10061173,Gastrointestinal disorders
Gastrointestinal mucosal exfoliation,Gastrointestinal mucosal exfoliation,10067805,Gastrointestinal disorders
Gastrointestinal pain,Gastrointestinal pain,10017999,Gastrointestinal disorders
Gastrointestinal pathogen panel,Gastrointestinal pathogen panel,10082666,Investigations
Gastrointestinal perforation,Gastrointestinal perforation,10018001,Gastrointestinal disorders
Gastrointestinal sounds abnormal,Gastrointestinal sounds abnormal,10067715,Gastrointestinal disorders
Gastrointestinal tube insertion,Gastrointestinal tube insertion,10053050,Surgical and medical procedures
Gastrointestinal ulcer,Gastrointestinal ulcer,10061459,Gastrointestinal disorders
Gastrointestinal viral infection,Gastrointestinal viral infection,10069049,Infections and infestations
Gastrointestinal wall thickening,Gastrointestinal wall thickening,10075724,Gastrointestinal disorders
Gastrooesophageal reflux disease,Gastrooesophageal reflux disease,10017885,Gastrointestinal disorders
Gastrostomy,Gastrostomy,10048978,Surgical and medical procedures
Gaze palsy,Gaze palsy,10056696,Eye disorders
Gene mutation,Gene mutation,10064571,"Congenital, familial and genetic disorders"
Gene mutation identification test,Gene mutation identification test,10063477,Investigations
Gene mutation identification test negative,Gene mutation identification test negative,10063479,Investigations
Gene mutation identification test positive,Gene mutation identification test positive,10063478,Investigations
Gene sequencing,Gene sequencing,10069604,Investigations
General physical condition abnormal,General physical condition abnormal,10058911,Investigations
General physical health deterioration,General physical health deterioration,10049438,General disorders and administration site conditions
Generalised anxiety disorder,Generalised anxiety disorder,10018075,Psychiatric disorders
Generalised oedema,Generalised oedema,10018092,General disorders and administration site conditions
Generalised tonic-clonic seizure,Generalised tonic-clonic seizure,10018100,Nervous system disorders
Genetic testing,Genetic testing,10092046,Investigations
Genital burning sensation,Genital burning sensation,10054815,Reproductive system and breast disorders
Genital erythema,Genital erythema,10054816,Reproductive system and breast disorders
Genital herpes,Genital herpes,10018150,Infections and infestations
Genital herpes simplex,Genital herpes simplex,10073931,Infections and infestations
Genital herpes zoster,Genital herpes zoster,10072210,Infections and infestations
Genital infection fungal,Genital infection fungal,10061180,Reproductive system and breast disorders
Genital odour,Genital odour,10080408,Reproductive system and breast disorders
Genital pain,Genital pain,10061979,Reproductive system and breast disorders
Genital rash,Genital rash,10018175,Reproductive system and breast disorders
Genital tract inflammation,Genital tract inflammation,10058821,Reproductive system and breast disorders
Genitourinary symptom,Genitourinary symptom,10075537,Reproductive system and breast disorders
Gestational diabetes,Gestational diabetes,10018209,"Pregnancy, puerperium and perinatal conditions"
Giant cell arteritis,Giant cell arteritis,10018250,Nervous system disorders
Giant cell myocarditis,Giant cell myocarditis,10083635,Cardiac disorders
Giardia test negative,Giardia test negative,10072429,Investigations
Gingival abscess,Gingival abscess,10052359,Gastrointestinal disorders
Gingival bleeding,Gingival bleeding,10018276,Vascular disorders
Gingival discomfort,Gingival discomfort,10077854,Gastrointestinal disorders
Gingival erythema,Gingival erythema,10067419,Gastrointestinal disorders
Gingival pain,Gingival pain,10018286,Gastrointestinal disorders
Gingival recession,Gingival recession,10018290,Gastrointestinal disorders
Gingival swelling,Gingival swelling,10018291,Gastrointestinal disorders
Gingivitis,Gingivitis,10018292,Gastrointestinal disorders
Glaucoma,Glaucoma,10018304,Eye disorders
Glial scar,Glial scar,10061431,Nervous system disorders
Glioblastoma,Glioblastoma,10018336,"Neoplasms benign, malignant and unspecified (incl cysts and polyps)"
Gliosis,Gliosis,10018341,Nervous system disorders
Globulin,Globulin,10018342,Investigations
Globulins increased,Globulins increased,10018350,Investigations
Glomerular filtration rate,Glomerular filtration rate,10018355,Investigations
Glomerular filtration rate decreased,Glomerular filtration rate decreased,10018358,Investigations
Glomerular filtration rate increased,Glomerular filtration rate increased,10018359,Investigations
Glomerular filtration rate normal,Glomerular filtration rate normal,10018361,Investigations
Glomerulonephritis,Glomerulonephritis,10018364,Renal and urinary disorders
Glomerulonephritis membranous,Glomerulonephritis membranous,10018372,Renal and urinary disorders
Glomerulonephritis minimal lesion,Glomerulonephritis minimal lesion,10018374,Renal and urinary disorders
Glomerulonephropathy,Glomerulonephropathy,10051920,Renal and urinary disorders
Glossectomy,Glossectomy,10018383,Surgical and medical procedures
Glossodynia,Glossodynia,10018388,Gastrointestinal disorders
Glucose tolerance impaired,Glucose tolerance impaired,10018429,Metabolism and nutrition disorders
Glucose urine absent,Glucose urine absent,10018474,Investigations
Glucose urine present,Glucose urine present,10018478,Investigations
Gluten sensitivity,Gluten sensitivity,10076493,Immune system disorders
Glycosylated haemoglobin,Glycosylated haemoglobin,10018480,Investigations
Glycosylated haemoglobin decreased,Glycosylated haemoglobin decreased,10018482,Investigations
Glycosylated haemoglobin increased,Glycosylated haemoglobin increased,10018484,Investigations
Glycosylated haemoglobin normal,Glycosylated haemoglobin normal,10018485,Investigations
Goitre,Goitre,10018498,Endocrine disorders
Gomori methenamine silver stain,Gomori methenamine silver stain,10075549,Investigations
Goodpasture's syndrome,Goodpasture's syndrome,10018620,Immune system disorders
Gout,Gout,10018627,Metabolism and nutrition disorders
Graft versus host disease,Graft versus host disease,10018651,"Injury, poisoning and procedural complications"
Gram stain,Gram stain,10018654,Investigations
Gram stain negative,Gram stain negative,10018655,Investigations
Gram stain positive,Gram stain positive,10018656,Investigations
Granulocyte count,Granulocyte count,10018678,Investigations
Granulocyte-colony stimulating factor level normal,Granulocyte-colony stimulating factor level normal,10081005,Investigations
Granulocyte-colony stimulating factor test,Granulocyte-colony stimulating factor test,10089423,Investigations
Granuloma,Granuloma,10018691,General disorders and administration site conditions
Granuloma annulare,Granuloma annulare,10018692,Skin and subcutaneous tissue disorders
Granuloma skin,Granuloma skin,10018698,Skin and subcutaneous tissue disorders
Granulomatous lymphadenitis,Granulomatous lymphadenitis,10078494,Blood and lymphatic system disorders
Graves' disease,Graves' disease,10018706,Immune system disorders
Grimacing,Grimacing,10061991,Nervous system disorders
Grip strength decreased,Grip strength decreased,10062556,Investigations
Groin abscess,Groin abscess,10050269,Musculoskeletal and connective tissue disorders
Groin pain,Groin pain,10018735,Musculoskeletal and connective tissue disorders
Gross motor delay,Gross motor delay,10069118,Nervous system disorders
Grunting,Grunting,10018762,"Respiratory, thoracic and mediastinal disorders"
Guillain-Barre syndrome,Guillain-Barre syndrome,10018767,Infections and infestations
Guttate psoriasis,Guttate psoriasis,10018797,Immune system disorders
Gynaecological examination,Gynaecological examination,10050317,Investigations
Gynaecomastia,Gynaecomastia,10018800,Endocrine disorders
HCoV-HKU1 infection,HCoV-HKU1 infection,10085079,Infections and infestations
HER2 negative breast cancer,HER2 negative breast cancer,10083232,"Neoplasms benign, malignant and unspecified (incl cysts and polyps)"
HIV antibody,HIV antibody,10058761,Investigations
HIV antibody negative,HIV antibody negative,10058762,Investigations
HIV test,HIV test,10020185,Investigations
HIV test negative,HIV test negative,10020187,Investigations
HLA marker study,HLA marker study,10062006,Investigations
HLA-B gene status assay,HLA-B gene status assay,10071960,Investigations
HLA-B*27 assay,HLA-B*27 assay,10078439,Investigations
HMG CoA reductase antibody test,HMG CoA reductase antibody test,10090396,Investigations
HTLV-1 test,HTLV-1 test,10080855,Investigations
Haemangioma,Haemangioma,10018814,Vascular disorders
Haemangioma of bone,Haemangioma of bone,10072572,Musculoskeletal and connective tissue disorders
Haemarthrosis,Haemarthrosis,10018829,"Injury, poisoning and procedural complications"
Haematemesis,Haematemesis,10018830,Vascular disorders
Haematochezia,Haematochezia,10018836,Vascular disorders
Haematocrit,Haematocrit,10018837,Investigations
Haematocrit abnormal,Haematocrit abnormal,10049221,Investigations
Haematocrit decreased,Haematocrit decreased,10018838,Investigations
Haematocrit increased,Haematocrit increased,10018840,Investigations
Haematocrit normal,Haematocrit normal,10018842,Investigations
Haematological infection,Haematological infection,10069762,Infections and infestations
Haematological malignancy,Haematological malignancy,10066476,"Neoplasms benign, malignant and unspecified (incl cysts and polyps)"
Haematological neoplasm,Haematological neoplasm,10086698,"Neoplasms benign, malignant and unspecified (incl cysts and polyps)"
Haematology test,Haematology test,10053076,Investigations
Haematoma,Haematoma,10018852,Vascular disorders
Haematoma evacuation,Haematoma evacuation,10060733,Surgical and medical procedures
Haematopoietic neoplasm,Haematopoietic neoplasm,10061187,"Neoplasms benign, malignant and unspecified (incl cysts and polyps)"
Haematuria,Haematuria,10018867,Reproductive system and breast disorders
Haemodialysis,Haemodialysis,10018875,Surgical and medical procedures
Haemofiltration,Haemofiltration,10053090,Surgical and medical procedures
Haemoglobin,Haemoglobin,10018876,Investigations
Haemoglobin abnormal,Haemoglobin abnormal,10018879,Investigations
Haemoglobin decreased,Haemoglobin decreased,10018884,Investigations
Haemoglobin increased,Haemoglobin increased,10018888,Investigations
Haemoglobin normal,Haemoglobin normal,10018890,Investigations
Haemoglobin urine absent,Haemoglobin urine absent,10018907,Investigations
Haemoglobin urine present,Haemoglobin urine present,10018909,Investigations
Haemolysis,Haemolysis,10018910,Blood and lymphatic system disorders
Haemolytic anaemia,Haemolytic anaemia,10018916,Blood and lymphatic system disorders
Haemophagocytic lymphohistiocytosis,Haemophagocytic lymphohistiocytosis,10071583,Blood and lymphatic system disorders
Haemophilus infection,Haemophilus infection,10061190,Infections and infestations
Haemophilus test,Haemophilus test,10080946,Investigations
Haemophilus test positive,Haemophilus test positive,10070100,Investigations
Haemoptysis,Haemoptysis,10018964,"Respiratory, thoracic and mediastinal disorders"
Haemorrhage,Haemorrhage,10055798,Vascular disorders
Haemorrhage in pregnancy,Haemorrhage in pregnancy,10018981,Vascular disorders
Haemorrhage intracranial,Haemorrhage intracranial,10018985,Vascular disorders
Haemorrhage urinary tract,Haemorrhage urinary tract,10055847,Vascular disorders
Haemorrhagic disorder,Haemorrhagic disorder,10019009,Blood and lymphatic system disorders
Haemorrhagic ovarian cyst,Haemorrhagic ovarian cyst,10060781,Reproductive system and breast disorders
Haemorrhagic stroke,Haemorrhagic stroke,10019016,Vascular disorders
Haemorrhoids,Haemorrhoids,10019022,Vascular disorders
Hair colour changes,Hair colour changes,10019030,Skin and subcutaneous tissue disorders
Hair growth abnormal,Hair growth abnormal,10019044,Skin and subcutaneous tissue disorders
Hair texture abnormal,Hair texture abnormal,10019049,Skin and subcutaneous tissue disorders
Hallucination,Hallucination,10019063,Psychiatric disorders
"Hallucination, auditory","Hallucination, auditory",10019070,Psychiatric disorders
"Hallucination, olfactory","Hallucination, olfactory",10019072,Psychiatric disorders
"Hallucination, visual","Hallucination, visual",10019075,Psychiatric disorders
"Hallucinations, mixed","Hallucinations, mixed",10019079,Psychiatric disorders
Halo vision,Halo vision,10019099,Eye disorders
Hamartoma,Hamartoma,10061193,"Congenital, familial and genetic disorders"
Hand deformity,Hand deformity,10061194,Musculoskeletal and connective tissue disorders
Hand dermatitis,Hand dermatitis,10058898,Skin and subcutaneous tissue disorders
Hand fracture,Hand fracture,10019114,Musculoskeletal and connective tissue disorders
Hand-eye coordination impaired,Hand-eye coordination impaired,10072649,Nervous system disorders
Hand-foot-and-mouth disease,Hand-foot-and-mouth disease,10019113,Gastrointestinal disorders
Haptoglobin,Haptoglobin,10050744,Investigations
Haptoglobin decreased,Haptoglobin decreased,10019150,Investigations
Head banging,Head banging,10019191,Psychiatric disorders
Head discomfort,Head discomfort,10019194,Nervous system disorders
Head injury,Head injury,10019196,"Injury, poisoning and procedural complications"
Head lag abnormal,Head lag abnormal,10057871,Investigations
Head titubation,Head titubation,10064950,Nervous system disorders
Headache,Headache,10019211,Nervous system disorders
Hearing aid user,Hearing aid user,10050852,Social circumstances
Heart failure with preserved ejection fraction,Heart failure with preserved ejection fraction,10076396,Cardiac disorders
Heart failure with reduced ejection fraction,Heart failure with reduced ejection fraction,10078289,Cardiac disorders
Heart rate,Heart rate,10019299,Investigations
Heart rate abnormal,Heart rate abnormal,10019300,Investigations
Heart rate decreased,Heart rate decreased,10019301,Investigations
Heart rate increased,Heart rate increased,10019303,Investigations
Heart rate irregular,Heart rate irregular,10019304,Investigations
Heart rate normal,Heart rate normal,10019306,Investigations
Heart sounds abnormal,Heart sounds abnormal,10019311,Investigations
Heart transplant,Heart transplant,10019314,Surgical and medical procedures
Heart valve incompetence,Heart valve incompetence,10067660,Cardiac disorders
Heart valve replacement,Heart valve replacement,10061995,Surgical and medical procedures
Heat illness,Heat illness,10068188,"Injury, poisoning and procedural complications"
Heavy menstrual bleeding,Heavy menstrual bleeding,10085423,Reproductive system and breast disorders
Heavy metal abnormal,Heavy metal abnormal,10086049,Investigations
Heavy metal increased,Heavy metal increased,10086050,Investigations
Heavy metal normal,Heavy metal normal,10086047,Investigations
Heavy metal test,Heavy metal test,10086051,Investigations
Helicobacter infection,Helicobacter infection,10054263,Infections and infestations
Helicobacter test,Helicobacter test,10070400,Investigations
Helicobacter test negative,Helicobacter test negative,10070409,Investigations
Helminthic infection,Helminthic infection,10061201,Infections and infestations
Hemianopia,Hemianopia,10019452,Eye disorders
Hemiparaesthesia,Hemiparaesthesia,10078746,Nervous system disorders
Hemiparesis,Hemiparesis,10019465,Nervous system disorders
Hemiplegia,Hemiplegia,10019468,Nervous system disorders
Henoch-Schonlein purpura,Henoch-Schonlein purpura,10019617,Immune system disorders
Hepatic calcification,Hepatic calcification,10065274,Hepatobiliary disorders
Hepatic cirrhosis,Hepatic cirrhosis,10019641,Hepatobiliary disorders
Hepatic cyst,Hepatic cyst,10019646,"Neoplasms benign, malignant and unspecified (incl cysts and polyps)"
Hepatic enzyme,Hepatic enzyme,10060793,Investigations
Hepatic enzyme abnormal,Hepatic enzyme abnormal,10062685,Investigations
Hepatic enzyme increased,Hepatic enzyme increased,10060795,Investigations
Hepatic failure,Hepatic failure,10019663,Hepatobiliary disorders
Hepatic function abnormal,Hepatic function abnormal,10019670,Hepatobiliary disorders
Hepatic mass,Hepatic mass,10057110,Hepatobiliary disorders
Hepatic neoplasm,Hepatic neoplasm,10019695,"Neoplasms benign, malignant and unspecified (incl cysts and polyps)"
Hepatic pain,Hepatic pain,10019705,Hepatobiliary disorders
Hepatic steatosis,Hepatic steatosis,10019708,Hepatobiliary disorders
Hepatic vascular thrombosis,Hepatic vascular thrombosis,10074494,Hepatobiliary disorders
Hepatitis,Hepatitis,10019717,Hepatobiliary disorders
Hepatitis A,Hepatitis A,10019719,Infections and infestations
Hepatitis A antibody negative,Hepatitis A antibody negative,10019723,Investigations
Hepatitis A antibody positive,Hepatitis A antibody positive,10019725,Investigations
Hepatitis A virus test,Hepatitis A virus test,10068815,Investigations
Hepatitis B,Hepatitis B,10019731,Infections and infestations
Hepatitis B antibody negative,Hepatitis B antibody negative,10019734,Investigations
Hepatitis B antibody positive,Hepatitis B antibody positive,10019736,Investigations
Hepatitis B core antibody positive,Hepatitis B core antibody positive,10071344,Investigations
Hepatitis B surface antibody negative,Hepatitis B surface antibody negative,10071347,Investigations
Hepatitis B surface antibody positive,Hepatitis B surface antibody positive,10071346,Investigations
Hepatitis B surface antigen negative,Hepatitis B surface antigen negative,10050542,Investigations
Hepatitis B surface antigen positive,Hepatitis B surface antigen positive,10019742,Investigations
Hepatitis B test negative,Hepatitis B test negative,10065002,Investigations
Hepatitis B virus test,Hepatitis B virus test,10068415,Investigations
Hepatitis B virus test positive,Hepatitis B virus test positive,10070217,Investigations
Hepatitis C antibody,Hepatitis C antibody,10019745,Investigations
Hepatitis C antibody negative,Hepatitis C antibody negative,10019746,Investigations
Hepatitis C test negative,Hepatitis C test negative,10065001,Investigations
Hepatitis C virus test,Hepatitis C virus test,10068416,Investigations
Hepatitis acute,Hepatitis acute,10019727,Hepatobiliary disorders
Hepatitis cholestatic,Hepatitis cholestatic,10019754,Hepatobiliary disorders
Hepatitis viral test,Hepatitis viral test,10061999,Investigations
Hepatitis viral test negative,Hepatitis viral test negative,10072747,Investigations
Hepatitis viral test positive,Hepatitis viral test positive,10072748,Investigations
Hepatobiliary scan,Hepatobiliary scan,10061946,Investigations
Hepatobiliary scan abnormal,Hepatobiliary scan abnormal,10066195,Investigations
Hepatomegaly,Hepatomegaly,10019842,Hepatobiliary disorders
Hereditary angioedema,Hereditary angioedema,10019860,Immune system disorders
Hereditary haemochromatosis,Hereditary haemochromatosis,10057873,Hepatobiliary disorders
Hereditary motor and sensory neuropathy,Hereditary motor and sensory neuropathy,10077306,Nervous system disorders
Hernia,Hernia,10019909,General disorders and administration site conditions
Hernia repair,Hernia repair,10062003,Surgical and medical procedures
Herpangina,Herpangina,10019936,Infections and infestations
Herpes ophthalmic,Herpes ophthalmic,10062004,Infections and infestations
Herpes simplex,Herpes simplex,10019948,Skin and subcutaneous tissue disorders
Herpes simplex reactivation,Herpes simplex reactivation,10080137,Infections and infestations
Herpes simplex test,Herpes simplex test,10077968,Investigations
Herpes simplex test negative,Herpes simplex test negative,10077970,Investigations
Herpes simplex test positive,Herpes simplex test positive,10077969,Investigations
Herpes virus infection,Herpes virus infection,10019973,Infections and infestations
Herpes virus test,Herpes virus test,10077971,Investigations
Herpes zoster,Herpes zoster,10019974,Nervous system disorders
Herpes zoster disseminated,Herpes zoster disseminated,10065038,Infections and infestations
Herpes zoster meningitis,Herpes zoster meningitis,10074259,Infections and infestations
Herpes zoster oticus,Herpes zoster oticus,10063491,Nervous system disorders
Herpes zoster reactivation,Herpes zoster reactivation,10080516,Infections and infestations
Heterophoria,Heterophoria,10020015,Eye disorders
Hiatus hernia,Hiatus hernia,10020028,"Respiratory, thoracic and mediastinal disorders"
Hiccups,Hiccups,10020039,"Respiratory, thoracic and mediastinal disorders"
Hidradenitis,Hidradenitis,10020040,Skin and subcutaneous tissue disorders
High density lipoprotein,High density lipoprotein,10020050,Investigations
High density lipoprotein decreased,High density lipoprotein decreased,10020060,Investigations
High density lipoprotein normal,High density lipoprotein normal,10020062,Investigations
High risk pregnancy,High risk pregnancy,10052744,"Pregnancy, puerperium and perinatal conditions"
High-pitched crying,High-pitched crying,10052286,General disorders and administration site conditions
High-resolution computerised tomogram of lung,High-resolution computerised tomogram of lung,10085782,Investigations
Hilar lymphadenopathy,Hilar lymphadenopathy,10020094,Blood and lymphatic system disorders
Hip arthroplasty,Hip arthroplasty,10020096,Surgical and medical procedures
Hip surgery,Hip surgery,10051060,Surgical and medical procedures
Hippocampal sclerosis,Hippocampal sclerosis,10063629,Nervous system disorders
Hippus,Hippus,10057410,Eye disorders
Hirsutism,Hirsutism,10020112,Skin and subcutaneous tissue disorders
Histamine intolerance,Histamine intolerance,10068652,Metabolism and nutrition disorders
Histamine level,Histamine level,10060029,Investigations
Histamine level increased,Histamine level increased,10060051,Investigations
Histology,Histology,10062005,Investigations
Histone antibody,Histone antibody,10059695,Investigations
Histone antibody positive,Histone antibody positive,10053833,Investigations
Histoplasmosis,Histoplasmosis,10020141,Infections and infestations
Hodgkin's disease,Hodgkin's disease,10020206,"Neoplasms benign, malignant and unspecified (incl cysts and polyps)"
Hoffmann's sign,Hoffmann's sign,10058444,Nervous system disorders
Homicidal ideation,Homicidal ideation,10049666,Psychiatric disorders
Hordeolum,Hordeolum,10020377,Infections and infestations
Hormone analysis,Hormone analysis,10088152,Investigations
Hormone level abnormal,Hormone level abnormal,10061210,Investigations
Hot flush,Hot flush,10060800,General disorders and administration site conditions
Human anaplasmosis,Human anaplasmosis,10071038,Infections and infestations
Human chorionic gonadotropin,Human chorionic gonadotropin,10071325,Investigations
Human chorionic gonadotropin increased,Human chorionic gonadotropin increased,10071332,Investigations
Human chorionic gonadotropin negative,Human chorionic gonadotropin negative,10071333,Investigations
Human chorionic gonadotropin normal,Human chorionic gonadotropin normal,10071334,Investigations
Human chorionic gonadotropin positive,Human chorionic gonadotropin positive,10071335,Investigations
Human herpes virus 6 serology negative,Human herpes virus 6 serology negative,10060828,Investigations
Human metapneumovirus test,Human metapneumovirus test,10072858,Investigations
Human metapneumovirus test negative,,,Unmapped
Human metapneumovirus test positive,Human metapneumovirus test positive,10072859,Investigations
Human papilloma virus test positive,Human papilloma virus test positive,10064328,Investigations
Human rhinovirus test,Human rhinovirus test,10075163,Investigations
Human rhinovirus test negative,,,Unmapped
Human rhinovirus test positive,Human rhinovirus test positive,10070249,Investigations
Humerus fracture,Humerus fracture,10020462,Musculoskeletal and connective tissue disorders
Humidity intolerance,Humidity intolerance,10072791,General disorders and administration site conditions
Hunger,Hunger,10020466,General disorders and administration site conditions
Hydrocephalus,Hydrocephalus,10020508,Nervous system disorders
Hydrogen breath test,Hydrogen breath test,10065439,Investigations
Hydrogen breath test normal,Hydrogen breath test normal,10072484,Investigations
Hydronephrosis,Hydronephrosis,10020524,Renal and urinary disorders
Hydroureter,Hydroureter,10020533,Renal and urinary disorders
Hyperacusis,Hyperacusis,10020559,Ear and labyrinth disorders
Hyperaemia,Hyperaemia,10020565,Vascular disorders
Hyperaesthesia,Hyperaesthesia,10020568,Nervous system disorders
Hyperbilirubinaemia,Hyperbilirubinaemia,10020578,Metabolism and nutrition disorders
Hypercalcaemia,Hypercalcaemia,10020583,Endocrine disorders
Hypercapnia,Hypercapnia,10020591,"Respiratory, thoracic and mediastinal disorders"
Hyperchlorhydria,Hyperchlorhydria,10020601,Gastrointestinal disorders
Hypercholesterolaemia,Hypercholesterolaemia,10020603,Metabolism and nutrition disorders
Hypercoagulation,Hypercoagulation,10020608,Blood and lymphatic system disorders
Hyperglycaemia,Hyperglycaemia,10020635,Metabolism and nutrition disorders
Hyperhidrosis,Hyperhidrosis,10020642,Skin and subcutaneous tissue disorders
Hyperkalaemia,Hyperkalaemia,10020646,Metabolism and nutrition disorders
Hyperkeratosis,Hyperkeratosis,10020649,Skin and subcutaneous tissue disorders
Hyperlipidaemia,Hyperlipidaemia,10062060,Metabolism and nutrition disorders
Hypermetabolism,Hypermetabolism,10020674,Metabolism and nutrition disorders
Hypermetropia,Hypermetropia,10020675,Eye disorders
Hypermobility syndrome,Hypermobility syndrome,10020677,Musculoskeletal and connective tissue disorders
Hypernatraemia,Hypernatraemia,10020679,Metabolism and nutrition disorders
Hyperparathyroidism secondary,Hyperparathyroidism secondary,10020708,Metabolism and nutrition disorders
Hyperphagia,Hyperphagia,10020710,Metabolism and nutrition disorders
Hyperreflexia,Hyperreflexia,10020745,Nervous system disorders
Hyperresponsive to stimuli,Hyperresponsive to stimuli,10082489,Nervous system disorders
Hypersensitivity,Hypersensitivity,10020751,Immune system disorders
Hypersensitivity vasculitis,Hypersensitivity vasculitis,10020764,Immune system disorders
Hypersomnia,Hypersomnia,10020765,Nervous system disorders
Hypersomnia-bulimia syndrome,Hypersomnia-bulimia syndrome,10053712,Psychiatric disorders
Hypertension,Hypertension,10020772,Vascular disorders
Hypertensive crisis,Hypertensive crisis,10020802,Vascular disorders
Hypertensive emergency,Hypertensive emergency,10058179,Vascular disorders
Hypertensive heart disease,Hypertensive heart disease,10020823,Cardiac disorders
Hyperthermia,Hyperthermia,10020843,"Injury, poisoning and procedural complications"
Hyperthyroidism,Hyperthyroidism,10020850,Endocrine disorders
Hypertonia,Hypertonia,10020852,Nervous system disorders
Hypertonic bladder,Hypertonic bladder,10020853,Nervous system disorders
Hypertransaminasaemia,Hypertransaminasaemia,10068237,Hepatobiliary disorders
Hypertriglyceridaemia,Hypertriglyceridaemia,10020869,Metabolism and nutrition disorders
Hypertrophic cardiomyopathy,Hypertrophic cardiomyopathy,10020871,Cardiac disorders
Hyperuricaemia,Hyperuricaemia,10020903,Metabolism and nutrition disorders
Hyperventilation,Hyperventilation,10020910,"Respiratory, thoracic and mediastinal disorders"
Hypervolaemia,Hypervolaemia,10020919,Cardiac disorders
Hypoacusis,Hypoacusis,10048865,Ear and labyrinth disorders
Hypoaesthesia,Hypoaesthesia,10020937,Nervous system disorders
Hypoaesthesia oral,Hypoaesthesia oral,10057371,Gastrointestinal disorders
Hypoalbuminaemia,Hypoalbuminaemia,10020942,Metabolism and nutrition disorders
Hypocalcaemia,Hypocalcaemia,10020947,Metabolism and nutrition disorders
Hypochloraemia,Hypochloraemia,10020955,Metabolism and nutrition disorders
Hypochromasia,Hypochromasia,10050789,Blood and lymphatic system disorders
Hypocomplementaemia,Hypocomplementaemia,10020974,Immune system disorders
Hypogammaglobulinaemia,Hypogammaglobulinaemia,10020983,Immune system disorders
Hypogeusia,Hypogeusia,10020989,Gastrointestinal disorders
Hypoglycaemia,Hypoglycaemia,10020993,Metabolism and nutrition disorders
Hypohidrosis,Hypohidrosis,10021013,Skin and subcutaneous tissue disorders
Hypokalaemia,Hypokalaemia,10021015,Metabolism and nutrition disorders
Hypokinesia,Hypokinesia,10021021,Nervous system disorders
Hypomagnesaemia,Hypomagnesaemia,10021027,Metabolism and nutrition disorders
Hypomenorrhoea,Hypomenorrhoea,10021033,Endocrine disorders
Hypometabolism,Hypometabolism,10021034,Metabolism and nutrition disorders
Hyponatraemia,Hyponatraemia,10021036,Metabolism and nutrition disorders
Hypophagia,Hypophagia,10063743,Metabolism and nutrition disorders
Hypopituitarism,Hypopituitarism,10021067,Endocrine disorders
Hypopnoea,Hypopnoea,10021079,"Respiratory, thoracic and mediastinal disorders"
Hyporeflexia,Hyporeflexia,10021089,Nervous system disorders
Hyporesponsive to stimuli,Hyporesponsive to stimuli,10071552,Nervous system disorders
Hyposmia,Hyposmia,10050515,"Respiratory, thoracic and mediastinal disorders"
Hypotension,Hypotension,10021097,Vascular disorders
Hypothalamo-pituitary disorder,Hypothalamo-pituitary disorder,10021111,Endocrine disorders
Hypothermia,Hypothermia,10021113,"Injury, poisoning and procedural complications"
Hypothyroidism,Hypothyroidism,10021114,Endocrine disorders
Hypotonia,Hypotonia,10021118,Nervous system disorders
Hypotonic-hyporesponsive episode,Hypotonic-hyporesponsive episode,10021121,"Injury, poisoning and procedural complications"
Hypovolaemia,Hypovolaemia,10021137,Metabolism and nutrition disorders
Hypovolaemic shock,Hypovolaemic shock,10021138,Vascular disorders
Hypoxia,Hypoxia,10021143,"Respiratory, thoracic and mediastinal disorders"
Hysterectomy,Hysterectomy,10021151,Surgical and medical procedures
IIIrd nerve paralysis,IIIrd nerve paralysis,10021283,Eye disorders
Idiopathic angioedema,Idiopathic angioedema,10073257,Skin and subcutaneous tissue disorders
Idiopathic environmental intolerance,Idiopathic environmental intolerance,10086717,Immune system disorders
Idiopathic inflammatory myopathy,Idiopathic inflammatory myopathy,10085970,Musculoskeletal and connective tissue disorders
Idiopathic intracranial hypertension,Idiopathic intracranial hypertension,10078904,Nervous system disorders
Idiopathic urticaria,Idiopathic urticaria,10021247,Skin and subcutaneous tissue disorders
IgA nephropathy,IgA nephropathy,10021263,Renal and urinary disorders
Ileocaecal resection,Ileocaecal resection,10083501,Surgical and medical procedures
Ileus,Ileus,10021328,Gastrointestinal disorders
Ileus paralytic,Ileus paralytic,10021333,Gastrointestinal disorders
Iliac artery occlusion,Iliac artery occlusion,10064601,Vascular disorders
Ill-defined disorder,Ill-defined disorder,10061520,General disorders and administration site conditions
Illiteracy,Illiteracy,10021401,Social circumstances
Illness,Illness,10080284,General disorders and administration site conditions
Imaging procedure,Imaging procedure,10068979,Investigations
Imaging procedure abnormal,Imaging procedure abnormal,10077446,Investigations
Immature granulocyte count,Immature granulocyte count,10085122,Investigations
Immature granulocyte count increased,Immature granulocyte count increased,10081727,Investigations
Immature platelet fraction increased,Immature platelet fraction increased,10089804,Investigations
Immediate post-injection reaction,Immediate post-injection reaction,10067142,General disorders and administration site conditions
Immobile,Immobile,10021417,Social circumstances
Immune reconstitution inflammatory syndrome,Immune reconstitution inflammatory syndrome,10065042,General disorders and administration site conditions
Immune reconstitution inflammatory syndrome associated tuberculosis,Immune reconstitution inflammatory syndrome associated tuberculosis,10072797,Immune system disorders
Immune system disorder,Immune system disorder,10021425,Immune system disorders
Immune thrombocytopenia,Immune thrombocytopenia,10083842,Blood and lymphatic system disorders
Immune-mediated adverse reaction,Immune-mediated adverse reaction,10077665,Immune system disorders
Immune-mediated arthritis,Immune-mediated arthritis,10083155,Immune system disorders
Immune-mediated myositis,Immune-mediated myositis,10083073,Musculoskeletal and connective tissue disorders
Immunisation,Immunisation,10021430,Surgical and medical procedures
Immunisation reaction,Immunisation reaction,10021432,"Injury, poisoning and procedural complications"
Immunoassay,Immunoassay,10091374,Investigations
Immunodeficiency,Immunodeficiency,10061598,Immune system disorders
Immunodeficiency common variable,Immunodeficiency common variable,10021449,Immune system disorders
Immunoelectrophoresis,Immunoelectrophoresis,10021464,Investigations
Immunoglobulin G4 related disease,Immunoglobulin G4 related disease,10077271,Immune system disorders
Immunoglobulin therapy,Immunoglobulin therapy,10069534,Surgical and medical procedures
Immunoglobulins,Immunoglobulins,10021496,Investigations
Immunoglobulins increased,Immunoglobulins increased,10021500,Investigations
Immunoglobulins normal,Immunoglobulins normal,10021501,Investigations
Immunohistochemistry,Immunohistochemistry,10059656,Investigations
Immunology test,Immunology test,10062297,Investigations
Immunology test normal,Immunology test normal,10062502,Investigations
Immunophenotyping,Immunophenotyping,10071534,Investigations
Immunosuppression,Immunosuppression,10062016,Immune system disorders
Impaired driving ability,Impaired driving ability,10049564,Social circumstances
Impaired gastric emptying,Impaired gastric emptying,10021518,Gastrointestinal disorders
Impaired healing,Impaired healing,10021519,General disorders and administration site conditions
Impaired quality of life,Impaired quality of life,10076936,Social circumstances
Impaired work ability,Impaired work ability,10052302,Social circumstances
Impetigo,Impetigo,10021531,Skin and subcutaneous tissue disorders
Implant site erythema,Implant site erythema,10063779,Skin and subcutaneous tissue disorders
Implant site pain,Implant site pain,10063782,"Injury, poisoning and procedural complications"
Implantable cardiac monitor insertion,Implantable cardiac monitor insertion,10074731,Surgical and medical procedures
Implantable defibrillator insertion,Implantable defibrillator insertion,10049442,Surgical and medical procedures
Impulse-control disorder,Impulse-control disorder,10061215,Psychiatric disorders
Impulsive behaviour,Impulsive behaviour,10021567,Psychiatric disorders
Inability to afford medication,Inability to afford medication,10076503,Social circumstances
Inability to crawl,Inability to crawl,10050740,Nervous system disorders
Inadequate aseptic technique in use of product,Inadequate aseptic technique in use of product,10072608,"Injury, poisoning and procedural complications"
Inadvertent injection air bubble,Inadvertent injection air bubble,10088091,"Injury, poisoning and procedural complications"
Inappropriate affect,Inappropriate affect,10021588,Psychiatric disorders
Inappropriate antidiuretic hormone secretion,Inappropriate antidiuretic hormone secretion,10053198,Endocrine disorders
Inappropriate schedule of product administration,Inappropriate schedule of product administration,10081572,"Injury, poisoning and procedural complications"
Inappropriate sinus tachycardia,Inappropriate sinus tachycardia,10090513,Cardiac disorders
Incarcerated hernia repair,Incarcerated hernia repair,10021611,Surgical and medical procedures
Incisional drainage,Incisional drainage,10052532,Surgical and medical procedures
Inclusion body myositis,Inclusion body myositis,10066407,Musculoskeletal and connective tissue disorders
Incoherent,Incoherent,10021630,Nervous system disorders
Incomplete course of vaccination,Incomplete course of vaccination,10072103,"Injury, poisoning and procedural complications"
Incontinence,Incontinence,10021639,Gastrointestinal disorders
Incorrect dosage administered,Incorrect dosage administered,10073768,"Injury, poisoning and procedural complications"
Incorrect dose administered,Incorrect dose administered,10064355,"Injury, poisoning and procedural complications"
Incorrect dose administered by device,Incorrect dose administered by device,10068945,"Injury, poisoning and procedural complications"
Incorrect product administration duration,Incorrect product administration duration,10081581,"Injury, poisoning and procedural complications"
Incorrect route of product administration,Incorrect route of product administration,10081202,"Injury, poisoning and procedural complications"
Increased appetite,Increased appetite,10021654,General disorders and administration site conditions
Increased bronchial secretion,Increased bronchial secretion,10062530,"Respiratory, thoracic and mediastinal disorders"
Increased need for sleep,Increased need for sleep,10088915,Nervous system disorders
Increased tendency to bruise,Increased tendency to bruise,10021688,Skin and subcutaneous tissue disorders
Increased upper airway secretion,Increased upper airway secretion,10062717,"Respiratory, thoracic and mediastinal disorders"
Increased viscosity of bronchial secretion,Increased viscosity of bronchial secretion,10054761,"Respiratory, thoracic and mediastinal disorders"
Increased viscosity of upper respiratory secretion,Increased viscosity of upper respiratory secretion,10076745,"Respiratory, thoracic and mediastinal disorders"
Induced labour,Induced labour,10021718,"Pregnancy, puerperium and perinatal conditions"
Induration,Induration,10060708,General disorders and administration site conditions
Infant irritability,Infant irritability,10082189,Nervous system disorders
Infantile apnoea,Infantile apnoea,10077321,"Respiratory, thoracic and mediastinal disorders"
Infantile back arching,Infantile back arching,10077276,"Pregnancy, puerperium and perinatal conditions"
Infantile diarrhoea,Infantile diarrhoea,10088652,"Pregnancy, puerperium and perinatal conditions"
Infantile spasms,Infantile spasms,10021750,Nervous system disorders
Infantile spitting up,Infantile spitting up,10063338,"Pregnancy, puerperium and perinatal conditions"
Infantile vomiting,Infantile vomiting,10075315,"Pregnancy, puerperium and perinatal conditions"
Infection,Infection,10021789,Infections and infestations
Infection parasitic,Infection parasitic,10021857,Infections and infestations
Infectious mononucleosis,Infectious mononucleosis,10021914,Blood and lymphatic system disorders
Inferior vena cava dilatation,Inferior vena cava dilatation,10069111,Vascular disorders
Infertility female,Infertility female,10021928,Reproductive system and breast disorders
Infertility male,Infertility male,10021929,Reproductive system and breast disorders
Inflammation,Inflammation,10061218,Immune system disorders
Inflammatory bowel disease,Inflammatory bowel disease,10021972,Gastrointestinal disorders
Inflammatory marker decreased,Inflammatory marker decreased,10077676,Investigations
Inflammatory marker increased,Inflammatory marker increased,10069826,Investigations
Inflammatory marker test,Inflammatory marker test,10074736,Investigations
Influenza,Influenza,10022000,Infections and infestations
Influenza A virus test,Influenza A virus test,10070416,Investigations
Influenza A virus test negative,Influenza A virus test negative,10070417,Investigations
Influenza A virus test positive,Influenza A virus test positive,10070215,Investigations
Influenza B virus test,Influenza B virus test,10071544,Investigations
Influenza B virus test negative,Influenza B virus test negative,10090187,Investigations
Influenza B virus test positive,Influenza B virus test positive,10070208,Investigations
Influenza like illness,Influenza like illness,10022004,General disorders and administration site conditions
Influenza virus test,Influenza virus test,10070715,Investigations
Influenza virus test negative,Influenza virus test negative,10070718,Investigations
Influenza virus test positive,Influenza virus test positive,10070717,Investigations
Infrequent bowel movements,Infrequent bowel movements,10059158,Gastrointestinal disorders
Infusion,Infusion,10060345,Surgical and medical procedures
Infusion site streaking,Infusion site streaking,10076086,"Injury, poisoning and procedural complications"
Inguinal hernia,Inguinal hernia,10022016,Gastrointestinal disorders
Inguinal mass,Inguinal mass,10053217,Musculoskeletal and connective tissue disorders
Initial insomnia,Initial insomnia,10022035,Nervous system disorders
Injectable contraception,Injectable contraception,10062577,Surgical and medical procedures
Injected limb mobility decreased,Injected limb mobility decreased,10057664,"Injury, poisoning and procedural complications"
Injection related reaction,Injection related reaction,10071152,Immune system disorders
Injection site abscess,Injection site abscess,10022044,Infections and infestations
Injection site abscess sterile,Injection site abscess sterile,10022045,"Injury, poisoning and procedural complications"
Injection site atrophy,Injection site atrophy,10022048,"Injury, poisoning and procedural complications"
Injection site bruising,Injection site bruising,10022052,"Injury, poisoning and procedural complications"
Injection site cellulitis,Injection site cellulitis,10050057,"Injury, poisoning and procedural complications"
Injection site coldness,Injection site coldness,10050082,"Injury, poisoning and procedural complications"
Injection site cyst,Injection site cyst,10022055,"Neoplasms benign, malignant and unspecified (incl cysts and polyps)"
Injection site dermatitis,Injection site dermatitis,10022056,Skin and subcutaneous tissue disorders
Injection site discharge,Injection site discharge,10065600,"Injury, poisoning and procedural complications"
Injection site discolouration,Injection site discolouration,10051572,Skin and subcutaneous tissue disorders
Injection site discomfort,Injection site discomfort,10054266,"Injury, poisoning and procedural complications"
Injection site dryness,Injection site dryness,10067252,Skin and subcutaneous tissue disorders
Injection site eczema,Injection site eczema,10066221,Skin and subcutaneous tissue disorders
Injection site erosion,Injection site erosion,10022059,Skin and subcutaneous tissue disorders
Injection site erythema,Injection site erythema,10022061,Skin and subcutaneous tissue disorders
Injection site extravasation,Injection site extravasation,10022062,"Injury, poisoning and procedural complications"
Injection site granuloma,Injection site granuloma,10022065,Skin and subcutaneous tissue disorders
Injection site haematoma,Injection site haematoma,10022066,Vascular disorders
Injection site haemorrhage,Injection site haemorrhage,10022067,Vascular disorders
Injection site hypersensitivity,Injection site hypersensitivity,10022071,Immune system disorders
Injection site hypertrichosis,Injection site hypertrichosis,10075313,Skin and subcutaneous tissue disorders
Injection site hypoaesthesia,Injection site hypoaesthesia,10074586,Nervous system disorders
Injection site indentation,Injection site indentation,10079277,Skin and subcutaneous tissue disorders
Injection site induration,Injection site induration,10022075,"Injury, poisoning and procedural complications"
Injection site infection,Injection site infection,10022076,Infections and infestations
Injection site inflammation,Injection site inflammation,10022078,"Injury, poisoning and procedural complications"
Injection site injury,Injection site injury,10066083,"Injury, poisoning and procedural complications"
Injection site irritation,Injection site irritation,10022079,"Injury, poisoning and procedural complications"
Injection site joint pain,Injection site joint pain,10049261,Musculoskeletal and connective tissue disorders
Injection site macule,Injection site macule,10067255,Skin and subcutaneous tissue disorders
Injection site mass,Injection site mass,10022081,"Injury, poisoning and procedural complications"
Injection site movement impairment,Injection site movement impairment,10056250,"Injury, poisoning and procedural complications"
Injection site muscle weakness,Injection site muscle weakness,10084588,"Injury, poisoning and procedural complications"
Injection site necrosis,Injection site necrosis,10022082,"Injury, poisoning and procedural complications"
Injection site nerve damage,Injection site nerve damage,10022083,"Injury, poisoning and procedural complications"
Injection site nodule,Injection site nodule,10057880,Skin and subcutaneous tissue disorders
Injection site oedema,Injection site oedema,10022085,"Injury, poisoning and procedural complications"
Injection site pain,Injection site pain,10022086,"Injury, poisoning and procedural complications"
Injection site pallor,Injection site pallor,10066041,Skin and subcutaneous tissue disorders
Injection site papule,Injection site papule,10066044,Skin and subcutaneous tissue disorders
Injection site paraesthesia,Injection site paraesthesia,10022088,Nervous system disorders
Injection site plaque,Injection site plaque,10073174,"Injury, poisoning and procedural complications"
Injection site pruritus,Injection site pruritus,10022093,Skin and subcutaneous tissue disorders
Injection site pustule,Injection site pustule,10054994,"Injury, poisoning and procedural complications"
Injection site rash,Injection site rash,10022094,Skin and subcutaneous tissue disorders
Injection site reaction,Injection site reaction,10022095,"Injury, poisoning and procedural complications"
Injection site scab,Injection site scab,10066210,Skin and subcutaneous tissue disorders
Injection site scar,Injection site scar,10059009,Skin and subcutaneous tissue disorders
Injection site streaking,Injection site streaking,10066778,"Injury, poisoning and procedural complications"
Injection site swelling,Injection site swelling,10053425,"Injury, poisoning and procedural complications"
Injection site ulcer,Injection site ulcer,10022105,Skin and subcutaneous tissue disorders
Injection site urticaria,Injection site urticaria,10022107,"Injury, poisoning and procedural complications"
Injection site vesicles,Injection site vesicles,10022111,Skin and subcutaneous tissue disorders
Injection site warmth,Injection site warmth,10022112,"Injury, poisoning and procedural complications"
Injury,Injury,10022116,"Injury, poisoning and procedural complications"
Injury associated with device,Injury associated with device,10069803,General disorders and administration site conditions
Inner ear disorder,Inner ear disorder,10061524,Ear and labyrinth disorders
Inner ear inflammation,Inner ear inflammation,10066966,Ear and labyrinth disorders
Insomnia,Insomnia,10022437,Nervous system disorders
Insulin C-peptide abnormal,Insulin C-peptide abnormal,10063265,Investigations
Insulin C-peptide normal,Insulin C-peptide normal,10022480,Investigations
Insulin resistance,Insulin resistance,10022489,Metabolism and nutrition disorders
Insulin-like growth factor,Insulin-like growth factor,10062735,Investigations
Insulin-requiring type 2 diabetes mellitus,Insulin-requiring type 2 diabetes mellitus,10053247,Metabolism and nutrition disorders
Insurance issue,Insurance issue,10078156,Social circumstances
Intellectual disability,Intellectual disability,10067989,Nervous system disorders
Intensive care,Intensive care,10022519,Surgical and medical procedures
Intentional product use issue,Intentional product use issue,10076308,"Injury, poisoning and procedural complications"
Intentional self-injury,Intentional self-injury,10022524,Psychiatric disorders
Intercepted product administration error,Intercepted product administration error,10081573,"Injury, poisoning and procedural complications"
Intercepted product preparation error,Intercepted product preparation error,10079213,"Injury, poisoning and procedural complications"
Intercepted product prescribing error,Intercepted product prescribing error,10081743,"Injury, poisoning and procedural complications"
Intercepted product storage error,Intercepted product storage error,10079212,Unknown
Interchange of vaccine products,,,API_Error
Interferon gamma level increased,,,API_Error
Interferon gamma release assay,,,API_Error
Interleukin level,,,API_Error
Interleukin level increased,,,API_Error
Interleukin-2 receptor increased,,,API_Error
Intermenstrual bleeding,,,API_Error
Internal fixation of fracture,,,API_Error
Internal haemorrhage,,,API_Error
Internal jugular vein stenosis,,,API_Error
International normalised ratio,,,API_Error
International normalised ratio increased,International normalised ratio increased,10022595,Investigations
International normalised ratio normal,International normalised ratio normal,10022596,Investigations
Interstitial lung abnormality,Interstitial lung abnormality,10087834,"Respiratory, thoracic and mediastinal disorders"
Interstitial lung disease,Interstitial lung disease,10022611,Immune system disorders
Intertrigo,Intertrigo,10022622,Skin and subcutaneous tissue disorders
Intervertebral disc annular tear,Intervertebral disc annular tear,10065294,Musculoskeletal and connective tissue disorders
Intervertebral disc degeneration,Intervertebral disc degeneration,10061246,Musculoskeletal and connective tissue disorders
Intervertebral disc disorder,Intervertebral disc disorder,10061521,Musculoskeletal and connective tissue disorders
Intervertebral disc operation,Intervertebral disc operation,10057322,Surgical and medical procedures
Intervertebral disc protrusion,Intervertebral disc protrusion,10050296,Musculoskeletal and connective tissue disorders
Intervertebral disc space narrowing,Intervertebral disc space narrowing,10055041,Musculoskeletal and connective tissue disorders
Intestinal barrier dysfunction,Intestinal barrier dysfunction,10087367,Gastrointestinal disorders
Intestinal dilatation,Intestinal dilatation,10022642,Gastrointestinal disorders
Intestinal ischaemia,Intestinal ischaemia,10022680,Gastrointestinal disorders
Intestinal obstruction,Intestinal obstruction,10022687,Gastrointestinal disorders
Intra-abdominal fluid collection,Intra-abdominal fluid collection,10078659,Reproductive system and breast disorders
Intra-uterine contraceptive device insertion,Intra-uterine contraceptive device insertion,10049480,Surgical and medical procedures
Intracardiac mass,Intracardiac mass,10066087,Cardiac disorders
Intracardiac pressure increased,Intracardiac pressure increased,10079904,Investigations
Intracranial aneurysm,Intracranial aneurysm,10022758,Nervous system disorders
Intracranial calcification,Intracranial calcification,10090912,Nervous system disorders
Intracranial contrast-enhanced magnetic resonance venography,Intracranial contrast-enhanced magnetic resonance venography,10087200,Investigations
Intracranial hypotension,Intracranial hypotension,10049977,Nervous system disorders
Intracranial mass,Intracranial mass,10077667,Nervous system disorders
Intracranial pressure increased,Intracranial pressure increased,10022773,Nervous system disorders
Intracranial venous sinus stenosis,Intracranial venous sinus stenosis,10091936,Vascular disorders
Intraductal proliferative breast lesion,Intraductal proliferative breast lesion,10073094,"Neoplasms benign, malignant and unspecified (incl cysts and polyps)"
Intranasal paraesthesia,Intranasal paraesthesia,10051660,"Respiratory, thoracic and mediastinal disorders"
Intraocular lens implant,Intraocular lens implant,10067434,Surgical and medical procedures
Intraocular pressure increased,Intraocular pressure increased,10022806,Investigations
Intraocular pressure test,Intraocular pressure test,10060950,Investigations
Intraventricular haemorrhage,Intraventricular haemorrhage,10022840,Vascular disorders
Intraventricular haemorrhage neonatal,Intraventricular haemorrhage neonatal,10022841,Nervous system disorders
Intrinsic factor antibody,Intrinsic factor antibody,10022851,Investigations
Intussusception,Intussusception,10022863,Gastrointestinal disorders
Invasive ductal breast carcinoma,Invasive ductal breast carcinoma,10073095,"Neoplasms benign, malignant and unspecified (incl cysts and polyps)"
Investigation,Investigation,10062026,Investigations
Investigation normal,Investigation normal,10082416,Investigations
Involuntary vocalisation,Involuntary vocalisation,10090790,Psychiatric disorders
Iodine uptake,Iodine uptake,10022917,Investigations
Iodine uptake abnormal,Iodine uptake abnormal,10022918,Investigations
Iridocyclitis,Iridocyclitis,10022941,Eye disorders
Iris hypopigmentation,Iris hypopigmentation,10063694,Eye disorders
Iris operation,Iris operation,10057420,Surgical and medical procedures
Iris tear,Iris tear,10086652,Eye disorders
Iritis,Iritis,10022955,Immune system disorders
Iron binding capacity total,Iron binding capacity total,10022960,Investigations
Iron binding capacity total normal,Iron binding capacity total normal,10022967,Investigations
Iron binding capacity unsaturated,Iron binding capacity unsaturated,10053226,Investigations
Iron deficiency,Iron deficiency,10022970,Metabolism and nutrition disorders
Iron deficiency anaemia,Iron deficiency anaemia,10022972,Metabolism and nutrition disorders
Iron overload,Iron overload,10065973,"Injury, poisoning and procedural complications"
Irregular breathing,Irregular breathing,10076213,"Respiratory, thoracic and mediastinal disorders"
Irritability,Irritability,10022998,Psychiatric disorders
Irritable bowel syndrome,Irritable bowel syndrome,10023003,Infections and infestations
Ischaemia,Ischaemia,10061255,Vascular disorders
Ischaemic stroke,Ischaemic stroke,10061256,Nervous system disorders
JC polyomavirus test negative,JC polyomavirus test negative,10076979,Investigations
Janus kinase 2 mutation,Janus kinase 2 mutation,10072206,"Congenital, familial and genetic disorders"
Jaundice,Jaundice,10023126,Skin and subcutaneous tissue disorders
Jaw clicking,Jaw clicking,10077089,Musculoskeletal and connective tissue disorders
Jaw fracture,Jaw fracture,10023149,Musculoskeletal and connective tissue disorders
Joint contracture,Joint contracture,10023201,Musculoskeletal and connective tissue disorders
Joint dislocation,Joint dislocation,10023204,Musculoskeletal and connective tissue disorders
Joint effusion,Joint effusion,10023215,Musculoskeletal and connective tissue disorders
Joint fluid drainage,Joint fluid drainage,10066994,Surgical and medical procedures
Joint impingement,Joint impingement,10087218,Musculoskeletal and connective tissue disorders
Joint injury,Joint injury,10060820,Musculoskeletal and connective tissue disorders
Joint lock,Joint lock,10061258,Musculoskeletal and connective tissue disorders
Joint noise,Joint noise,10074329,Musculoskeletal and connective tissue disorders
Joint range of motion decreased,Joint range of motion decreased,10048706,Musculoskeletal and connective tissue disorders
Joint stiffness,Joint stiffness,10023230,Musculoskeletal and connective tissue disorders
Joint swelling,Joint swelling,10023232,Musculoskeletal and connective tissue disorders
Joint warmth,Joint warmth,10054106,Musculoskeletal and connective tissue disorders
Judgement impaired,Judgement impaired,10023236,Nervous system disorders
Jugular vein distension,Jugular vein distension,10059865,Cardiac disorders
Jugular vein thrombosis,Jugular vein thrombosis,10023237,Vascular disorders
Juvenile idiopathic arthritis,Juvenile idiopathic arthritis,10059176,Musculoskeletal and connective tissue disorders
Kaleidoscope vision,Kaleidoscope vision,10090683,Eye disorders
Karnofsky scale,Karnofsky scale,10054755,Investigations
Kawasaki's disease,Kawasaki's disease,10023320,Infections and infestations
Keloid scar,Keloid scar,10023330,Skin and subcutaneous tissue disorders
Keratoconus,Keratoconus,10023353,Eye disorders
Keratosis pilaris,Keratosis pilaris,10066295,Skin and subcutaneous tissue disorders
Kidney enlargement,Kidney enlargement,10048469,Renal and urinary disorders
Kidney fibrosis,Kidney fibrosis,10023421,Renal and urinary disorders
Kidney infection,Kidney infection,10023424,Renal and urinary disorders
Kidney transplant rejection,Kidney transplant rejection,10023439,Immune system disorders
Klebsiella test positive,Klebsiella test positive,10070091,Investigations
Knee arthroplasty,Knee arthroplasty,10023469,Surgical and medical procedures
Knee operation,Knee operation,10049548,Surgical and medical procedures
Kyphosis,Kyphosis,10023509,Musculoskeletal and connective tissue disorders
Labelled drug-disease interaction medication error,Labelled drug-disease interaction medication error,10064381,"Injury, poisoning and procedural complications"
Labelled drug-drug interaction issue,Labelled drug-drug interaction issue,10084721,"Injury, poisoning and procedural complications"
Labelled drug-drug interaction medication error,Labelled drug-drug interaction medication error,10064373,"Injury, poisoning and procedural complications"
Labile hypertension,Labile hypertension,10049079,Vascular disorders
Laboratory test,Laboratory test,10059938,Investigations
Laboratory test abnormal,Laboratory test abnormal,10023547,Investigations
Laboratory test normal,Laboratory test normal,10054052,Investigations
Labour induction,Labour induction,10052856,Surgical and medical procedures
Labral reconstruction,Labral reconstruction,10089817,Surgical and medical procedures
Labrune syndrome,Labrune syndrome,10084766,"Congenital, familial and genetic disorders"
Labyrinthitis,Labyrinthitis,10023567,Ear and labyrinth disorders
Lack of injection site rotation,Lack of injection site rotation,10073752,"Injury, poisoning and procedural complications"
Lack of vaccination site rotation,Lack of vaccination site rotation,10076090,"Injury, poisoning and procedural complications"
Lacrimal disorder,Lacrimal disorder,10061525,Eye disorders
Lacrimation decreased,Lacrimation decreased,10023642,Eye disorders
Lacrimation increased,Lacrimation increased,10023644,Eye disorders
Lactate pyruvate ratio,Lactate pyruvate ratio,10057975,Investigations
Lactate pyruvate ratio abnormal,Lactate pyruvate ratio abnormal,10057976,Investigations
Lactic acidosis,Lactic acidosis,10023676,Metabolism and nutrition disorders
Lactose intolerance,Lactose intolerance,10023681,Gastrointestinal disorders
Language disorder,Language disorder,10074869,Nervous system disorders
Laparoscopy,Laparoscopy,10023693,Investigations
Laparotomy,Laparotomy,10023696,Surgical and medical procedures
Large fibre neuropathy,Large fibre neuropathy,10086893,Nervous system disorders
Large intestinal obstruction,Large intestinal obstruction,10062062,Gastrointestinal disorders
Large intestinal ulcer,Large intestinal ulcer,10023799,Gastrointestinal disorders
Large intestine infection,Large intestine infection,10081959,Infections and infestations
Large intestine polyp,Large intestine polyp,10051589,"Neoplasms benign, malignant and unspecified (incl cysts and polyps)"
Laryngeal dyskinesia,Laryngeal dyskinesia,10091317,"Respiratory, thoracic and mediastinal disorders"
Laryngeal inflammation,Laryngeal inflammation,10065735,"Respiratory, thoracic and mediastinal disorders"
Laryngeal oedema,Laryngeal oedema,10023845,Immune system disorders
Laryngeal pain,Laryngeal pain,10023848,"Respiratory, thoracic and mediastinal disorders"
Laryngeal tremor,Laryngeal tremor,10078751,"Respiratory, thoracic and mediastinal disorders"
Laryngitis,Laryngitis,10023874,"Respiratory, thoracic and mediastinal disorders"
Laryngomalacia,Laryngomalacia,10060786,"Respiratory, thoracic and mediastinal disorders"
Laryngoscopy,Laryngoscopy,10023888,Investigations
Laryngoscopy abnormal,Laryngoscopy abnormal,10023889,Investigations
Laryngoscopy normal,Laryngoscopy normal,10023890,Investigations
Laryngospasm,Laryngospasm,10023891,"Respiratory, thoracic and mediastinal disorders"
Latent autoimmune diabetes in adults,Latent autoimmune diabetes in adults,10066389,Metabolism and nutrition disorders
Lateral medullary syndrome,Lateral medullary syndrome,10024033,Nervous system disorders
Laziness,Laziness,10051602,Psychiatric disorders
Lead dislodgement,Lead dislodgement,10067251,Product issues
Learning disorder,Learning disorder,10061265,Psychiatric disorders
Left atrial appendage closure implant,Left atrial appendage closure implant,10085044,Surgical and medical procedures
Left atrial dilatation,Left atrial dilatation,10067286,Cardiac disorders
Left atrial enlargement,Left atrial enlargement,10051860,Cardiac disorders
Left ventricular dilatation,Left ventricular dilatation,10050043,Cardiac disorders
Left ventricular dysfunction,Left ventricular dysfunction,10049694,Cardiac disorders
Left ventricular end-diastolic pressure increased,Left ventricular end-diastolic pressure increased,10060088,Investigations
Left ventricular enlargement,Left ventricular enlargement,10050581,Cardiac disorders
Left ventricular failure,Left ventricular failure,10024119,Cardiac disorders
Left ventricular hypertrophy,Left ventricular hypertrophy,10049773,Cardiac disorders
Leg amputation,Leg amputation,10024124,Surgical and medical procedures
Legionella test,Legionella test,10070410,Investigations
Lennox-Gastaut syndrome,Lennox-Gastaut syndrome,10048816,Nervous system disorders
Lens dislocation,Lens dislocation,10024203,"Injury, poisoning and procedural complications"
Leptospira test,Leptospira test,10080944,Investigations
Lethargy,Lethargy,10024264,General disorders and administration site conditions
Leukaemia,Leukaemia,10024288,"Neoplasms benign, malignant and unspecified (incl cysts and polyps)"
Leukocytosis,Leukocytosis,10024378,Blood and lymphatic system disorders
Leukodystrophy,Leukodystrophy,10024381,Nervous system disorders
Leukopenia,Leukopenia,10024384,Blood and lymphatic system disorders
Leukotriene test,Leukotriene test,10072335,Investigations
Libido decreased,Libido decreased,10024419,Psychiatric disorders
Lichen planopilaris,Lichen planopilaris,10081142,Skin and subcutaneous tissue disorders
Lichen planus,Lichen planus,10024429,Skin and subcutaneous tissue disorders
Lichen sclerosus,Lichen sclerosus,10024434,Reproductive system and breast disorders
Lichenoid keratosis,Lichenoid keratosis,10064000,Skin and subcutaneous tissue disorders
Lid sulcus deepened,Lid sulcus deepened,10072716,Eye disorders
Life support,Life support,10024447,Surgical and medical procedures
Ligament disorder,Ligament disorder,10061222,Musculoskeletal and connective tissue disorders
Ligament injury,Ligament injury,10061223,Musculoskeletal and connective tissue disorders
Ligament pain,Ligament pain,10068790,Musculoskeletal and connective tissue disorders
Ligament rupture,Ligament rupture,10065433,Musculoskeletal and connective tissue disorders
Ligament sprain,Ligament sprain,10024453,Musculoskeletal and connective tissue disorders
Light chain analysis,Light chain analysis,10060083,Investigations
Light chain analysis increased,Light chain analysis increased,10060084,Investigations
Limb discomfort,Limb discomfort,10061224,Musculoskeletal and connective tissue disorders
Limb injury,Limb injury,10061225,"Injury, poisoning and procedural complications"
Limb mass,Limb mass,10078503,Musculoskeletal and connective tissue disorders
Limb operation,Limb operation,10061226,Surgical and medical procedures
Limb ultrasound,Limb ultrasound,10091900,Investigations
Lip blister,Lip blister,10049307,Gastrointestinal disorders
Lip discolouration,Lip discolouration,10024549,Gastrointestinal disorders
Lip disorder,Lip disorder,10048470,Gastrointestinal disorders
Lip dry,Lip dry,10024552,Gastrointestinal disorders
Lip erythema,Lip erythema,10080124,Gastrointestinal disorders
Lip exfoliation,Lip exfoliation,10064482,Gastrointestinal disorders
Lip haemorrhage,Lip haemorrhage,10049297,Vascular disorders
Lip injury,Lip injury,10055082,Gastrointestinal disorders
Lip oedema,Lip oedema,10024558,Immune system disorders
Lip pain,Lip pain,10024561,Gastrointestinal disorders
Lip pruritus,Lip pruritus,10070721,Gastrointestinal disorders
Lip swelling,Lip swelling,10024570,Immune system disorders
Lipase,Lipase,10050659,Investigations
Lipase increased,Lipase increased,10024574,Investigations
Lipase normal,Lipase normal,10024575,Investigations
Lipids,Lipids,10024587,Investigations
Lipids normal,Lipids normal,10024593,Investigations
Lipoinjection,Lipoinjection,10072153,Surgical and medical procedures
Lipoma,Lipoma,10024612,"Neoplasms benign, malignant and unspecified (incl cysts and polyps)"
Lipoma excision,Lipoma excision,10024614,Surgical and medical procedures
Liquid product physical issue,Liquid product physical issue,10069224,Product issues
Listeria test,Listeria test,10075707,Investigations
Listless,Listless,10024642,Psychiatric disorders
Livedo reticularis,Livedo reticularis,10024648,Vascular disorders
Liver disorder,Liver disorder,10024670,Hepatobiliary disorders
Liver function test,Liver function test,10060105,Investigations
Liver function test abnormal,Liver function test abnormal,10024690,Investigations
Liver function test increased,Liver function test increased,10077692,Investigations
Liver function test normal,Liver function test normal,10060106,Investigations
Liver injury,Liver injury,10067125,"Injury, poisoning and procedural complications"
Liver sarcoidosis,,,API_Error
Liver scan abnormal,,,API_Error
Liver transplant,,,API_Error
Local reaction,,,API_Error
Localised infection,,,API_Error
Localised oedema,,,API_Error
Loose tooth,,,API_Error
Loss of bladder sensation,,,API_Error
Loss of consciousness,,,API_Error
Loss of control of legs,,,API_Error
Loss of employment,,,API_Error
Loss of libido,,,API_Error
Loss of personal independence in daily activities,Loss of personal independence in daily activities,10079487,Social circumstances
Loss of proprioception,Loss of proprioception,10057332,Nervous system disorders
Loss of visual contrast sensitivity,Loss of visual contrast sensitivity,10064133,"Injury, poisoning and procedural complications"
Low density lipoprotein,Low density lipoprotein,10024900,Investigations
Low density lipoprotein increased,Low density lipoprotein increased,10024910,Investigations
Low density lipoprotein normal,Low density lipoprotein normal,10024911,Investigations
Lower limb fracture,Lower limb fracture,10061599,Musculoskeletal and connective tissue disorders
Lower respiratory tract infection,Lower respiratory tract infection,10024968,"Respiratory, thoracic and mediastinal disorders"
Lower respiratory tract infection bacterial,Lower respiratory tract infection bacterial,10063890,"Respiratory, thoracic and mediastinal disorders"
Lower respiratory tract infection viral,Lower respiratory tract infection viral,10065188,Infections and infestations
Lower urinary tract symptoms,Lower urinary tract symptoms,10071289,Renal and urinary disorders
Ludwig angina,Ludwig angina,10048806,Gastrointestinal disorders
Lumbar puncture,Lumbar puncture,10024999,Investigations
Lumbar puncture abnormal,Lumbar puncture abnormal,10025000,Investigations
Lumbar puncture normal,Lumbar puncture normal,10025002,Investigations
Lumbar radiculopathy,Lumbar radiculopathy,10050219,Nervous system disorders
Lumbar spinal drainage complication,Lumbar spinal drainage complication,10077764,"Injury, poisoning and procedural complications"
Lumbar spinal stenosis,Lumbar spinal stenosis,10025005,Nervous system disorders
Lumbar vertebral fracture,Lumbar vertebral fracture,10049947,Musculoskeletal and connective tissue disorders
Lumbosacral radiculoplexus neuropathy,Lumbosacral radiculoplexus neuropathy,10085063,Metabolism and nutrition disorders
Lung abscess,Lung abscess,10025028,"Respiratory, thoracic and mediastinal disorders"
Lung assist device therapy,Lung assist device therapy,10082527,Surgical and medical procedures
Lung consolidation,Lung consolidation,10025080,"Respiratory, thoracic and mediastinal disorders"
Lung disorder,Lung disorder,10025082,"Respiratory, thoracic and mediastinal disorders"
Lung hyperinflation,Lung hyperinflation,10059487,"Respiratory, thoracic and mediastinal disorders"
Lung infiltration,Lung infiltration,10025102,"Respiratory, thoracic and mediastinal disorders"
Lung lobectomy,Lung lobectomy,10024741,Unknown
Lung neoplasm,Lung neoplasm,10062042,"Neoplasms benign, malignant and unspecified (incl cysts and polyps)"
Lung neoplasm malignant,Lung neoplasm malignant,10058467,"Neoplasms benign, malignant and unspecified (incl cysts and polyps)"
Lung opacity,Lung opacity,10081792,"Respiratory, thoracic and mediastinal disorders"
Lyme disease,Lyme disease,10025169,Infections and infestations
Lymph node pain,Lymph node pain,10025182,Blood and lymphatic system disorders
Lymph node palpable,Lymph node palpable,10057470,Investigations
Lymph nodes scan abnormal,Lymph nodes scan abnormal,10061949,Investigations
Lymph nodes scan normal,Lymph nodes scan normal,10061950,Investigations
Lymphadenectomy,Lymphadenectomy,10048956,Surgical and medical procedures
Lymphadenitis,Lymphadenitis,10025188,Blood and lymphatic system disorders
Lymphadenopathy,Lymphadenopathy,10025197,Blood and lymphatic system disorders
Lymphangitis,Lymphangitis,10025226,Infections and infestations
Lymphatic disorder,Lymphatic disorder,10052314,Blood and lymphatic system disorders
Lymphatic fistula,Lymphatic fistula,10069421,Vascular disorders
Lymphatic system neoplasm,Lymphatic system neoplasm,10062044,"Neoplasms benign, malignant and unspecified (incl cysts and polyps)"
Lymphocyte count,Lymphocyte count,10025251,Investigations
Lymphocyte count abnormal,Lymphocyte count abnormal,10025252,Investigations
Lymphocyte count decreased,Lymphocyte count decreased,10025256,Investigations
Lymphocyte count increased,Lymphocyte count increased,10025258,Investigations
Lymphocyte count normal,Lymphocyte count normal,10025260,Investigations
Lymphocyte morphology abnormal,Lymphocyte morphology abnormal,10062047,Investigations
Lymphocyte percentage,Lymphocyte percentage,10059905,Investigations
Lymphocyte percentage decreased,Lymphocyte percentage decreased,10052231,Investigations
Lymphocyte percentage increased,Lymphocyte percentage increased,10052232,Investigations
Lymphocytic infiltration,Lymphocytic infiltration,10062049,Blood and lymphatic system disorders
Lymphocytosis,Lymphocytosis,10025280,Blood and lymphatic system disorders
Lymphoedema,Lymphoedema,10025282,Blood and lymphatic system disorders
Lymphoma,Lymphoma,10025310,"Neoplasms benign, malignant and unspecified (incl cysts and polyps)"
Lymphopenia,Lymphopenia,10025327,Blood and lymphatic system disorders
Lymphoproliferative disorder,Lymphoproliferative disorder,10061232,"Neoplasms benign, malignant and unspecified (incl cysts and polyps)"
Lyssavirus test positive,Lyssavirus test positive,10070344,Investigations
Macrocytosis,Macrocytosis,10025382,Blood and lymphatic system disorders
Macrophage inflammatory protein-1 alpha,Macrophage inflammatory protein-1 alpha,10083042,Investigations
Macrophages increased,Macrophages increased,10064665,Investigations
Macular degeneration,Macular degeneration,10025409,Eye disorders
Macular oedema,Macular oedema,10025415,Eye disorders
Macular telangiectasia,Macular telangiectasia,10081199,Vascular disorders
Macule,Macule,10025421,Skin and subcutaneous tissue disorders
Magnetic resonance cholangiopancreatography,Magnetic resonance cholangiopancreatography,10066085,Investigations
Magnetic resonance elastography,Magnetic resonance elastography,10082070,Investigations
Magnetic resonance imaging,Magnetic resonance imaging,10078223,Investigations
Magnetic resonance imaging abdominal,Magnetic resonance imaging abdominal,10083126,Investigations
Magnetic resonance imaging abdominal abnormal,Magnetic resonance imaging abdominal abnormal,10083132,Investigations
Magnetic resonance imaging abdominal normal,Magnetic resonance imaging abdominal normal,10083135,Investigations
Magnetic resonance imaging abnormal,Magnetic resonance imaging abnormal,10078224,Investigations
Magnetic resonance imaging breast,Magnetic resonance imaging breast,10083122,Investigations
Magnetic resonance imaging breast abnormal,Magnetic resonance imaging breast abnormal,10083124,Investigations
Magnetic resonance imaging ear,Magnetic resonance imaging ear,10089575,Investigations
Magnetic resonance imaging head,Magnetic resonance imaging head,10085255,Investigations
Magnetic resonance imaging head abnormal,Magnetic resonance imaging head abnormal,10085256,Investigations
Magnetic resonance imaging head normal,Magnetic resonance imaging head normal,10085257,Investigations
Magnetic resonance imaging heart,Magnetic resonance imaging heart,10083127,Investigations
Magnetic resonance imaging heart abnormal,Magnetic resonance imaging heart abnormal,10090464,Investigations
Magnetic resonance imaging heart normal,Magnetic resonance imaging heart normal,10090467,Investigations
Magnetic resonance imaging joint,Magnetic resonance imaging joint,10083134,Investigations
Magnetic resonance imaging neck,Magnetic resonance imaging neck,10083140,Investigations
Magnetic resonance imaging neck abnormal,Magnetic resonance imaging neck abnormal,10090463,Investigations
Magnetic resonance imaging neck normal,Magnetic resonance imaging neck normal,10090466,Investigations
Magnetic resonance imaging normal,Magnetic resonance imaging normal,10078225,Investigations
Magnetic resonance imaging pelvic,Magnetic resonance imaging pelvic,10089015,Investigations
Magnetic resonance imaging renal,Magnetic resonance imaging renal,10083131,Investigations
Magnetic resonance imaging spinal,Magnetic resonance imaging spinal,10083133,Investigations
Magnetic resonance imaging spinal abnormal,Magnetic resonance imaging spinal abnormal,10083139,Investigations
Magnetic resonance imaging spinal normal,Magnetic resonance imaging spinal normal,10083138,Investigations
Magnetic resonance imaging thoracic,Magnetic resonance imaging thoracic,10083142,Investigations
Magnetic resonance imaging thoracic abnormal,Magnetic resonance imaging thoracic abnormal,10083143,Investigations
Magnetic resonance imaging thoracic normal,Magnetic resonance imaging thoracic normal,10083141,Investigations
Magnetic resonance imaging whole body,Magnetic resonance imaging whole body,10083136,Investigations
Magnetic resonance neurography,Magnetic resonance neurography,10074460,Investigations
Magnetoencephalography,Magnetoencephalography,10089435,Investigations
Major depression,Major depression,10057840,Psychiatric disorders
Malabsorption,Malabsorption,10025476,Gastrointestinal disorders
Malaise,Malaise,10025482,General disorders and administration site conditions
Male reproductive tract disorder,Male reproductive tract disorder,10082975,Reproductive system and breast disorders
Male sexual dysfunction,Male sexual dysfunction,10057672,Psychiatric disorders
Malignant melanoma,Malignant melanoma,10025650,"Neoplasms benign, malignant and unspecified (incl cysts and polyps)"
Malignant melanoma in situ,Malignant melanoma in situ,10025652,Unknown
Malignant melanoma stage 0,Malignant melanoma stage 0,10091834,"Neoplasms benign, malignant and unspecified (incl cysts and polyps)"
Malignant melanoma stage I,Malignant melanoma stage I,10025668,"Neoplasms benign, malignant and unspecified (incl cysts and polyps)"
Malignant neoplasm of spinal cord,Malignant neoplasm of spinal cord,10026472,"Neoplasms benign, malignant and unspecified (incl cysts and polyps)"
Malignant neoplasm progression,Malignant neoplasm progression,10051398,"Neoplasms benign, malignant and unspecified (incl cysts and polyps)"
Malnutrition,Malnutrition,10061273,Metabolism and nutrition disorders
Malocclusion,Malocclusion,10061274,Gastrointestinal disorders
Mammogram,Mammogram,10026735,Investigations
Mammogram abnormal,Mammogram abnormal,10026736,Investigations
Mammogram normal,Mammogram normal,10026737,Investigations
Mammoplasty,Mammoplasty,10068647,Surgical and medical procedures
Mania,Mania,10026749,Psychiatric disorders
Manipulation,Manipulation,10062053,Surgical and medical procedures
Mantle cell lymphoma,Mantle cell lymphoma,10061275,"Neoplasms benign, malignant and unspecified (incl cysts and polyps)"
Marital problem,Marital problem,10026834,Social circumstances
Marrow hyperplasia,Marrow hyperplasia,10026851,"Neoplasms benign, malignant and unspecified (incl cysts and polyps)"
Mass,Mass,10026865,General disorders and administration site conditions
Mass excision,Mass excision,10061560,Surgical and medical procedures
Mast cell activation syndrome,Mast cell activation syndrome,10075217,Immune system disorders
Mastectomy,Mastectomy,10026878,Surgical and medical procedures
Mastication disorder,Mastication disorder,10026882,Gastrointestinal disorders
Mastitis,Mastitis,10026883,Infections and infestations
Mastocytosis,Mastocytosis,10026891,Blood and lymphatic system disorders
Mastoid disorder,Mastoid disorder,10061277,Ear and labyrinth disorders
Mastoid effusion,Mastoid effusion,10069008,Ear and labyrinth disorders
Maternal exposure before pregnancy,Maternal exposure before pregnancy,10071406,"Injury, poisoning and procedural complications"
Maternal exposure during breast feeding,Maternal exposure during breast feeding,10080752,"Injury, poisoning and procedural complications"
Maternal exposure during pregnancy,Maternal exposure during pregnancy,10071408,"Injury, poisoning and procedural complications"
Maternal exposure timing unspecified,Maternal exposure timing unspecified,10071415,"Injury, poisoning and procedural complications"
May-Thurner syndrome,May-Thurner syndrome,10069727,Vascular disorders
Mean cell haemoglobin,Mean cell haemoglobin,10026989,Investigations
Mean cell haemoglobin concentration,Mean cell haemoglobin concentration,10026990,Investigations
Mean cell haemoglobin concentration abnormal,Mean cell haemoglobin concentration abnormal,10067730,Investigations
Mean cell haemoglobin concentration decreased,Mean cell haemoglobin concentration decreased,10026991,Investigations
Mean cell haemoglobin concentration normal,Mean cell haemoglobin concentration normal,10026994,Investigations
Mean cell haemoglobin decreased,Mean cell haemoglobin decreased,10026995,Investigations
Mean cell haemoglobin increased,Mean cell haemoglobin increased,10026996,Investigations
Mean cell haemoglobin normal,Mean cell haemoglobin normal,10026997,Investigations
Mean cell volume,Mean cell volume,10026999,Investigations
Mean cell volume abnormal,Mean cell volume abnormal,10027000,Investigations
Mean cell volume decreased,Mean cell volume decreased,10027002,Investigations
Mean cell volume increased,Mean cell volume increased,10027004,Investigations
Mean cell volume normal,Mean cell volume normal,10027006,Investigations
Mean platelet volume,Mean platelet volume,10050539,Investigations
Mean platelet volume decreased,Mean platelet volume decreased,10055053,Investigations
Mean platelet volume increased,Mean platelet volume increased,10055052,Investigations
Mean platelet volume normal,Mean platelet volume normal,10055070,Investigations
Measles,Measles,10027011,Skin and subcutaneous tissue disorders
Measles antibody,Measles antibody,10060066,Investigations
Measles antibody negative,Measles antibody negative,10027012,Investigations
Measles antibody positive,Measles antibody positive,10027013,Investigations
Measles post vaccine,Measles post vaccine,10052000,Infections and infestations
Mechanical ileus,Mechanical ileus,10051399,Gastrointestinal disorders
Mechanical urticaria,Mechanical urticaria,10068773,Skin and subcutaneous tissue disorders
Mechanical ventilation,Mechanical ventilation,10067221,Surgical and medical procedures
Medial tibial stress syndrome,Medial tibial stress syndrome,10065303,Musculoskeletal and connective tissue disorders
Mediastinal cyst,Mediastinal cyst,10050168,"Neoplasms benign, malignant and unspecified (incl cysts and polyps)"
Medical device site joint infection,Medical device site joint infection,10076118,Infections and infestations
Medical device site reaction,Medical device site reaction,10062680,"Injury, poisoning and procedural complications"
Medical induction of coma,Medical induction of coma,10070677,Surgical and medical procedures
Medication error,Medication error,10027091,"Injury, poisoning and procedural complications"
Meibomian gland dysfunction,Meibomian gland dysfunction,10065062,Eye disorders
Meige's syndrome,Meige's syndrome,10027138,Nervous system disorders
Melaena,Melaena,10027141,Vascular disorders
Melanocytic naevus,Melanocytic naevus,10027145,"Neoplasms benign, malignant and unspecified (incl cysts and polyps)"
Memory impairment,Memory impairment,10027175,Nervous system disorders
Meniere's disease,Meniere's disease,10027183,Gastrointestinal disorders
Meningioma,Meningioma,10027191,"Neoplasms benign, malignant and unspecified (incl cysts and polyps)"
Meningism,Meningism,10027197,Nervous system disorders
Meningitis,Meningitis,10027199,Infections and infestations
Meningitis aseptic,Meningitis aseptic,10027201,Infections and infestations
Meningitis haemophilus,Meningitis haemophilus,10027241,Nervous system disorders
Meningitis meningococcal,Meningitis meningococcal,10027249,Nervous system disorders
Meningitis pneumococcal,Meningitis pneumococcal,10027253,Nervous system disorders
Meningitis viral,Meningitis viral,10027260,Infections and infestations
Meningococcal infection,Meningococcal infection,10027274,Infections and infestations
Meningoencephalitis viral,Meningoencephalitis viral,10074672,Infections and infestations
Meniscus injury,Meniscus injury,10072970,Musculoskeletal and connective tissue disorders
Menopausal symptoms,Menopausal symptoms,10027304,Reproductive system and breast disorders
Menopause,Menopause,10027308,Social circumstances
Menstrual clots,Menstrual clots,10088498,Reproductive system and breast disorders
Menstrual discomfort,Menstrual discomfort,10056344,Reproductive system and breast disorders
Menstrual disorder,Menstrual disorder,10027327,Reproductive system and breast disorders
Menstrual headache,Menstrual headache,10087685,Nervous system disorders
Menstruation delayed,Menstruation delayed,10027336,Endocrine disorders
Menstruation irregular,Menstruation irregular,10027339,Endocrine disorders
Mental disorder,Mental disorder,10061284,Psychiatric disorders
Mental fatigue,Mental fatigue,10076757,Nervous system disorders
Mental impairment,Mental impairment,10027374,Nervous system disorders
Mental status changes,Mental status changes,10048294,Psychiatric disorders
Mesenteric haemorrhage,Mesenteric haemorrhage,10060717,Vascular disorders
Mesenteric lymphadenitis,Mesenteric lymphadenitis,10088083,Blood and lymphatic system disorders
Mesenteric vein thrombosis,Mesenteric vein thrombosis,10027402,Gastrointestinal disorders
Mesenteric venous occlusion,Mesenteric venous occlusion,10027403,Gastrointestinal disorders
Metabolic acidosis,Metabolic acidosis,10027417,Metabolism and nutrition disorders
Metabolic disorder,Metabolic disorder,10058097,Metabolism and nutrition disorders
Metabolic dysfunction-associated liver disease,Metabolic dysfunction-associated liver disease,10090857,Hepatobiliary disorders
Metabolic encephalopathy,Metabolic encephalopathy,10062190,Nervous system disorders
Metabolic function test,Metabolic function test,10062191,Investigations
Metabolic function test abnormal,Metabolic function test abnormal,10061286,Investigations
Metabolic function test normal,Metabolic function test normal,10062192,Investigations
Metagenomic analysis,Metagenomic analysis,10090533,Investigations
Metal poisoning,Metal poisoning,10027439,"Injury, poisoning and procedural complications"
Metamorphopsia,Metamorphopsia,10063341,Eye disorders
Metamyelocyte count increased,Metamyelocyte count increased,10050765,Investigations
Metaplasia,Metaplasia,10054949,General disorders and administration site conditions
Metapneumovirus infection,Metapneumovirus infection,10066226,Infections and infestations
Metastases to bone,Metastases to bone,10027452,Musculoskeletal and connective tissue disorders
Metastases to central nervous system,Metastases to central nervous system,10059282,Nervous system disorders
Metastases to gallbladder,Metastases to gallbladder,10051667,"Neoplasms benign, malignant and unspecified (incl cysts and polyps)"
Metastases to kidney,Metastases to kidney,10027455,Renal and urinary disorders
Metastases to liver,Metastases to liver,10027457,"Neoplasms benign, malignant and unspecified (incl cysts and polyps)"
Metastases to lymph nodes,Metastases to lymph nodes,10027459,Blood and lymphatic system disorders
Metastases to meninges,Metastases to meninges,10051696,Nervous system disorders
Metastases to muscle,Metastases to muscle,10049730,Musculoskeletal and connective tissue disorders
Metastases to soft tissue,Metastases to soft tissue,10062197,Musculoskeletal and connective tissue disorders
Metastases to spine,Metastases to spine,10027468,Musculoskeletal and connective tissue disorders
Metastasis,Metastasis,10062194,"Neoplasms benign, malignant and unspecified (incl cysts and polyps)"
Metastatic lymphoma,Metastatic lymphoma,10071541,"Neoplasms benign, malignant and unspecified (incl cysts and polyps)"
Metastatic neoplasm,Metastatic neoplasm,10061289,"Neoplasms benign, malignant and unspecified (incl cysts and polyps)"
Methylenetetrahydrofolate reductase gene mutation,Methylenetetrahydrofolate reductase gene mutation,10074753,"Congenital, familial and genetic disorders"
Microangiopathic haemolytic anaemia,Microangiopathic haemolytic anaemia,10027527,Vascular disorders
Microbiology test normal,Microbiology test normal,10067935,Investigations
Micrographic skin surgery,Micrographic skin surgery,10064836,Surgical and medical procedures
Micromastia,Micromastia,10052757,Reproductive system and breast disorders
Microscopy,Microscopy,10069374,Investigations
Micturition urgency,Micturition urgency,10027566,Renal and urinary disorders
Middle cerebral artery stroke,Middle cerebral artery stroke,10027580,Nervous system disorders
Middle ear effusion,Middle ear effusion,10062545,Ear and labyrinth disorders
Middle insomnia,Middle insomnia,10027590,Nervous system disorders
Migraine,Migraine,10027599,Vascular disorders
Migraine with aura,Migraine with aura,10027607,Vascular disorders
Miliaria,Miliaria,10027627,Skin and subcutaneous tissue disorders
Milk allergy,Milk allergy,10027633,Immune system disorders
Milk soy protein intolerance,Milk soy protein intolerance,10071754,Metabolism and nutrition disorders
Miller Fisher syndrome,Miller Fisher syndrome,10049567,Nervous system disorders
Miosis,Miosis,10027646,Eye disorders
Mitral valve disease,Mitral valve disease,10061532,Cardiac disorders
Mitral valve incompetence,Mitral valve incompetence,10027727,Cardiac disorders
Mitral valve prolapse,Mitral valve prolapse,10027730,Cardiac disorders
Mitral valve repair,Mitral valve repair,10062202,Surgical and medical procedures
Mitral valve replacement,Mitral valve replacement,10027732,Surgical and medical procedures
Mixed anxiety and depressive disorder,Mixed anxiety and depressive disorder,10080836,Psychiatric disorders
Mixed connective tissue disease,Mixed connective tissue disease,10027754,Musculoskeletal and connective tissue disorders
Mixed deafness,Mixed deafness,10027757,Ear and labyrinth disorders
Moaning,Moaning,10027783,Psychiatric disorders
Mobility decreased,Mobility decreased,10048334,General disorders and administration site conditions
Mole excision,Mole excision,10027805,Surgical and medical procedures
Monkeypox,Monkeypox,10069538,Infections and infestations
Monoclonal immunoglobulin,Monoclonal immunoglobulin,10087954,Investigations
Monocyte count,Monocyte count,10027876,Investigations
Monocyte count abnormal,Monocyte count abnormal,10061293,Investigations
Monocyte count increased,Monocyte count increased,10027880,Investigations
Monocyte count normal,Monocyte count normal,10027882,Investigations
Monocyte percentage,Monocyte percentage,10059473,Investigations
Monocyte percentage decreased,Monocyte percentage decreased,10052229,Investigations
Monocyte percentage increased,Monocyte percentage increased,10052230,Investigations
Mononeuritis,Mononeuritis,10027910,Nervous system disorders
Mononeuropathy,Mononeuropathy,10062203,Nervous system disorders
Mononuclear cell percentage,Mononuclear cell percentage,10072855,Investigations
Mononucleosis heterophile test,Mononucleosis heterophile test,10027920,Investigations
Mononucleosis heterophile test negative,Mononucleosis heterophile test negative,10027921,Investigations
Mononucleosis heterophile test positive,Mononucleosis heterophile test positive,10027922,Investigations
Monoplegia,Monoplegia,10027926,Nervous system disorders
Mood altered,Mood altered,10027940,Psychiatric disorders
Mood swings,Mood swings,10027951,Psychiatric disorders
Moraxella test positive,Moraxella test positive,10070095,Investigations
Morbillivirus test positive,Morbillivirus test positive,10070253,Investigations
Morning sickness,Morning sickness,10027975,"Pregnancy, puerperium and perinatal conditions"
Morphoea,Morphoea,10027982,Immune system disorders
Motion sickness,Motion sickness,10027990,Nervous system disorders
Motor dysfunction,Motor dysfunction,10061296,Musculoskeletal and connective tissue disorders
Motor neurone disease,Motor neurone disease,10028003,Nervous system disorders
Mouth breathing,Mouth breathing,10028017,"Respiratory, thoracic and mediastinal disorders"
Mouth haemorrhage,Mouth haemorrhage,10028024,Vascular disorders
Mouth injury,Mouth injury,10049294,Gastrointestinal disorders
Mouth swelling,Mouth swelling,10075203,Immune system disorders
Mouth ulceration,Mouth ulceration,10028034,Gastrointestinal disorders
Movement disorder,Movement disorder,10028035,Nervous system disorders
Moyamoya disease,Moyamoya disease,10028047,Vascular disorders
Mucocutaneous toxicity,Mucocutaneous toxicity,10087184,"Injury, poisoning and procedural complications"
Mucosal discolouration,Mucosal discolouration,10054877,General disorders and administration site conditions
Mucosal disorder,Mucosal disorder,10082268,General disorders and administration site conditions
Mucosal dryness,Mucosal dryness,10028111,General disorders and administration site conditions
Mucosal hypertrophy,Mucosal hypertrophy,10079674,General disorders and administration site conditions
Mucosal inflammation,Mucosal inflammation,10028116,General disorders and administration site conditions
Mucosal pain,Mucosal pain,10075187,General disorders and administration site conditions
Mucosal ulceration,Mucosal ulceration,10028124,General disorders and administration site conditions
Mucous stools,Mucous stools,10028140,Gastrointestinal disorders
Multi-organ disorder,Multi-organ disorder,10058092,General disorders and administration site conditions
Multicentric reticulohistiocytosis,Multicentric reticulohistiocytosis,10070595,General disorders and administration site conditions
Multipathogen PCR test,Multipathogen PCR test,10077018,Investigations
Multiple allergies,Multiple allergies,10028164,Immune system disorders
Multiple fractures,Multiple fractures,10028200,Musculoskeletal and connective tissue disorders
Multiple organ dysfunction syndrome,Multiple organ dysfunction syndrome,10077361,General disorders and administration site conditions
Multiple sclerosis,Multiple sclerosis,10028245,Nervous system disorders
Multiple sclerosis pseudo relapse,Multiple sclerosis pseudo relapse,10070716,Nervous system disorders
Multiple sclerosis relapse,Multiple sclerosis relapse,10048393,Nervous system disorders
Multiple use of single-use product,Multiple use of single-use product,10072342,"Injury, poisoning and procedural complications"
Multisystem inflammatory syndrome,Multisystem inflammatory syndrome,10086091,Infections and infestations
Multisystem inflammatory syndrome in adults,Multisystem inflammatory syndrome in adults,10085850,Infections and infestations
Multisystem inflammatory syndrome in children,Multisystem inflammatory syndrome in children,10084767,Infections and infestations
Mumps antibody test,Mumps antibody test,10059638,Investigations
Mumps antibody test negative,Mumps antibody test negative,10059645,Investigations
Mumps antibody test positive,Mumps antibody test positive,10059644,Investigations
Muscle atrophy,Muscle atrophy,10028289,Nervous system disorders
Muscle contractions involuntary,Muscle contractions involuntary,10028293,Nervous system disorders
Muscle contracture,Muscle contracture,10062575,Musculoskeletal and connective tissue disorders
Muscle contusion,Muscle contusion,10070757,"Injury, poisoning and procedural complications"
Muscle discomfort,Muscle discomfort,10028299,Musculoskeletal and connective tissue disorders
Muscle disorder,Muscle disorder,10028300,Musculoskeletal and connective tissue disorders
Muscle enzyme,Muscle enzyme,10057951,Investigations
Muscle fatigue,Muscle fatigue,10049565,Musculoskeletal and connective tissue disorders
Muscle flap operation,Muscle flap operation,10066878,Surgical and medical procedures
Muscle injury,Muscle injury,10028314,Musculoskeletal and connective tissue disorders
Muscle mass,Muscle mass,10056720,Musculoskeletal and connective tissue disorders
Muscle oedema,Muscle oedema,10071759,Musculoskeletal and connective tissue disorders
Muscle rigidity,Muscle rigidity,10028330,Nervous system disorders
Muscle rupture,Muscle rupture,10028331,Musculoskeletal and connective tissue disorders
Muscle spasms,Muscle spasms,10028334,Musculoskeletal and connective tissue disorders
Muscle spasticity,Muscle spasticity,10028335,Nervous system disorders
Muscle strain,Muscle strain,10050031,Musculoskeletal and connective tissue disorders
Muscle strength normal,Muscle strength normal,10082796,Investigations
Muscle strength test,Muscle strength test,10090570,Investigations
Muscle swelling,Muscle swelling,10064470,Musculoskeletal and connective tissue disorders
Muscle tightness,Muscle tightness,10049816,Musculoskeletal and connective tissue disorders
Muscle twitching,Muscle twitching,10028347,Musculoskeletal and connective tissue disorders
Muscular dystrophy,Muscular dystrophy,10028356,Musculoskeletal and connective tissue disorders
Muscular weakness,Muscular weakness,10028372,Nervous system disorders
Musculoskeletal chest pain,Musculoskeletal chest pain,10050819,Musculoskeletal and connective tissue disorders
Musculoskeletal discomfort,Musculoskeletal discomfort,10053156,Musculoskeletal and connective tissue disorders
Musculoskeletal disorder,Musculoskeletal disorder,10048592,Musculoskeletal and connective tissue disorders
Musculoskeletal pain,Musculoskeletal pain,10028391,Musculoskeletal and connective tissue disorders
Musculoskeletal stiffness,Musculoskeletal stiffness,10052904,Musculoskeletal and connective tissue disorders
Musical ear syndrome,Musical ear syndrome,10086534,Ear and labyrinth disorders
Mutism,Mutism,10028403,Nervous system disorders
Myalgia,Myalgia,10028411,Musculoskeletal and connective tissue disorders
Myasthenia gravis,Myasthenia gravis,10028417,Immune system disorders
Mycobacterium avium complex infection,Mycobacterium avium complex infection,10058806,Infections and infestations
Mycobacterium test negative,Mycobacterium test negative,10070408,Investigations
Mycobacterium test positive,Mycobacterium test positive,10070323,Investigations
Mycobacterium tuberculosis complex test negative,Mycobacterium tuberculosis complex test negative,10070471,Investigations
Mycoplasma infection,Mycoplasma infection,10061300,Infections and infestations
Mycoplasma test negative,Mycoplasma test negative,10078590,Investigations
Mydriasis,Mydriasis,10028521,Eye disorders
Myelin oligodendrocyte glycoprotein antibody-associated disease,Myelin oligodendrocyte glycoprotein antibody-associated disease,10085806,Immune system disorders
Myelitis,Myelitis,10028524,Infections and infestations
Myelitis transverse,Myelitis transverse,10028527,Nervous system disorders
Myelocyte percentage increased,Myelocyte percentage increased,10052228,Investigations
Myelodysplastic syndrome,Myelodysplastic syndrome,10028533,"Neoplasms benign, malignant and unspecified (incl cysts and polyps)"
Myelofibrosis,Myelofibrosis,10028537,"Neoplasms benign, malignant and unspecified (incl cysts and polyps)"
Myelomalacia,Myelomalacia,10067441,Nervous system disorders
Myelopathy,Myelopathy,10028570,Nervous system disorders
Myocardial fibrosis,Myocardial fibrosis,10028594,Cardiac disorders
Myocardial infarction,Myocardial infarction,10028596,Cardiac disorders
Myocardial injury,Myocardial injury,10085879,Cardiac disorders
Myocardial ischaemia,Myocardial ischaemia,10028600,Cardiac disorders
Myocardial necrosis,Myocardial necrosis,10028602,Cardiac disorders
Myocardial necrosis marker,Myocardial necrosis marker,10075210,Investigations
Myocardial necrosis marker increased,Myocardial necrosis marker increased,10075211,Investigations
Myocardial necrosis marker normal,Myocardial necrosis marker normal,10075212,Investigations
Myocardial oedema,Myocardial oedema,10064966,"Injury, poisoning and procedural complications"
Myocarditis,Myocarditis,10028606,Cardiac disorders
Myocarditis bacterial,Myocarditis bacterial,10065218,Cardiac disorders
Myocarditis post infection,Myocarditis post infection,10064550,Infections and infestations
Myoclonic epilepsy,Myoclonic epilepsy,10054859,Nervous system disorders
Myoclonus,Myoclonus,10028622,Nervous system disorders
Myofascial pain syndrome,Myofascial pain syndrome,10048780,Musculoskeletal and connective tissue disorders
Myoglobin blood,Myoglobin blood,10059884,Investigations
Myoglobin blood increased,Myoglobin blood increased,10028625,Investigations
Myoglobin urine,Myoglobin urine,10028626,Investigations
Myopathy,Myopathy,10028641,Musculoskeletal and connective tissue disorders
Myopericarditis,Myopericarditis,10028650,Cardiac disorders
Myopia,Myopia,10028651,Eye disorders
Myosclerosis,Myosclerosis,10064584,Musculoskeletal and connective tissue disorders
Myositis,,,API_Error
Myringotomy,,,API_Error
N-terminal prohormone brain natriuretic peptide,,,API_Error
N-terminal prohormone brain natriuretic peptide increased,,,API_Error
N-terminal prohormone brain natriuretic peptide normal,,,API_Error
NIH stroke scale,,,API_Error
NIH stroke scale abnormal,,,API_Error
Nail discolouration,,,API_Error
Nail disorder,Nail disorder,10028694,Skin and subcutaneous tissue disorders
Nail operation,Nail operation,10062208,Surgical and medical procedures
Nail ridging,Nail ridging,10062283,Skin and subcutaneous tissue disorders
Narcolepsy,Narcolepsy,10028713,Nervous system disorders
Nasal congestion,Nasal congestion,10028735,"Respiratory, thoracic and mediastinal disorders"
Nasal discomfort,Nasal discomfort,10052437,"Respiratory, thoracic and mediastinal disorders"
Nasal disorder,Nasal disorder,10062209,"Respiratory, thoracic and mediastinal disorders"
Nasal flaring,Nasal flaring,10052319,"Respiratory, thoracic and mediastinal disorders"
Nasal inflammation,Nasal inflammation,10028741,"Respiratory, thoracic and mediastinal disorders"
Nasal mucosa biopsy,Nasal mucosa biopsy,10057443,Investigations
Nasal mucosal blistering,Nasal mucosal blistering,10082185,"Respiratory, thoracic and mediastinal disorders"
Nasal mucosal discolouration,Nasal mucosal discolouration,10057537,"Respiratory, thoracic and mediastinal disorders"
Nasal obstruction,Nasal obstruction,10028748,"Respiratory, thoracic and mediastinal disorders"
Nasal oedema,Nasal oedema,10028750,"Respiratory, thoracic and mediastinal disorders"
Nasal operation,Nasal operation,10062210,Surgical and medical procedures
Nasal polypectomy,Nasal polypectomy,10028755,Surgical and medical procedures
Nasal polyps,Nasal polyps,10028756,"Respiratory, thoracic and mediastinal disorders"
Nasal pruritus,Nasal pruritus,10076406,"Respiratory, thoracic and mediastinal disorders"
Nasal septal operation,Nasal septal operation,10028760,Surgical and medical procedures
Nasal septum deviation,Nasal septum deviation,10028762,"Respiratory, thoracic and mediastinal disorders"
Nasal septum disorder,Nasal septum disorder,10028763,"Respiratory, thoracic and mediastinal disorders"
Nasal ulcer,Nasal ulcer,10028780,"Respiratory, thoracic and mediastinal disorders"
Nasoendoscopy,Nasoendoscopy,10055050,Investigations
Nasopharyngeal swab,Nasopharyngeal swab,10085633,Investigations
Nasopharyngitis,Nasopharyngitis,10028810,"Respiratory, thoracic and mediastinal disorders"
Natural killer cell count,Natural killer cell count,10068495,Investigations
Natural killer cell count decreased,Natural killer cell count decreased,10068497,Investigations
Nausea,Nausea,10028813,Gastrointestinal disorders
Near death experience,Near death experience,10068111,Nervous system disorders
Near drowning,Near drowning,10056905,"Injury, poisoning and procedural complications"
Neck injury,Neck injury,10062211,"Injury, poisoning and procedural complications"
Neck mass,Neck mass,10049146,Musculoskeletal and connective tissue disorders
Neck pain,Neck pain,10028836,Musculoskeletal and connective tissue disorders
Neck surgery,Neck surgery,10072227,Surgical and medical procedures
Necrosis,Necrosis,10028851,General disorders and administration site conditions
Necrotising colitis,Necrotising colitis,10051606,Gastrointestinal disorders
Necrotising fasciitis,Necrotising fasciitis,10028885,Musculoskeletal and connective tissue disorders
Needle issue,Needle issue,10069217,Product issues
Negative thoughts,Negative thoughts,10058672,Psychiatric disorders
Neisseria test negative,Neisseria test negative,10086416,Investigations
Neonatal aspiration,Neonatal aspiration,10059033,"Respiratory, thoracic and mediastinal disorders"
Neonatal disorder,Neonatal disorder,10028934,"Pregnancy, puerperium and perinatal conditions"
Neonatal dyspnoea,Neonatal dyspnoea,10084238,"Pregnancy, puerperium and perinatal conditions"
Neonatal respiratory arrest,Neonatal respiratory arrest,10028968,"Respiratory, thoracic and mediastinal disorders"
Neonatal respiratory distress syndrome,Neonatal respiratory distress syndrome,10028974,"Respiratory, thoracic and mediastinal disorders"
Neonatal seizure,Neonatal seizure,10082067,Nervous system disorders
Neoplasm,Neoplasm,10028980,"Neoplasms benign, malignant and unspecified (incl cysts and polyps)"
Neoplasm malignant,Neoplasm malignant,10028997,"Neoplasms benign, malignant and unspecified (incl cysts and polyps)"
Neovascular age-related macular degeneration,Neovascular age-related macular degeneration,10071129,Eye disorders
Nephrectomy,Nephrectomy,10029116,Surgical and medical procedures
Nephritis,Nephritis,10029117,Renal and urinary disorders
Nephrolithiasis,Nephrolithiasis,10029148,Renal and urinary disorders
Nephropathy,Nephropathy,10029151,Renal and urinary disorders
Nephrostomy,Nephrostomy,10050001,Surgical and medical procedures
Nephrotic syndrome,Nephrotic syndrome,10029164,Renal and urinary disorders
Nerve block,Nerve block,10029173,Surgical and medical procedures
Nerve compression,Nerve compression,10029174,Nervous system disorders
Nerve conduction studies,Nerve conduction studies,10053318,Investigations
Nerve conduction studies abnormal,Nerve conduction studies abnormal,10029175,Investigations
Nerve conduction studies normal,Nerve conduction studies normal,10029176,Investigations
Nerve degeneration,Nerve degeneration,10056677,Nervous system disorders
Nerve graft,Nerve graft,10029179,Surgical and medical procedures
Nerve injury,Nerve injury,10052897,Nervous system disorders
Nerve oedema,Nerve oedema,10089959,Nervous system disorders
Nerve stimulation test,Nerve stimulation test,10029191,Investigations
Nerve stimulation test abnormal,Nerve stimulation test abnormal,10029192,Investigations
Nerve stimulation test normal,Nerve stimulation test normal,10029193,Investigations
Nervous system disorder,Nervous system disorder,10029202,Nervous system disorders
Nervous system injury,Nervous system injury,10080898,Nervous system disorders
Nervousness,Nervousness,10029216,Psychiatric disorders
Neuralgia,Neuralgia,10029223,Nervous system disorders
Neuralgic amyotrophy,Neuralgic amyotrophy,10029229,Immune system disorders
Neuritis,Neuritis,10029240,Nervous system disorders
Neuro-ophthalmological test,Neuro-ophthalmological test,10029255,Investigations
Neuroblastoma,Neuroblastoma,10029260,"Neoplasms benign, malignant and unspecified (incl cysts and polyps)"
Neurodegenerative disorder,Neurodegenerative disorder,10053643,Nervous system disorders
Neurodermatitis,Neurodermatitis,10029263,Skin and subcutaneous tissue disorders
Neurodevelopmental delay,Neurodevelopmental delay,10088444,Nervous system disorders
Neuroendocrine cancer of the prostate metastatic,Neuroendocrine cancer of the prostate metastatic,10087499,Endocrine disorders
Neurogenic bladder,Neurogenic bladder,10029279,Unknown
Neurologic neglect syndrome,Neurologic neglect syndrome,10029289,Psychiatric disorders
Neurological decompensation,Neurological decompensation,10068357,Nervous system disorders
Neurological examination,Neurological examination,10050318,Investigations
Neurological symptom,Neurological symptom,10060860,Nervous system disorders
Neurolysis,Neurolysis,10053303,Surgical and medical procedures
Neuromuscular pain,Neuromuscular pain,10074313,Unknown
Neuromyelitis optica spectrum disorder,Neuromyelitis optica spectrum disorder,10077875,Immune system disorders
Neuromyopathy,Neuromyopathy,10029323,Nervous system disorders
Neurone-specific enolase,Neurone-specific enolase,10071927,Investigations
Neuropathic pruritus,Neuropathic pruritus,10085997,Nervous system disorders
Neuropathy peripheral,Neuropathy peripheral,10029331,Nervous system disorders
Neuropsychological test,Neuropsychological test,10065432,Investigations
Neurovascular conflict,Neurovascular conflict,10077988,Vascular disorders
Neutropenia,Neutropenia,10029354,Blood and lymphatic system disorders
Neutrophil count,Neutrophil count,10029363,Investigations
Neutrophil count abnormal,Neutrophil count abnormal,10061313,Investigations
Neutrophil count decreased,Neutrophil count decreased,10029366,Investigations
Neutrophil count increased,Neutrophil count increased,10029368,Investigations
Neutrophil count normal,Neutrophil count normal,10029370,Investigations
Neutrophil percentage,Neutrophil percentage,10059467,Investigations
Neutrophil percentage decreased,Neutrophil percentage decreased,10052223,Investigations
Neutrophil percentage increased,Neutrophil percentage increased,10052224,Investigations
Neutrophilia,Neutrophilia,10029379,Blood and lymphatic system disorders
Neutrophilic dermatosis,Neutrophilic dermatosis,10058105,Blood and lymphatic system disorders
New daily persistent headache,New daily persistent headache,10076678,Nervous system disorders
Next-generation sequencing,Next-generation sequencing,10086503,Investigations
Night blindness,Night blindness,10029404,Metabolism and nutrition disorders
Night sweats,Night sweats,10029410,Skin and subcutaneous tissue disorders
Nightmare,Nightmare,10029412,Nervous system disorders
Nipple exudate bloody,Nipple exudate bloody,10029418,Vascular disorders
Nitrite urine absent,Nitrite urine absent,10060799,Investigations
No adverse event,No adverse event,10067482,General disorders and administration site conditions
No reaction on previous exposure to drug,No reaction on previous exposure to drug,10052053,General disorders and administration site conditions
Nocturia,Nocturia,10029446,Renal and urinary disorders
Nocturnal dyspnoea,Nocturnal dyspnoea,10049235,Cardiac disorders
Nocturnal emission,Nocturnal emission,10059013,Reproductive system and breast disorders
Nodule,Nodule,10054107,General disorders and administration site conditions
Non-24-hour sleep-wake disorder,Non-24-hour sleep-wake disorder,10078086,Nervous system disorders
Non-Hodgkin's lymphoma,Non-Hodgkin's lymphoma,10029547,"Neoplasms benign, malignant and unspecified (incl cysts and polyps)"
Non-cardiac chest pain,Non-cardiac chest pain,10062501,"Respiratory, thoracic and mediastinal disorders"
Non-high-density lipoprotein cholesterol,Non-high-density lipoprotein cholesterol,10063984,Investigations
Non-small cell lung cancer,Non-small cell lung cancer,10061873,"Neoplasms benign, malignant and unspecified (incl cysts and polyps)"
Non-small cell lung cancer stage III,Non-small cell lung cancer stage III,10029519,"Neoplasms benign, malignant and unspecified (incl cysts and polyps)"
Noninfective encephalitis,Noninfective encephalitis,10074712,Nervous system disorders
Noninfective gingivitis,Noninfective gingivitis,10074863,Gastrointestinal disorders
Noninfective sialoadenitis,Noninfective sialoadenitis,10075243,Gastrointestinal disorders
Normal pressure hydrocephalus,Normal pressure hydrocephalus,10029773,Nervous system disorders
Normetanephrine urine increased,Normetanephrine urine increased,10049097,Investigations
Normocytic anaemia,Normocytic anaemia,10029784,Blood and lymphatic system disorders
Norovirus infection,Norovirus infection,10085018,Infections and infestations
Norovirus test,Norovirus test,10080822,Investigations
Nuchal rigidity,Nuchal rigidity,10058483,Nervous system disorders
Nucleated red cells,Nucleated red cells,10029825,Blood and lymphatic system disorders
Nucleic acid test,Nucleic acid test,10083356,Investigations
Nutritional supplement allergy,Nutritional supplement allergy,10084049,Immune system disorders
Nystagmus,Nystagmus,10029864,Ear and labyrinth disorders
Obesity,Obesity,10029883,Metabolism and nutrition disorders
Obliterative bronchiolitis,Obliterative bronchiolitis,10029888,"Respiratory, thoracic and mediastinal disorders"
Obsessive-compulsive disorder,Obsessive-compulsive disorder,10029898,Psychiatric disorders
Obstruction gastric,Obstruction gastric,10029957,Gastrointestinal disorders
Obstructive airways disorder,Obstructive airways disorder,10061877,"Respiratory, thoracic and mediastinal disorders"
Obstructive nephropathy,Obstructive nephropathy,10077862,Renal and urinary disorders
Obstructive sleep apnoea syndrome,Obstructive sleep apnoea syndrome,10029983,"Respiratory, thoracic and mediastinal disorders"
Occipital lobe stroke,Occipital lobe stroke,10089110,Nervous system disorders
Occipital neuralgia,Occipital neuralgia,10068106,Nervous system disorders
Occult blood,Occult blood,10061878,Unknown
Occult blood negative,Occult blood negative,10061879,Unknown
Occult blood positive,Occult blood positive,10061880,Unknown
Occupational exposure to product,Occupational exposure to product,10073311,"Injury, poisoning and procedural complications"
Ocular discomfort,Ocular discomfort,10052143,Eye disorders
Ocular hyperaemia,Ocular hyperaemia,10030041,Eye disorders
Ocular icterus,Ocular icterus,10058117,Eye disorders
Ocular myasthenia,Ocular myasthenia,10049168,Immune system disorders
Ocular stroke,Ocular stroke,10091533,Vascular disorders
Odynophagia,Odynophagia,10030094,Gastrointestinal disorders
Oedema,Oedema,10030095,General disorders and administration site conditions
Oedema mouth,Oedema mouth,10030110,Immune system disorders
Oedema peripheral,Oedema peripheral,10030124,Metabolism and nutrition disorders
Oesophageal achalasia,Oesophageal achalasia,10030136,Gastrointestinal disorders
Oesophageal carcinoma,Oesophageal carcinoma,10030155,"Neoplasms benign, malignant and unspecified (incl cysts and polyps)"
Oesophageal dilation procedure,Oesophageal dilation procedure,10057305,Surgical and medical procedures
Oesophageal disorder,Oesophageal disorder,10061318,Gastrointestinal disorders
Oesophageal manometry,Oesophageal manometry,10050703,Investigations
Oesophageal motility disorder,Oesophageal motility disorder,10072419,Gastrointestinal disorders
Oesophageal operation,Oesophageal operation,10061319,Surgical and medical procedures
Oesophageal pain,Oesophageal pain,10030180,Gastrointestinal disorders
Oesophageal rupture,Oesophageal rupture,10052211,"Injury, poisoning and procedural complications"
Oesophageal spasm,Oesophageal spasm,10030184,Gastrointestinal disorders
Oesophageal variceal ligation,Oesophageal variceal ligation,10030208,Surgical and medical procedures
Oesophageal varices haemorrhage,Oesophageal varices haemorrhage,10030210,Gastrointestinal disorders
Oesophagitis,Oesophagitis,10030216,Gastrointestinal disorders
Oesophagocardiomyotomy,Oesophagocardiomyotomy,10051918,Surgical and medical procedures
Oesophagogastric fundoplasty,Oesophagogastric fundoplasty,10048852,Surgical and medical procedures
Oesophagogastroduodenoscopy,Oesophagogastroduodenoscopy,10053057,Investigations
Oesophagogastroduodenoscopy normal,Oesophagogastroduodenoscopy normal,10072164,Investigations
Oesophagram,Oesophagram,10053059,Investigations
Oestradiol,Oestradiol,10030227,Investigations
Off label use,Off label use,10053762,"Injury, poisoning and procedural complications"
Oligoclonal band assay,Oligoclonal band assay,10091031,Investigations
Oligohydramnios,Oligohydramnios,10030289,"Pregnancy, puerperium and perinatal conditions"
Oligomenorrhoea,Oligomenorrhoea,10030295,Endocrine disorders
Oliguria,Oliguria,10030302,Renal and urinary disorders
Oncological evaluation,Oncological evaluation,10087288,Investigations
Oncotype test,Oncotype test,10079623,Investigations
Onychalgia,Onychalgia,10064251,Skin and subcutaneous tissue disorders
Onychoclasis,Onychoclasis,10048886,Skin and subcutaneous tissue disorders
Onychomadesis,Onychomadesis,10049274,Skin and subcutaneous tissue disorders
Onychomycosis,Onychomycosis,10030338,Skin and subcutaneous tissue disorders
Open reduction of fracture,Open reduction of fracture,10030682,Surgical and medical procedures
Ophthalmic herpes simplex,Ophthalmic herpes simplex,10073938,Infections and infestations
Ophthalmic herpes zoster,Ophthalmic herpes zoster,10030865,Nervous system disorders
Ophthalmic migraine,Ophthalmic migraine,10030867,Eye disorders
Ophthalmic scan,Ophthalmic scan,10078104,Investigations
Ophthalmological examination,Ophthalmological examination,10050320,Investigations
Ophthalmological examination abnormal,Ophthalmological examination abnormal,10056836,Investigations
Ophthalmological examination normal,Ophthalmological examination normal,10056835,Investigations
Ophthalmoplegia,Ophthalmoplegia,10030875,Eye disorders
Opisthotonus,Opisthotonus,10030899,Nervous system disorders
Oppositional defiant disorder,Oppositional defiant disorder,10056440,Psychiatric disorders
Opsoclonus myoclonus,Opsoclonus myoclonus,10053854,Nervous system disorders
Optic atrophy,Optic atrophy,10030910,Eye disorders
Optic ischaemic neuropathy,Optic ischaemic neuropathy,10030924,Vascular disorders
Optic nerve injury,Optic nerve injury,10030938,Nervous system disorders
Optic neuritis,Optic neuritis,10030942,Nervous system disorders
Optic neuropathy,Optic neuropathy,10061323,Eye disorders
Optic pathway injury,Optic pathway injury,10030949,"Injury, poisoning and procedural complications"
Optic perineuritis,Optic perineuritis,10084264,Nervous system disorders
Optical coherence tomography,Optical coherence tomography,10057208,Investigations
Optical coherence tomography normal,Optical coherence tomography normal,10073560,Investigations
Oral administration complication,Oral administration complication,10062611,"Injury, poisoning and procedural complications"
Oral blood blister,Oral blood blister,10076590,Skin and subcutaneous tissue disorders
Oral candidiasis,Oral candidiasis,10030963,Gastrointestinal disorders
Oral contusion,Oral contusion,10078170,"Injury, poisoning and procedural complications"
Oral discomfort,Oral discomfort,10030973,Gastrointestinal disorders
Oral disorder,Oral disorder,10067621,Gastrointestinal disorders
Oral fungal infection,Oral fungal infection,10061324,Gastrointestinal disorders
Oral herpes,Oral herpes,10067152,Infections and infestations
Oral herpes zoster,Oral herpes zoster,10086594,Infections and infestations
Oral infection,Oral infection,10048685,Gastrointestinal disorders
Oral lichen planus,Oral lichen planus,10030983,Gastrointestinal disorders
Oral mucosal blistering,Oral mucosal blistering,10030995,Gastrointestinal disorders
Oral mucosal discolouration,Oral mucosal discolouration,10030996,Gastrointestinal disorders
Oral mucosal eruption,Oral mucosal eruption,10030997,Gastrointestinal disorders
Oral mucosal erythema,Oral mucosal erythema,10067418,Gastrointestinal disorders
Oral pain,Oral pain,10031009,Gastrointestinal disorders
Oral pruritus,Oral pruritus,10052894,Gastrointestinal disorders
Orbital oedema,Orbital oedema,10031051,Immune system disorders
Orbital space occupying lesion,Orbital space occupying lesion,10083097,Eye disorders
Orbital swelling,Orbital swelling,10085251,Immune system disorders
Orchitis,Orchitis,10031064,Reproductive system and breast disorders
Orchitis noninfective,Orchitis noninfective,10058461,Reproductive system and breast disorders
Organ failure,Organ failure,10053159,General disorders and administration site conditions
Organising pneumonia,Organising pneumonia,10067472,"Respiratory, thoracic and mediastinal disorders"
Oropharyngeal blistering,Oropharyngeal blistering,10067950,"Respiratory, thoracic and mediastinal disorders"
Oropharyngeal discomfort,Oropharyngeal discomfort,10068318,"Respiratory, thoracic and mediastinal disorders"
Oropharyngeal erythema,,,Unmapped
Oropharyngeal pain,Oropharyngeal pain,10068319,"Respiratory, thoracic and mediastinal disorders"
Orthopnoea,Orthopnoea,10031123,Cardiac disorders
Orthopoxvirus test positive,Orthopoxvirus test positive,10070349,Investigations
Orthosis user,Orthosis user,10066194,Social circumstances
Orthostatic hypertension,Orthostatic hypertension,10065508,Vascular disorders
Orthostatic hypotension,Orthostatic hypotension,10031127,Nervous system disorders
Orthostatic intolerance,Orthostatic intolerance,10063927,Vascular disorders
Orthostatic tremor,Orthostatic tremor,10069917,Nervous system disorders
Ostectomy,Ostectomy,10053268,Surgical and medical procedures
Osteoarthritis,Osteoarthritis,10031161,Musculoskeletal and connective tissue disorders
Osteolysis,Osteolysis,10031248,Metabolism and nutrition disorders
Osteomyelitis,Osteomyelitis,10031252,Infections and infestations
Osteomyelitis acute,Osteomyelitis acute,10031253,Infections and infestations
Osteomyelitis chronic,Osteomyelitis chronic,10031256,Infections and infestations
Osteonecrosis,Osteonecrosis,10031264,Musculoskeletal and connective tissue disorders
Osteopenia,Osteopenia,10049088,Metabolism and nutrition disorders
Osteoporosis,Osteoporosis,10031282,Metabolism and nutrition disorders
Osteosarcoma,Osteosarcoma,10031291,"Neoplasms benign, malignant and unspecified (incl cysts and polyps)"
Otitis media,Otitis media,10033078,Ear and labyrinth disorders
Otitis media acute,Otitis media acute,10033079,Ear and labyrinth disorders
Otolithiasis,Otolithiasis,10081585,Nervous system disorders
Otorrhoea,Otorrhoea,10033101,Ear and labyrinth disorders
Otoscopy,Otoscopy,10048929,Investigations
Ovarian cancer,Ovarian cancer,10033128,"Neoplasms benign, malignant and unspecified (incl cysts and polyps)"
Ovarian cancer recurrent,Ovarian cancer recurrent,10066697,"Neoplasms benign, malignant and unspecified (incl cysts and polyps)"
Ovarian cyst,Ovarian cyst,10033132,"Neoplasms benign, malignant and unspecified (incl cysts and polyps)"
Ovarian cyst ruptured,Ovarian cyst ruptured,10033136,"Neoplasms benign, malignant and unspecified (incl cysts and polyps)"
Ovarian failure,Ovarian failure,10033165,Reproductive system and breast disorders
Overdose,Overdose,10033295,"Injury, poisoning and procedural complications"
Oxygen saturation,Oxygen saturation,10033316,Investigations
Oxygen saturation abnormal,Oxygen saturation abnormal,10033317,Investigations
Oxygen saturation decreased,Oxygen saturation decreased,10033318,Investigations
PCO2,PCO2,10034180,Investigations
PCO2 decreased,PCO2 decreased,10034181,Investigations
PCO2 increased,PCO2 increased,10034183,Investigations
PCO2 normal,PCO2 normal,10058983,Investigations
PO2 decreased,PO2 decreased,10035768,Investigations
PO2 increased,PO2 increased,10035769,Investigations
Paediatric acute-onset neuropsychiatric syndrome,Paediatric acute-onset neuropsychiatric syndrome,10086605,Infections and infestations
Pain,Pain,10033371,General disorders and administration site conditions
Pain assessment,Pain assessment,10050533,Investigations
Pain in extremity,Pain in extremity,10033425,Musculoskeletal and connective tissue disorders
Pain in jaw,Pain in jaw,10033433,Musculoskeletal and connective tissue disorders
Pain of skin,Pain of skin,10033474,Skin and subcutaneous tissue disorders
Painful respiration,Painful respiration,10033517,"Respiratory, thoracic and mediastinal disorders"
Palatal oedema,Palatal oedema,10056998,Gastrointestinal disorders
Palatal swelling,Palatal swelling,10074403,Gastrointestinal disorders
Palatal ulcer,Palatal ulcer,10077519,Gastrointestinal disorders
Pallor,Pallor,10033546,Skin and subcutaneous tissue disorders
Palpitations,Palpitations,10033557,Cardiac disorders
Pancoast's tumour,Pancoast's tumour,10033572,"Neoplasms benign, malignant and unspecified (incl cysts and polyps)"
Pancreatic atrophy,Pancreatic atrophy,10033603,Gastrointestinal disorders
Pancreatic carcinoma,Pancreatic carcinoma,10033609,"Neoplasms benign, malignant and unspecified (incl cysts and polyps)"
Pancreatic cyst,Pancreatic cyst,10033615,"Neoplasms benign, malignant and unspecified (incl cysts and polyps)"
Pancreatic disorder,Pancreatic disorder,10033616,Gastrointestinal disorders
Pancreatic enlargement,Pancreatic enlargement,10055024,Gastrointestinal disorders
Pancreatic enzyme abnormality,Pancreatic enzyme abnormality,10033619,Gastrointestinal disorders
Pancreatic failure,Pancreatic failure,10079281,Gastrointestinal disorders
Pancreatic pseudocyst,Pancreatic pseudocyst,10033635,Gastrointestinal disorders
Pancreatitis,Pancreatitis,10033645,Gastrointestinal disorders
Pancreatitis acute,Pancreatitis acute,10033647,Gastrointestinal disorders
Pancreatitis necrotising,Pancreatitis necrotising,10033654,Gastrointestinal disorders
Pancreatitis relapsing,Pancreatitis relapsing,10033657,Gastrointestinal disorders
Pancytopenia,Pancytopenia,10033661,Blood and lymphatic system disorders
Panic attack,Panic attack,10033664,Psychiatric disorders
Panic disorder,Panic disorder,10033666,Psychiatric disorders
Panic reaction,Panic reaction,10033670,Psychiatric disorders
Panniculitis,Panniculitis,10033675,Skin and subcutaneous tissue disorders
Papillary renal cell carcinoma,Papillary renal cell carcinoma,10078493,Renal and urinary disorders
Papillary thyroid cancer,Papillary thyroid cancer,10033701,Endocrine disorders
Papilloedema,Papilloedema,10033712,Nervous system disorders
Papilloma viral infection,Papilloma viral infection,10061331,Infections and infestations
Papular-purpuric gloves-and-socks syndrome,Papular-purpuric gloves-and-socks syndrome,10090892,Infections and infestations
Papule,Papule,10033733,Skin and subcutaneous tissue disorders
Paracentesis,Paracentesis,10061905,Surgical and medical procedures
Paracentesis eye,Paracentesis eye,10033759,Investigations
Paraesthesia,Paraesthesia,10033775,Nervous system disorders
Paraesthesia oral,Paraesthesia oral,10057372,Gastrointestinal disorders
Paraganglion neoplasm,Paraganglion neoplasm,10061332,"Neoplasms benign, malignant and unspecified (incl cysts and polyps)"
Parainfluenza virus test negative,,,Unmapped
Paralysis,Paralysis,10033799,Nervous system disorders
Paranasal cyst,Paranasal cyst,10062321,"Respiratory, thoracic and mediastinal disorders"
Paranasal sinus discomfort,Paranasal sinus discomfort,10052438,"Respiratory, thoracic and mediastinal disorders"
Paranasal sinus hypersecretion,Paranasal sinus hypersecretion,10057392,"Respiratory, thoracic and mediastinal disorders"
Paranasal sinus polypectomy,Paranasal sinus polypectomy,10075854,Surgical and medical procedures
Paraneoplastic syndrome,Paraneoplastic syndrome,10059420,"Neoplasms benign, malignant and unspecified (incl cysts and polyps)"
Paranoia,Paranoia,10033864,Psychiatric disorders
Paraplegia,Paraplegia,10033892,Nervous system disorders
Parasite stool test,Parasite stool test,10060812,Investigations
Parasite stool test negative,Parasite stool test negative,10033904,Investigations
Parasitic test negative,Parasitic test negative,10089948,Investigations
Parasitic test positive,Parasitic test positive,10059422,Investigations
Parathyroidectomy,Parathyroidectomy,10033968,Surgical and medical procedures
Parenteral nutrition,Parenteral nutrition,10051284,Surgical and medical procedures
Parkinson's disease,Parkinson's disease,10061536,Nervous system disorders
Parkinsonism,Parkinsonism,10034010,Nervous system disorders
Parosmia,Parosmia,10034018,"Respiratory, thoracic and mediastinal disorders"
Parotitis,Parotitis,10034038,Gastrointestinal disorders
Partial seizures,Partial seizures,10061334,Nervous system disorders
Particle therapy,Particle therapy,10091401,Surgical and medical procedures
Parvovirus B19 test negative,Parvovirus B19 test negative,10070365,Investigations
Passive smoking,Passive smoking,10064066,Social circumstances
Paternal exposure before pregnancy,Paternal exposure before pregnancy,10080093,"Injury, poisoning and procedural complications"
Pathology test,Pathology test,10068056,Investigations
Patient isolation,Patient isolation,10053315,Surgical and medical procedures
Patient restraint,Patient restraint,10053316,Surgical and medical procedures
Peau d'orange,Peau d'orange,10049752,Skin and subcutaneous tissue disorders
Pectus excavatum,Pectus excavatum,10034204,Musculoskeletal and connective tissue disorders
Pelvic discomfort,Pelvic discomfort,10064229,Gastrointestinal disorders
Pelvic floor dysfunction,Pelvic floor dysfunction,10083246,Gastrointestinal disorders
Pelvic floor muscle weakness,Pelvic floor muscle weakness,10064026,Reproductive system and breast disorders
Pelvic fluid collection,Pelvic fluid collection,10065388,Reproductive system and breast disorders
Pelvic girdle pain,Pelvic girdle pain,10083336,Musculoskeletal and connective tissue disorders
Pelvic pain,Pelvic pain,10034263,Gastrointestinal disorders
Pemphigoid,Pemphigoid,10034277,Skin and subcutaneous tissue disorders
Pemphigus,Pemphigus,10034280,Skin and subcutaneous tissue disorders
Penile blister,Penile blister,10052898,Skin and subcutaneous tissue disorders
Penile burning sensation,Penile burning sensation,10074830,Reproductive system and breast disorders
Penile haemorrhage,Penile haemorrhage,10034305,Vascular disorders
Penile pain,Penile pain,10034310,Reproductive system and breast disorders
Penile swelling,Penile swelling,10034319,Reproductive system and breast disorders
Penis disorder,Penis disorder,10034336,Reproductive system and breast disorders
Percutaneous coronary intervention,Percutaneous coronary intervention,10065608,Surgical and medical procedures
Performance status decreased,Performance status decreased,10048919,General disorders and administration site conditions
Perfume sensitivity,Perfume sensitivity,10034434,Immune system disorders
Periarthritis,Periarthritis,10034464,Musculoskeletal and connective tissue disorders
Pericardial drainage,Pericardial drainage,10034471,Surgical and medical procedures
Pericardial effusion,Pericardial effusion,10034474,Cardiac disorders
Pericardial excision,Pericardial excision,10034475,Surgical and medical procedures
Pericardial rub,Pericardial rub,10049759,Cardiac disorders
Pericarditis,Pericarditis,10034484,Cardiac disorders
Perineal cyst,Perineal cyst,10066058,Reproductive system and breast disorders
Periodic acid Schiff stain,Periodic acid Schiff stain,10076035,Investigations
Periodic limb movement disorder,Periodic limb movement disorder,10064600,Musculoskeletal and connective tissue disorders
Perioral dermatitis,Perioral dermatitis,10034541,Skin and subcutaneous tissue disorders
Periorbital injury,Periorbital injury,10089758,"Injury, poisoning and procedural complications"
Periorbital oedema,Periorbital oedema,10034545,Immune system disorders
Periorbital pain,Periorbital pain,10034546,Eye disorders
Periorbital swelling,Periorbital swelling,10056647,Immune system disorders
Peripancreatic fluid collection,Peripancreatic fluid collection,10050466,Gastrointestinal disorders
Peripartum cardiomyopathy,Peripartum cardiomyopathy,10049430,Cardiac disorders
Peripheral arterial occlusive disease,Peripheral arterial occlusive disease,10062585,Vascular disorders
Peripheral artery stent insertion,Peripheral artery stent insertion,10072562,Surgical and medical procedures
Peripheral artery thrombosis,Peripheral artery thrombosis,10072564,Vascular disorders
Peripheral coldness,Peripheral coldness,10034568,Vascular disorders
Peripheral ischaemia,Peripheral ischaemia,10034576,Vascular disorders
Peripheral motor neuropathy,Peripheral motor neuropathy,10034580,Nervous system disorders
Peripheral nerve injury,Peripheral nerve injury,10034586,Nervous system disorders
Peripheral nerve lesion,Peripheral nerve lesion,10067633,Nervous system disorders
Peripheral nerve palsy,Peripheral nerve palsy,10058530,Nervous system disorders
Peripheral sensorimotor neuropathy,Peripheral sensorimotor neuropathy,10056673,Nervous system disorders
Peripheral sensory neuropathy,Peripheral sensory neuropathy,10034620,Nervous system disorders
Peripheral swelling,Peripheral swelling,10048959,Cardiac disorders
Peripheral vascular disorder,Peripheral vascular disorder,10034636,Vascular disorders
Peripheral vein thrombosis,Peripheral vein thrombosis,10087102,Vascular disorders
Peripheral venous disease,Peripheral venous disease,10075049,Vascular disorders
Peritonitis bacterial,Peritonitis bacterial,10062070,Gastrointestinal disorders
Periventricular leukomalacia,Periventricular leukomalacia,10052594,"Pregnancy, puerperium and perinatal conditions"
Pernicious anaemia,Pernicious anaemia,10034695,Blood and lymphatic system disorders
Peroneal nerve palsy,Peroneal nerve palsy,10034701,Nervous system disorders
Persecutory delusion,Persecutory delusion,10034702,Psychiatric disorders
Persistent asymmetrical tonic neck reflex,Persistent asymmetrical tonic neck reflex,10091606,Nervous system disorders
Persistent depressive disorder,Persistent depressive disorder,10077804,Psychiatric disorders
Persistent postural-perceptual dizziness,Persistent postural-perceptual dizziness,10079170,Ear and labyrinth disorders
Personality change,Personality change,10034719,Psychiatric disorders
Pertussis,Pertussis,10034738,"Respiratory, thoracic and mediastinal disorders"
Petechiae,Petechiae,10034754,Skin and subcutaneous tissue disorders
Petit mal epilepsy,Petit mal epilepsy,10034759,Nervous system disorders
Phantom limb syndrome,Phantom limb syndrome,10082544,Nervous system disorders
Phantosmia,Phantosmia,10067906,Nervous system disorders
Pharyngeal disorder,Pharyngeal disorder,10067353,"Respiratory, thoracic and mediastinal disorders"
Pharyngeal enanthema,Pharyngeal enanthema,10073741,"Respiratory, thoracic and mediastinal disorders"
Pharyngeal erythema,Pharyngeal erythema,10057009,"Respiratory, thoracic and mediastinal disorders"
Pharyngeal hypoaesthesia,Pharyngeal hypoaesthesia,10059923,"Respiratory, thoracic and mediastinal disorders"
Pharyngeal inflammation,Pharyngeal inflammation,10065716,"Respiratory, thoracic and mediastinal disorders"
Pharyngeal mass,Pharyngeal mass,10049270,"Respiratory, thoracic and mediastinal disorders"
Pharyngeal paraesthesia,Pharyngeal paraesthesia,10076737,"Respiratory, thoracic and mediastinal disorders"
Pharyngeal swelling,Pharyngeal swelling,10082270,"Respiratory, thoracic and mediastinal disorders"
Pharyngitis,Pharyngitis,10034835,Infections and infestations
Pharyngitis streptococcal,Pharyngitis streptococcal,10034839,"Respiratory, thoracic and mediastinal disorders"
Philadelphia positive acute lymphocytic leukaemia,Philadelphia positive acute lymphocytic leukaemia,10080017,"Neoplasms benign, malignant and unspecified (incl cysts and polyps)"
Phlebitis,Phlebitis,10034879,Vascular disorders
Phonophobia,Phonophobia,10054956,Ear and labyrinth disorders
Photophobia,Photophobia,10034960,Eye disorders
Photopsia,Photopsia,10034962,Eye disorders
Photosensitivity reaction,Photosensitivity reaction,10034972,Skin and subcutaneous tissue disorders
Phototherapy,Phototherapy,10063925,Surgical and medical procedures
Physical assault,Physical assault,10034983,Social circumstances
Physical deconditioning,Physical deconditioning,10051588,General disorders and administration site conditions
Physical disability,Physical disability,10048624,Social circumstances
Physical examination,Physical examination,10034986,Investigations
Physiotherapy,Physiotherapy,10034998,Surgical and medical procedures
Pigmentation disorder,Pigmentation disorder,10062080,Skin and subcutaneous tissue disorders
Piloerection,Piloerection,10035039,Skin and subcutaneous tissue disorders
Pilonidal disease,Pilonidal disease,10087209,Skin and subcutaneous tissue disorders
Pilonidal sinus repair,Pilonidal sinus repair,10035047,Surgical and medical procedures
Pituitary tumour,Pituitary tumour,10035104,Endocrine disorders
Pityriasis rosea,Pityriasis rosea,10035114,Skin and subcutaneous tissue disorders
Placental disorder,Placental disorder,10035132,"Pregnancy, puerperium and perinatal conditions"
Plasma cell mastitis,Plasma cell mastitis,10066170,Reproductive system and breast disorders
Plasma cell myeloma,Plasma cell myeloma,10035226,"Neoplasms benign, malignant and unspecified (incl cysts and polyps)"
Plasmacytosis,Plasmacytosis,10035485,Blood and lymphatic system disorders
Plasmapheresis,Plasmapheresis,10035486,Surgical and medical procedures
Plasminogen,Plasminogen,10060824,Investigations
Plasminogen activator inhibitor increased,Plasminogen activator inhibitor increased,10059618,Investigations
Plastic surgery,Plastic surgery,10062082,Surgical and medical procedures
Platelet count,Platelet count,10035525,Investigations
Platelet count abnormal,Platelet count abnormal,10035526,Investigations
Platelet count decreased,Platelet count decreased,10035528,Investigations
Platelet count increased,Platelet count increased,10051608,Investigations
Platelet count normal,Platelet count normal,10035530,Investigations
Platelet disorder,Platelet disorder,10035532,Blood and lymphatic system disorders
Platelet factor 4 decreased,Platelet factor 4 decreased,10060220,Investigations
Platelet function test,Platelet function test,10061684,Investigations
Platelet morphology,Platelet morphology,10059906,Investigations
Platelet morphology normal,Platelet morphology normal,10060221,Investigations
Platelet rich plasma therapy,Platelet rich plasma therapy,10081187,Surgical and medical procedures
Platelet transfusion,Platelet transfusion,10035543,Surgical and medical procedures
Pleocytosis,Pleocytosis,10035551,Nervous system disorders
Plethysmography,Plethysmography,10049170,Investigations
Pleural effusion,Pleural effusion,10035598,"Respiratory, thoracic and mediastinal disorders"
Pleurisy,Pleurisy,10035618,"Respiratory, thoracic and mediastinal disorders"
Pleuritic pain,Pleuritic pain,10035623,"Respiratory, thoracic and mediastinal disorders"
Pneumatosis,Pneumatosis,10051986,General disorders and administration site conditions
Pneumatosis intestinalis,Pneumatosis intestinalis,10057030,Gastrointestinal disorders
Pneumococcal infection,Pneumococcal infection,10061353,Infections and infestations
Pneumonia,Pneumonia,10035664,"Respiratory, thoracic and mediastinal disorders"
Pneumonia aspiration,Pneumonia aspiration,10035669,"Respiratory, thoracic and mediastinal disorders"
Pneumonia bacterial,Pneumonia bacterial,10060946,"Respiratory, thoracic and mediastinal disorders"
Pneumonia pneumococcal,Pneumonia pneumococcal,10035728,"Respiratory, thoracic and mediastinal disorders"
Pneumonia staphylococcal,Pneumonia staphylococcal,10035734,"Respiratory, thoracic and mediastinal disorders"
Pneumonia streptococcal,Pneumonia streptococcal,10035735,"Respiratory, thoracic and mediastinal disorders"
Pneumonia viral,Pneumonia viral,10035737,Infections and infestations
Pneumonitis,Pneumonitis,10035742,"Respiratory, thoracic and mediastinal disorders"
Pneumothorax,Pneumothorax,10035759,"Respiratory, thoracic and mediastinal disorders"
Pneumothorax spontaneous,Pneumothorax spontaneous,10035763,"Respiratory, thoracic and mediastinal disorders"
Poikilocytosis,Poikilocytosis,10035774,Blood and lymphatic system disorders
Pollakiuria,Pollakiuria,10036018,Renal and urinary disorders
Polyarteritis nodosa,Polyarteritis nodosa,10036024,Musculoskeletal and connective tissue disorders
Polyarthritis,Polyarthritis,10036030,Musculoskeletal and connective tissue disorders
Polychondritis,Polychondritis,10065159,Musculoskeletal and connective tissue disorders
Polychromasia,Polychromasia,10036040,Blood and lymphatic system disorders
Polycystic ovarian syndrome,Polycystic ovarian syndrome,10065161,Metabolism and nutrition disorders
Polycythaemia,Polycythaemia,10036051,Blood and lymphatic system disorders
Polycythaemia vera,Polycythaemia vera,10036057,"Neoplasms benign, malignant and unspecified (incl cysts and polyps)"
Polydipsia,Polydipsia,10036067,Endocrine disorders
Polyhydramnios,Polyhydramnios,10036079,"Pregnancy, puerperium and perinatal conditions"
Polymenorrhoea,Polymenorrhoea,10036086,Reproductive system and breast disorders
Polymerase chain reaction,Polymerase chain reaction,10050967,Investigations
Polymerase chain reaction negative,Polymerase chain reaction negative,10087036,Investigations
Polymerase chain reaction positive,Polymerase chain reaction positive,10075628,Investigations
Polymers allergy,Polymers allergy,10086347,Immune system disorders
Polymyalgia rheumatica,Polymyalgia rheumatica,10036099,Musculoskeletal and connective tissue disorders
Polymyositis,Polymyositis,10036102,Musculoskeletal and connective tissue disorders
Polyneuropathy,Polyneuropathy,10036105,Nervous system disorders
Polyneuropathy chronic,Polyneuropathy chronic,10064135,Nervous system disorders
Polyp,Polyp,10061529,"Neoplasms benign, malignant and unspecified (incl cysts and polyps)"
Polypectomy,Polypectomy,10053308,Surgical and medical procedures
Polyuria,Polyuria,10036142,Renal and urinary disorders
Poor feeding infant,Poor feeding infant,10075316,"Pregnancy, puerperium and perinatal conditions"
Poor peripheral circulation,Poor peripheral circulation,10036155,Vascular disorders
Poor quality device used,Poor quality device used,10078668,"Injury, poisoning and procedural complications"
Poor quality product administered,Poor quality product administered,10081478,"Injury, poisoning and procedural complications"
Poor quality sleep,Poor quality sleep,10062519,Nervous system disorders
Poor weight gain neonatal,Poor weight gain neonatal,10050086,"Pregnancy, puerperium and perinatal conditions"
Poorly differentiated thyroid carcinoma,Poorly differentiated thyroid carcinoma,10076603,Endocrine disorders
Portal shunt procedure,Portal shunt procedure,10077479,Surgical and medical procedures
Portal vein thrombosis,Portal vein thrombosis,10036206,Hepatobiliary disorders
Portal venous gas,Portal venous gas,10064711,Gastrointestinal disorders
Positive airway pressure therapy,Positive airway pressure therapy,10086397,Surgical and medical procedures
Positron emission tomogram,Positron emission tomogram,10036220,Investigations
Positron emission tomogram abnormal,Positron emission tomogram abnormal,10036221,Investigations
Positron emission tomogram normal,Positron emission tomogram normal,10036222,Investigations
Positron emission tomogram prostate,Positron emission tomogram prostate,10087994,Investigations
Post herpetic neuralgia,Post herpetic neuralgia,10036376,Nervous system disorders
Post inflammatory pigmentation change,Post inflammatory pigmentation change,10036229,Skin and subcutaneous tissue disorders
Post lumbar puncture syndrome,Post lumbar puncture syndrome,10060854,"Injury, poisoning and procedural complications"
Post procedural complication,Post procedural complication,10058046,"Injury, poisoning and procedural complications"
Post procedural infection,Post procedural infection,10067268,"Injury, poisoning and procedural complications"
Post procedural inflammation,Post procedural inflammation,10063101,"Injury, poisoning and procedural complications"
Post vaccination syndrome,Post vaccination syndrome,10036242,"Injury, poisoning and procedural complications"
Post-acute COVID-19 syndrome,Post-acute COVID-19 syndrome,10085503,Infections and infestations
Post-anoxic myoclonus,Post-anoxic myoclonus,10067702,Nervous system disorders
Post-traumatic stress disorder,Post-traumatic stress disorder,10036316,Psychiatric disorders
Posterior reversible encephalopathy syndrome,Posterior reversible encephalopathy syndrome,10071066,Nervous system disorders
Posthaemorrhagic hydrocephalus,Posthaemorrhagic hydrocephalus,10079859,"Pregnancy, puerperium and perinatal conditions"
Postictal state,Postictal state,10048727,Nervous system disorders
Postmenopausal haemorrhage,Postmenopausal haemorrhage,10055870,Reproductive system and breast disorders
Postmenopause,Postmenopause,10051775,Social circumstances
Postoperative wound infection,Postoperative wound infection,10036410,"Injury, poisoning and procedural complications"
Postprandial hypoglycaemia,Postprandial hypoglycaemia,10059035,Metabolism and nutrition disorders
Postural orthostatic tachycardia syndrome,Postural orthostatic tachycardia syndrome,10063080,Nervous system disorders
Posture abnormal,Posture abnormal,10036436,Nervous system disorders
Posturing,Posturing,10036437,Nervous system disorders
Potassium hydroxide preparation negative,Potassium hydroxide preparation negative,10036448,Investigations
Pre-eclampsia,Pre-eclampsia,10036485,"Pregnancy, puerperium and perinatal conditions"
Pre-existing condition improved,Pre-existing condition improved,10036495,General disorders and administration site conditions
Pregnancy test,Pregnancy test,10036572,Investigations
Pregnancy test negative,Pregnancy test negative,10036574,Investigations
Pregnancy test positive,Pregnancy test positive,10036575,Investigations
Pregnancy test urine,Pregnancy test urine,10036576,Investigations
Pregnancy test urine negative,Pregnancy test urine negative,10036577,Investigations
Pregnancy test urine positive,Pregnancy test urine positive,10036578,Investigations
Pregnancy with contraceptive device,Pregnancy with contraceptive device,10063130,General disorders and administration site conditions
Premature baby,Premature baby,10036590,"Pregnancy, puerperium and perinatal conditions"
Premature delivery,Premature delivery,10036595,"Pregnancy, puerperium and perinatal conditions"
Premature labour,Premature labour,10036600,"Pregnancy, puerperium and perinatal conditions"
Premature menopause,Premature menopause,10036601,Reproductive system and breast disorders
Premature rupture of membranes,Premature rupture of membranes,10036603,"Pregnancy, puerperium and perinatal conditions"
Premature separation of placenta,Premature separation of placenta,10036608,Vascular disorders
Premenstrual dysphoric disorder,Premenstrual dysphoric disorder,10051537,Psychiatric disorders
Premenstrual syndrome,Premenstrual syndrome,10036618,Reproductive system and breast disorders
Presbyacusis,Presbyacusis,10036626,Ear and labyrinth disorders
Presbyopia,Presbyopia,10036628,Eye disorders
Presbyvestibulopathy,Presbyvestibulopathy,10089438,Nervous system disorders
Pressure of speech,Pressure of speech,10036649,Psychiatric disorders
Presyncope,Presyncope,10036653,Vascular disorders
Preterm premature rupture of membranes,Preterm premature rupture of membranes,10073024,"Pregnancy, puerperium and perinatal conditions"
Priapism,Priapism,10036661,Reproductive system and breast disorders
Primary biliary cholangitis,Primary biliary cholangitis,10080429,Hepatobiliary disorders
Primary stabbing headache,Primary stabbing headache,10089452,Nervous system disorders
Prion disease,Prion disease,10079301,Infections and infestations
Procalcitonin,Procalcitonin,10064051,Investigations
Procalcitonin decreased,Procalcitonin decreased,10077830,Investigations
Procalcitonin increased,Procalcitonin increased,10067081,Investigations
Procalcitonin normal,Procalcitonin normal,10077831,Investigations
Procedural complication,Procedural complication,10057765,"Injury, poisoning and procedural complications"
Procedural failure,Procedural failure,10081594,General disorders and administration site conditions
Procedural haemorrhage,Procedural haemorrhage,10071229,"Injury, poisoning and procedural complications"
Procedural pain,Procedural pain,10064882,"Injury, poisoning and procedural complications"
Procedural pneumothorax,Procedural pneumothorax,10077574,"Injury, poisoning and procedural complications"
Proctalgia,Proctalgia,10036772,Gastrointestinal disorders
Proctectomy,Proctectomy,10077252,Surgical and medical procedures
Proctitis,Proctitis,10036774,Gastrointestinal disorders
Proctitis ulcerative,Proctitis ulcerative,10036783,Immune system disorders
Product administered at inappropriate site,Product administered at inappropriate site,10080753,"Injury, poisoning and procedural complications"
Product administered to patient of inappropriate age,Product administered to patient of inappropriate age,10081578,"Injury, poisoning and procedural complications"
Product administration error,Product administration error,10081576,"Injury, poisoning and procedural complications"
Product after taste,Product after taste,10086446,Product issues
Product appearance confusion,Product appearance confusion,10080000,"Injury, poisoning and procedural complications"
Product availability issue,Product availability issue,10077800,Product issues
Product barcode issue,Product barcode issue,10069269,Product issues
Product closure issue,Product closure issue,10069295,Product issues
Product closure removal difficult,Product closure removal difficult,10069296,Product issues
Product colour issue,Product colour issue,10069221,Product issues
Product communication issue,Product communication issue,10080099,"Injury, poisoning and procedural complications"
Product complaint,Product complaint,10069902,Product issues
Product confusion,Product confusion,10082712,"Injury, poisoning and procedural complications"
Product container issue,Product container issue,10069293,Product issues
Product contamination,Product contamination,10069173,Product issues
Product contamination physical,Product contamination physical,10069176,Product issues
Product contamination with body fluid,Product contamination with body fluid,10069878,Product issues
Product dispensing issue,Product dispensing issue,10081771,"Injury, poisoning and procedural complications"
Product distribution issue,Product distribution issue,10071148,Product issues
Product dose omission issue,Product dose omission issue,10084406,"Injury, poisoning and procedural complications"
Product identification number issue,Product identification number issue,10069267,Product issues
Product label confusion,Product label confusion,10069273,"Injury, poisoning and procedural complications"
Product label issue,Product label issue,10069289,Product issues
Product label on wrong product,Product label on wrong product,10069268,Product issues
Product leakage,Product leakage,10076232,Product issues
Product lot number issue,Product lot number issue,10069266,Product issues
Product package associated injury,Product package associated injury,10072645,Product issues
Product packaging confusion,Product packaging confusion,10074776,"Injury, poisoning and procedural complications"
Product packaging issue,Product packaging issue,10069405,Product issues
Product packaging quantity issue,Product packaging quantity issue,10069299,Product issues
Product physical issue,Product physical issue,10071134,Product issues
Product preparation error,Product preparation error,10076869,"Injury, poisoning and procedural complications"
Product preparation issue,Product preparation issue,10081301,"Injury, poisoning and procedural complications"
Product prescribing error,Product prescribing error,10081770,"Injury, poisoning and procedural complications"
Product prescribing issue,Product prescribing issue,10080459,"Injury, poisoning and procedural complications"
Product quality issue,Product quality issue,10069327,Product issues
Product selection error,Product selection error,10076542,"Injury, poisoning and procedural complications"
Product storage error,Product storage error,10079843,"Injury, poisoning and procedural complications"
Product substitution error,Product substitution error,10078984,"Injury, poisoning and procedural complications"
Product substitution issue,Product substitution issue,10069326,Product issues
Product supply issue,Product supply issue,10077801,Product issues
Product temperature excursion issue,Product temperature excursion issue,10083571,Product issues
Product use in unapproved indication,Product use in unapproved indication,10076476,"Injury, poisoning and procedural complications"
Product use issue,Product use issue,10076309,"Injury, poisoning and procedural complications"
Productive cough,Productive cough,10036790,"Respiratory, thoracic and mediastinal disorders"
Progesterone,Progesterone,10063291,Investigations
Progressive facial hemiatrophy,Progressive facial hemiatrophy,10073006,Immune system disorders
Progressive multifocal leukoencephalopathy,Progressive multifocal leukoencephalopathy,10036807,Infections and infestations
Promyelocyte count decreased,Promyelocyte count decreased,10050987,Investigations
Prostate cancer,Prostate cancer,10060862,"Neoplasms benign, malignant and unspecified (incl cysts and polyps)"
Prostate cancer metastatic,Prostate cancer metastatic,10036909,"Neoplasms benign, malignant and unspecified (incl cysts and polyps)"
Prostate cancer stage IV,Prostate cancer stage IV,10036920,"Neoplasms benign, malignant and unspecified (incl cysts and polyps)"
Prostatectomy,Prostatectomy,10061916,Surgical and medical procedures
Prostatic disorder,Prostatic disorder,10036956,Reproductive system and breast disorders
Prostatic specific antigen,Prostatic specific antigen,10050704,Investigations
Prostatic specific antigen increased,Prostatic specific antigen increased,10036975,Investigations
Prostatitis,Prostatitis,10036978,Reproductive system and breast disorders
Prostatomegaly,Prostatomegaly,10051482,Reproductive system and breast disorders
Protein C,Protein C,10050416,Investigations
Protein C increased,Protein C increased,10060230,Investigations
Protein S,Protein S,10050417,Investigations
Protein S increased,Protein S increased,10051735,Investigations
Protein S normal,Protein S normal,10051737,Investigations
Protein total,Protein total,10050537,Investigations
Protein total abnormal,Protein total abnormal,10037012,Investigations
Protein total decreased,Protein total decreased,10037014,Investigations
Protein total increased,,,API_Error
Protein total normal,Protein total normal,10037017,Investigations
Protein urine,Protein urine,10037018,Investigations
Protein urine absent,Protein urine absent,10037033,Investigations
Protein urine present,Protein urine present,10053123,Investigations
Proteinuria,Proteinuria,10037032,Renal and urinary disorders
Prothrombin level,Prothrombin level,10037047,Investigations
Prothrombin level increased,Prothrombin level increased,10037051,Investigations
Prothrombin level normal,Prothrombin level normal,10037052,Investigations
Prothrombin time,Prothrombin time,10037056,Investigations
Prothrombin time normal,Prothrombin time normal,10037062,Investigations
Prothrombin time prolonged,Prothrombin time prolonged,10037063,Investigations
Pruritus,Pruritus,10037087,Skin and subcutaneous tissue disorders
Pruritus allergic,Pruritus allergic,10063438,Skin and subcutaneous tissue disorders
Pseudo Cushing's syndrome,Pseudo Cushing's syndrome,10089679,Metabolism and nutrition disorders
Pseudodementia,Pseudodementia,10052276,Psychiatric disorders
Pseudopapilloedema,Pseudopapilloedema,10037141,Eye disorders
Pseudostroke,Pseudostroke,10078090,Vascular disorders
Psittacosis,Psittacosis,10037151,"Respiratory, thoracic and mediastinal disorders"
Psoas abscess,Psoas abscess,10056517,Musculoskeletal and connective tissue disorders
Psoriasis,Psoriasis,10037153,Immune system disorders
Psoriatic arthropathy,Psoriatic arthropathy,10037162,Skin and subcutaneous tissue disorders
Psychomotor hyperactivity,Psychomotor hyperactivity,10037211,Nervous system disorders
Psychotic disorder,Psychotic disorder,10061920,Psychiatric disorders
Pudendal canal syndrome,Pudendal canal syndrome,10067773,Reproductive system and breast disorders
Pulmonary alveolar haemorrhage,Pulmonary alveolar haemorrhage,10037313,"Respiratory, thoracic and mediastinal disorders"
Pulmonary arterial hypertension,Pulmonary arterial hypertension,10064911,Vascular disorders
Pulmonary congestion,Pulmonary congestion,10037368,Cardiac disorders
Pulmonary embolism,Pulmonary embolism,10037377,"Respiratory, thoracic and mediastinal disorders"
Pulmonary fibrosis,Pulmonary fibrosis,10037383,"Respiratory, thoracic and mediastinal disorders"
Pulmonary function challenge test abnormal,Pulmonary function challenge test abnormal,10053711,Investigations
Pulmonary function test,Pulmonary function test,10059914,Unknown
Pulmonary function test abnormal,Pulmonary function test abnormal,10061602,Investigations
Pulmonary function test decreased,Pulmonary function test decreased,10061922,Investigations
Pulmonary function test normal,Pulmonary function test normal,10061923,Investigations
Pulmonary granuloma,Pulmonary granuloma,10037391,"Respiratory, thoracic and mediastinal disorders"
Pulmonary haemorrhage,Pulmonary haemorrhage,10037394,"Respiratory, thoracic and mediastinal disorders"
Pulmonary hypertension,Pulmonary hypertension,10037400,Vascular disorders
Pulmonary imaging procedure,Pulmonary imaging procedure,10082579,Investigations
Pulmonary infarction,Pulmonary infarction,10037410,"Respiratory, thoracic and mediastinal disorders"
Pulmonary mass,Pulmonary mass,10056342,"Respiratory, thoracic and mediastinal disorders"
Pulmonary oedema,Pulmonary oedema,10037423,"Respiratory, thoracic and mediastinal disorders"
Pulmonary pain,Pulmonary pain,10074693,"Respiratory, thoracic and mediastinal disorders"
Pulmonary sarcoidosis,Pulmonary sarcoidosis,10037430,Immune system disorders
Pulmonary septal thickening,Pulmonary septal thickening,10086984,"Respiratory, thoracic and mediastinal disorders"
Pulmonary thrombosis,Pulmonary thrombosis,10037437,"Respiratory, thoracic and mediastinal disorders"
Pulmonary valve incompetence,Pulmonary valve incompetence,10037448,Cardiac disorders
Pulmonary vein stenosis,Pulmonary vein stenosis,10049171,"Respiratory, thoracic and mediastinal disorders"
Pulse abnormal,Pulse abnormal,10037466,Investigations
Pulse absent,Pulse absent,10037469,Investigations
Pulseless electrical activity,Pulseless electrical activity,10058151,Cardiac disorders
Puncture site bruise,Puncture site bruise,10082035,"Injury, poisoning and procedural complications"
Puncture site reaction,Puncture site reaction,10053996,"Injury, poisoning and procedural complications"
Pupil fixed,Pupil fixed,10037515,Eye disorders
Pupillary disorder,Pupillary disorder,10037521,Eye disorders
Pupillary reflex impaired,Pupillary reflex impaired,10037532,Eye disorders
Purpura,Purpura,10037549,Skin and subcutaneous tissue disorders
Purulence,Purulence,10061926,Infections and infestations
Purulent discharge,Purulent discharge,10037569,Infections and infestations
Pustular psoriasis,Pustular psoriasis,10037575,Immune system disorders
Pustule,Pustule,10037578,Infections and infestations
Pyelonephritis,Pyelonephritis,10037596,Renal and urinary disorders
Pyrexia,Pyrexia,10037660,General disorders and administration site conditions
Pyuria,Pyuria,10037686,Infections and infestations
Quadriplegia,Quadriplegia,10037714,Nervous system disorders
Quality of life decreased,Quality of life decreased,10067620,Investigations
Quantitative sudomotor axon reflex test,Quantitative sudomotor axon reflex test,10075351,Investigations
ROHHAD syndrome,ROHHAD syndrome,10081396,Metabolism and nutrition disorders
Radial nerve compression,Radial nerve compression,10071930,Nervous system disorders
Radiculitis brachial,Radiculitis brachial,10037778,Nervous system disorders
Radiculopathy,Radiculopathy,10037779,Nervous system disorders
Radioactive iodine therapy,Radioactive iodine therapy,10037784,Surgical and medical procedures
Radioallergosorbent test negative,Radioallergosorbent test negative,10037788,Investigations
Radioisotope scan,Radioisotope scan,10061478,Investigations
Radiotherapy,Radiotherapy,10037794,Surgical and medical procedures
Radius fracture,Radius fracture,10037802,Musculoskeletal and connective tissue disorders
Rales,Rales,10037833,"Respiratory, thoracic and mediastinal disorders"
Rash,Rash,10037844,Skin and subcutaneous tissue disorders
Rash erythematous,Rash erythematous,10037855,Skin and subcutaneous tissue disorders
Rash macular,Rash macular,10037867,Skin and subcutaneous tissue disorders
Rash maculo-papular,Rash maculo-papular,10037868,Skin and subcutaneous tissue disorders
Rash morbilliform,Rash morbilliform,10037870,Skin and subcutaneous tissue disorders
Rash papular,Rash papular,10037876,Skin and subcutaneous tissue disorders
Rash pruritic,Rash pruritic,10037884,Skin and subcutaneous tissue disorders
Rash pustular,Rash pustular,10037888,Infections and infestations
Rash vesicular,Rash vesicular,10037898,Skin and subcutaneous tissue disorders
Raynaud's phenomenon,Raynaud's phenomenon,10037912,Vascular disorders
Reaction to excipient,Reaction to excipient,10079925,Immune system disorders
Reaction to previous exposure to any vaccine,Reaction to previous exposure to any vaccine,10066904,"Injury, poisoning and procedural complications"
Reactive perforating collagenosis,Reactive perforating collagenosis,10067155,Skin and subcutaneous tissue disorders
Reading disorder,Reading disorder,10037999,Psychiatric disorders
Recalled product administered,Recalled product administered,10081540,"Injury, poisoning and procedural complications"
Rectal haemorrhage,Rectal haemorrhage,10038063,Vascular disorders
Rectal prolapse,Rectal prolapse,10038077,Gastrointestinal disorders
Rectal tube insertion,Rectal tube insertion,10066323,Surgical and medical procedures
Recurrent cancer,Recurrent cancer,10038111,"Neoplasms benign, malignant and unspecified (incl cysts and polyps)"
Red blood cell acanthocytes present,Red blood cell acanthocytes present,10064662,Investigations
Red blood cell burr cells present,Red blood cell burr cells present,10050761,Investigations
Red blood cell count,Red blood cell count,10038150,Investigations
Red blood cell count abnormal,Red blood cell count abnormal,10038151,Investigations
Red blood cell count decreased,Red blood cell count decreased,10038153,Investigations
Red blood cell count increased,Red blood cell count increased,10038155,Investigations
Red blood cell count normal,Red blood cell count normal,10038157,Investigations
Red blood cell macrocytes present,Red blood cell macrocytes present,10038162,Investigations
Red blood cell nucleated morphology,Red blood cell nucleated morphology,10080979,Investigations
Red blood cell nucleated morphology present,Red blood cell nucleated morphology present,10038165,Investigations
Red blood cell schistocytes,Red blood cell schistocytes,10080983,Investigations
Red blood cell schistocytes present,Red blood cell schistocytes present,10038169,Investigations
Red blood cell sedimentation rate,Red blood cell sedimentation rate,10049184,Unknown
Red blood cell sedimentation rate abnormal,Red blood cell sedimentation rate abnormal,10049186,Investigations
Red blood cell sedimentation rate decreased,Red blood cell sedimentation rate decreased,10049188,Investigations
Red blood cell sedimentation rate increased,Red blood cell sedimentation rate increased,10049187,Investigations
Red blood cell sedimentation rate normal,Red blood cell sedimentation rate normal,10049408,Investigations
Red blood cell spherocytes,Red blood cell spherocytes,10080980,Investigations
Red blood cell target cells present,Red blood cell target cells present,10038171,Investigations
Red blood cell transfusion,Red blood cell transfusion,10087283,Surgical and medical procedures
Red blood cells urine,Red blood cells urine,10050676,Investigations
Red blood cells urine negative,Red blood cells urine negative,10048546,Investigations
Red blood cells urine positive,Red blood cells urine positive,10038182,Investigations
Red cell distribution width,Red cell distribution width,10051168,Investigations
Red cell distribution width increased,Red cell distribution width increased,10053920,Investigations
Red cell distribution width normal,Red cell distribution width normal,10053922,Investigations
Reduced facial expression,Reduced facial expression,10078576,Psychiatric disorders
Reduction of increased intracranial pressure,Reduction of increased intracranial pressure,10062101,Surgical and medical procedures
Reflex test,Reflex test,10082738,Investigations
Reflex test abnormal,Reflex test abnormal,10068273,Investigations
Reflex test normal,Reflex test normal,10068272,Investigations
Reflexes abnormal,Reflexes abnormal,10038254,Nervous system disorders
Refraction disorder,Refraction disorder,10038264,Eye disorders
Refusal of treatment by patient,Refusal of treatment by patient,10056407,Social circumstances
Refusal of vaccination,Refusal of vaccination,10082811,Social circumstances
Regurgitation,Regurgitation,10067171,Gastrointestinal disorders
Renal aneurysm,Renal aneurysm,10038366,Renal and urinary disorders
Renal cancer,Renal cancer,10038389,Renal and urinary disorders
Renal cancer stage IV,Renal cancer stage IV,10038394,Renal and urinary disorders
Renal cell carcinoma,Renal cell carcinoma,10067946,Renal and urinary disorders
Renal cyst,Renal cyst,10038423,Renal and urinary disorders
Renal disorder,Renal disorder,10038428,Renal and urinary disorders
Renal failure,Renal failure,10038435,Renal and urinary disorders
Renal function test,Renal function test,10061490,Investigations
Renal function test abnormal,Renal function test abnormal,10061480,Investigations
Renal function test normal,Renal function test normal,10061491,Investigations
Renal impairment,Renal impairment,10062237,Renal and urinary disorders
Renal injury,Renal injury,10061481,Renal and urinary disorders
Renal mass,Renal mass,10062104,Renal and urinary disorders
Renal pain,Renal pain,10038490,Renal and urinary disorders
Renal replacement therapy,Renal replacement therapy,10074746,Surgical and medical procedures
Renal stone removal,Renal stone removal,10038528,Surgical and medical procedures
Renal transplant,Renal transplant,10038533,Surgical and medical procedures
Renal tubular acidosis,Renal tubular acidosis,10038535,Renal and urinary disorders
Renal vein compression,Renal vein compression,10074386,Vascular disorders
Renal vein thrombosis,Renal vein thrombosis,10038548,Renal and urinary disorders
Respiration abnormal,Respiration abnormal,10038647,"Respiratory, thoracic and mediastinal disorders"
Respiratory acidosis,Respiratory acidosis,10038661,"Respiratory, thoracic and mediastinal disorders"
Respiratory alkalosis,Respiratory alkalosis,10038664,"Respiratory, thoracic and mediastinal disorders"
Respiratory arrest,Respiratory arrest,10038669,"Respiratory, thoracic and mediastinal disorders"
Respiratory depression,Respiratory depression,10038678,"Respiratory, thoracic and mediastinal disorders"
Respiratory disorder,Respiratory disorder,10038683,"Respiratory, thoracic and mediastinal disorders"
Respiratory distress,Respiratory distress,10038687,"Respiratory, thoracic and mediastinal disorders"
Respiratory failure,Respiratory failure,10038695,"Respiratory, thoracic and mediastinal disorders"
Respiratory muscle weakness,Respiratory muscle weakness,10070833,"Respiratory, thoracic and mediastinal disorders"
Respiratory pathogen panel,Respiratory pathogen panel,10086457,Investigations
Respiratory rate,Respiratory rate,10038709,Investigations
Respiratory rate decreased,Respiratory rate decreased,10038710,Investigations
Respiratory rate increased,Respiratory rate increased,10038712,Investigations
Respiratory symptom,Respiratory symptom,10075535,"Respiratory, thoracic and mediastinal disorders"
Respiratory syncytial virus bronchiolitis,Respiratory syncytial virus bronchiolitis,10038718,Infections and infestations
Respiratory syncytial virus bronchitis,Respiratory syncytial virus bronchitis,10069811,Infections and infestations
Respiratory syncytial virus infection,Respiratory syncytial virus infection,10061603,Infections and infestations
Respiratory syncytial virus test,Respiratory syncytial virus test,10068562,Investigations
Respiratory syncytial virus test negative,Respiratory syncytial virus test negative,10068564,Investigations
Respiratory syncytial virus test positive,Respiratory syncytial virus test positive,10068563,Investigations
Respiratory tract congestion,Respiratory tract congestion,10052251,"Respiratory, thoracic and mediastinal disorders"
Respiratory tract infection,Respiratory tract infection,10062352,"Respiratory, thoracic and mediastinal disorders"
Respiratory tract infection bacterial,Respiratory tract infection bacterial,10060693,"Respiratory, thoracic and mediastinal disorders"
Respiratory tract infection viral,Respiratory tract infection viral,10062106,Infections and infestations
Respiratory tract inflammation,Respiratory tract inflammation,10068956,"Respiratory, thoracic and mediastinal disorders"
Respiratory tract irritation,Respiratory tract irritation,10038731,"Respiratory, thoracic and mediastinal disorders"
Respiratory viral panel,Respiratory viral panel,10075165,Investigations
Respirovirus test negative,Respirovirus test negative,10089544,Investigations
Respirovirus test positive,Respirovirus test positive,10070335,Investigations
Rest regimen,Rest regimen,10088151,Surgical and medical procedures
Resting tremor,Resting tremor,10071390,Nervous system disorders
Restless arm syndrome,Restless arm syndrome,10083534,Nervous system disorders
Restless legs syndrome,Restless legs syndrome,10058920,Nervous system disorders
Restlessness,Restlessness,10038743,Nervous system disorders
Resuscitation,Resuscitation,10038749,Surgical and medical procedures
Retching,Retching,10038776,Gastrointestinal disorders
Reticulocyte count,Reticulocyte count,10038787,Investigations
Reticulocyte count increased,Reticulocyte count increased,10038792,Investigations
Reticulocyte count normal,Reticulocyte count normal,10038794,Investigations
Retinal artery occlusion,Retinal artery occlusion,10038827,Eye disorders
Retinal detachment,Retinal detachment,10038848,Eye disorders
Retinal disorder,Retinal disorder,10038853,Eye disorders
Retinal haemorrhage,Retinal haemorrhage,10038867,Vascular disorders
Retinal injury,Retinal injury,10057430,Eye disorders
Retinal oedema,Retinal oedema,10038886,Vascular disorders
Retinal operation,Retinal operation,10062107,Surgical and medical procedures
Retinal pigment epithelial tear,Retinal pigment epithelial tear,10062971,Eye disorders
Retinal tear,Retinal tear,10038897,Eye disorders
Retinal vascular disorder,Retinal vascular disorder,10038901,Vascular disorders
Retinal vascular occlusion,Retinal vascular occlusion,10038903,Eye disorders
Retinal vascular thrombosis,Retinal vascular thrombosis,10062108,Eye disorders
Retinal vasculitis,Retinal vasculitis,10038905,Immune system disorders
Retinal vein occlusion,Retinal vein occlusion,10038907,Eye disorders
Retinogram,Retinogram,10059661,Investigations
Retinogram normal,Retinogram normal,10059662,Investigations
Retrograde amnesia,Retrograde amnesia,10038965,Nervous system disorders
Retroperitoneal mass,Retroperitoneal mass,10071732,Gastrointestinal disorders
Reversible cerebral vasoconstriction syndrome,Reversible cerebral vasoconstriction syndrome,10073240,Vascular disorders
Rhabdomyolysis,Rhabdomyolysis,10039020,Musculoskeletal and connective tissue disorders
Rheumatic disorder,Rheumatic disorder,10072736,Musculoskeletal and connective tissue disorders
Rheumatoid arthritis,Rheumatoid arthritis,10039073,Musculoskeletal and connective tissue disorders
Rheumatoid factor,Rheumatoid factor,10039079,Investigations
Rheumatoid factor increased,Rheumatoid factor increased,10057962,Investigations
Rheumatoid factor negative,Rheumatoid factor negative,10048574,Investigations
Rheumatoid factor positive,Rheumatoid factor positive,10039080,Investigations
Rheumatological examination,Rheumatological examination,10084263,Investigations
Rhinalgia,Rhinalgia,10051496,"Respiratory, thoracic and mediastinal disorders"
Rhinitis,Rhinitis,10039083,"Respiratory, thoracic and mediastinal disorders"
Rhinoplasty,Rhinoplasty,10039099,Surgical and medical procedures
Rhinorrhoea,Rhinorrhoea,10039101,"Respiratory, thoracic and mediastinal disorders"
Rhinovirus infection,Rhinovirus infection,10061494,Infections and infestations
Rhonchi,Rhonchi,10039109,"Respiratory, thoracic and mediastinal disorders"
Rib fracture,Rib fracture,10039117,Musculoskeletal and connective tissue disorders
Right ventricular enlargement,Right ventricular enlargement,10050582,Cardiac disorders
Right ventricular systolic pressure increased,Right ventricular systolic pressure increased,10060236,Investigations
Right-to-left cardiac shunt,Right-to-left cardiac shunt,10076605,"Congenital, familial and genetic disorders"
Road traffic accident,Road traffic accident,10039203,"Injury, poisoning and procedural complications"
Romberg test positive,Romberg test positive,10073242,Investigations
Rosacea,Rosacea,10039218,Skin and subcutaneous tissue disorders
Roseola,Roseola,10039222,Infections and infestations
Rotator cuff repair,Rotator cuff repair,10050324,Surgical and medical procedures
Rotator cuff syndrome,Rotator cuff syndrome,10039227,Musculoskeletal and connective tissue disorders
Rotavirus infection,Rotavirus infection,10067470,Infections and infestations
Rotavirus test negative,Rotavirus test negative,10063460,Investigations
Rotavirus test positive,Rotavirus test positive,10063458,Investigations
Rubber sensitivity,Rubber sensitivity,10039251,Skin and subcutaneous tissue disorders
Rubella antibody negative,Rubella antibody negative,10039257,Investigations
Rubella antibody positive,Rubella antibody positive,10039258,Investigations
Rubella antibody test,Rubella antibody test,10039259,Investigations
Rubulavirus test negative,Rubulavirus test negative,10089545,Investigations
Rubulavirus test positive,Rubulavirus test positive,10070347,Investigations
Russell's viper venom time abnormal,Russell's viper venom time abnormal,10059759,Investigations
SARS-CoV-2 RNA,SARS-CoV-2 RNA,10085493,Investigations
SARS-CoV-2 RNA increased,SARS-CoV-2 RNA increased,10085495,Investigations
SARS-CoV-2 RNA undetectable,SARS-CoV-2 RNA undetectable,10085494,Investigations
SARS-CoV-2 antibody test,SARS-CoV-2 antibody test,10084501,Investigations
SARS-CoV-2 antibody test negative,SARS-CoV-2 antibody test negative,10084509,Investigations
SARS-CoV-2 antibody test positive,SARS-CoV-2 antibody test positive,10084491,Investigations
SARS-CoV-2 test,SARS-CoV-2 test,10084354,Investigations
SARS-CoV-2 test negative,SARS-CoV-2 test negative,10084273,Investigations
SARS-CoV-2 test positive,SARS-CoV-2 test positive,10084271,Investigations
Sacral pain,Sacral pain,10048710,Musculoskeletal and connective tissue disorders
Salivary gland disorder,Salivary gland disorder,10061935,Gastrointestinal disorders
Salivary gland enlargement,Salivary gland enlargement,10039408,Gastrointestinal disorders
Salivary gland pain,Salivary gland pain,10039421,Gastrointestinal disorders
Salivary hypersecretion,Salivary hypersecretion,10039424,Gastrointestinal disorders
Salmonella test negative,Salmonella test negative,10079858,Investigations
Salmonella test positive,Salmonella test positive,10070127,Investigations
Sapovirus infection,Sapovirus infection,10089715,Infections and infestations
Sapovirus test,Sapovirus test,10090532,Investigations
Sapovirus test positive,Sapovirus test positive,10070383,Investigations
Sarcoidosis,Sarcoidosis,10039486,Immune system disorders
Sarcoidosis of lymph node,Sarcoidosis of lymph node,10086663,Blood and lymphatic system disorders
Sarcoma,Sarcoma,10039491,"Neoplasms benign, malignant and unspecified (incl cysts and polyps)"
Scab,Scab,10039509,Skin and subcutaneous tissue disorders
Scalp biopsy,Scalp biopsy,10091928,Investigations
Scalp haematoma,Scalp haematoma,10087456,"Injury, poisoning and procedural complications"
Scan,Scan,10061498,Investigations
Scan abnormal,Scan abnormal,10061499,Investigations
Scan brain,Scan brain,10061500,Investigations
Scan myocardial perfusion,Scan myocardial perfusion,10054082,Investigations
Scan myocardial perfusion normal,Scan myocardial perfusion normal,10061514,Investigations
Scan normal,Scan normal,10061505,Investigations
Scan with contrast,Scan with contrast,10059696,Investigations
Scan with contrast abnormal,Scan with contrast abnormal,10062152,Investigations
Scan with contrast normal,Scan with contrast normal,10062153,Investigations
Scapular dyskinesis,Scapular dyskinesis,10079555,Musculoskeletal and connective tissue disorders
Scar,Scar,10039580,"Injury, poisoning and procedural complications"
Scar pain,Scar pain,10049002,Skin and subcutaneous tissue disorders
Schirmer's test abnormal,Schirmer's test abnormal,10057956,Investigations
Schizoaffective disorder bipolar type,Schizoaffective disorder bipolar type,10068889,Psychiatric disorders
Schizoid personality disorder,Schizoid personality disorder,10039624,Psychiatric disorders
Schizophrenia,Schizophrenia,10039626,Psychiatric disorders
Sciatica,Sciatica,10039674,Nervous system disorders
Scleral disorder,Scleral disorder,10061510,Eye disorders
Scleritis,Scleritis,10039705,Immune system disorders
Scleroderma,Scleroderma,10039710,Immune system disorders
Scoliosis,Scoliosis,10039722,Musculoskeletal and connective tissue disorders
Scratch,Scratch,10039737,"Injury, poisoning and procedural complications"
Screaming,Screaming,10039740,Psychiatric disorders
Scrotal abscess,Scrotal abscess,10049571,Reproductive system and breast disorders
Scrotal operation,Scrotal operation,10062157,Surgical and medical procedures
Scrotal swelling,Scrotal swelling,10039759,Reproductive system and breast disorders
Seasonal allergy,Seasonal allergy,10048908,Immune system disorders
Seborrhoeic dermatitis,Seborrhoeic dermatitis,10039793,Skin and subcutaneous tissue disorders
Seborrhoeic keratosis,Seborrhoeic keratosis,10039796,"Neoplasms benign, malignant and unspecified (incl cysts and polyps)"
Secondary transmission,Secondary transmission,10051854,Infections and infestations
Secretion discharge,Secretion discharge,10053459,General disorders and administration site conditions
Sedative therapy,Sedative therapy,10059283,Surgical and medical procedures
Seizure,Seizure,10039906,Nervous system disorders
Seizure like phenomena,Seizure like phenomena,10071048,Nervous system disorders
Selective mutism,Selective mutism,10039917,Nervous system disorders
Self esteem decreased,Self esteem decreased,10050280,Psychiatric disorders
Self-destructive behaviour,Self-destructive behaviour,10085233,Psychiatric disorders
Senile osteoporosis,Senile osteoporosis,10039984,Metabolism and nutrition disorders
Sensation of foreign body,Sensation of foreign body,10061549,General disorders and administration site conditions
Sensitive skin,Sensitive skin,10081765,Skin and subcutaneous tissue disorders
Sensitivity to weather change,Sensitivity to weather change,10072850,General disorders and administration site conditions
Sensory disturbance,Sensory disturbance,10040026,Nervous system disorders
Sensory level normal,Sensory level normal,10061568,Investigations
Sensory loss,Sensory loss,10040030,Nervous system disorders
Sensory overload,Sensory overload,10079780,Nervous system disorders
Sensory processing disorder,Sensory processing disorder,10077516,Nervous system disorders
Sepsis,Sepsis,10040047,Infections and infestations
Septic cerebral embolism,Septic cerebral embolism,10086435,Nervous system disorders
Septic shock,Septic shock,10040070,Infections and infestations
Serology abnormal,Serology abnormal,10050408,Investigations
Serology negative,Serology negative,10050410,Investigations
Serology test,Serology test,10062163,Investigations
Seroma,Seroma,10040102,"Injury, poisoning and procedural complications"
Seronegative arthritis,Seronegative arthritis,10062164,Musculoskeletal and connective tissue disorders
Serum ferritin,Serum ferritin,10040246,Investigations
Serum ferritin decreased,Serum ferritin decreased,10040249,Investigations
Serum ferritin increased,Serum ferritin increased,10040250,Investigations
Serum ferritin normal,Serum ferritin normal,10040251,Investigations
Serum sickness,Serum sickness,10040400,"Injury, poisoning and procedural complications"
Serum sickness-like reaction,Serum sickness-like reaction,10040402,General disorders and administration site conditions
Sex hormone binding globulin,Sex hormone binding globulin,10059654,Investigations
Sexual dysfunction,Sexual dysfunction,10040477,Psychiatric disorders
Sexually transmitted disease test,Sexually transmitted disease test,10084201,Investigations
Shift to the left,Shift to the left,10056383,Investigations
Shock,Shock,10040560,Vascular disorders
Shock haemorrhagic,Shock haemorrhagic,10049771,Metabolism and nutrition disorders
Shoulder arthroplasty,Shoulder arthroplasty,10049551,Surgical and medical procedures
Shoulder fracture,Shoulder fracture,10049128,Musculoskeletal and connective tissue disorders
Shoulder girdle pain,Shoulder girdle pain,10086614,Musculoskeletal and connective tissue disorders
Shoulder injury related to vaccine administration,Shoulder injury related to vaccine administration,10081038,"Injury, poisoning and procedural complications"
Shoulder operation,Shoulder operation,10062242,Surgical and medical procedures
Shunt malfunction,Shunt malfunction,10062243,"Injury, poisoning and procedural complications"
Sicca syndrome,Sicca syndrome,10040633,Gastrointestinal disorders
Sick building syndrome,Sick building syndrome,10040634,"Injury, poisoning and procedural complications"
Sideroblastic anaemia,Sideroblastic anaemia,10040661,Blood and lymphatic system disorders
Sigmoidoscopy,Sigmoidoscopy,10040669,Investigations
Silent myocardial infarction,Silent myocardial infarction,10049768,Cardiac disorders
Simple mastectomy,Simple mastectomy,10040700,Surgical and medical procedures
Single component of a two-component product administered,Single component of a two-component product administered,10080977,"Injury, poisoning and procedural complications"
Single photon emission computerised tomogram,Single photon emission computerised tomogram,10040722,Investigations
Sinonasal obstruction,Sinonasal obstruction,10080545,"Respiratory, thoracic and mediastinal disorders"
Sinuplasty,Sinuplasty,10078495,Surgical and medical procedures
Sinus arrest,Sinus arrest,10040738,Cardiac disorders
Sinus arrhythmia,Sinus arrhythmia,10040739,Cardiac disorders
Sinus bradycardia,Sinus bradycardia,10040741,Cardiac disorders
Sinus congestion,Sinus congestion,10040742,"Respiratory, thoracic and mediastinal disorders"
Sinus disorder,Sinus disorder,10062244,"Respiratory, thoracic and mediastinal disorders"
Sinus headache,Sinus headache,10040744,"Respiratory, thoracic and mediastinal disorders"
Sinus node dysfunction,Sinus node dysfunction,10075889,Cardiac disorders
Sinus operation,Sinus operation,10062245,Surgical and medical procedures
Sinus pain,Sinus pain,10040747,"Respiratory, thoracic and mediastinal disorders"
Sinus perforation,Sinus perforation,10040748,"Injury, poisoning and procedural complications"
Sinus polyp,Sinus polyp,10040749,"Respiratory, thoracic and mediastinal disorders"
Sinus rhythm,Sinus rhythm,10048815,Investigations
Sinus tachycardia,Sinus tachycardia,10040752,Cardiac disorders
Sinusitis,Sinusitis,10040753,"Respiratory, thoracic and mediastinal disorders"
Sitting disability,Sitting disability,10081807,Social circumstances
Sjogren's syndrome,Sjogren's syndrome,10040767,Immune system disorders
Skeletal injury,Skeletal injury,10061363,"Injury, poisoning and procedural complications"
Skeletal survey normal,Skeletal survey normal,10040781,Unknown
Skin abrasion,Skin abrasion,10064990,"Injury, poisoning and procedural complications"
Skin atrophy,Skin atrophy,10040799,Skin and subcutaneous tissue disorders
Skin bacterial infection,Skin bacterial infection,10052891,Skin and subcutaneous tissue disorders
Skin burning sensation,Skin burning sensation,10054786,Nervous system disorders
Skin cancer,Skin cancer,10040808,"Neoplasms benign, malignant and unspecified (incl cysts and polyps)"
Skin culture positive,Skin culture positive,10078402,Investigations
Skin depigmentation,Skin depigmentation,10040825,Skin and subcutaneous tissue disorders
Skin discharge,Skin discharge,10083144,Skin and subcutaneous tissue disorders
Skin discolouration,Skin discolouration,10040829,Skin and subcutaneous tissue disorders
Skin discomfort,Skin discomfort,10040830,Skin and subcutaneous tissue disorders
Skin disorder,Skin disorder,10040831,Skin and subcutaneous tissue disorders
Skin erosion,Skin erosion,10040840,Skin and subcutaneous tissue disorders
Skin exfoliation,Skin exfoliation,10040844,Skin and subcutaneous tissue disorders
Skin fissures,Skin fissures,10040849,Skin and subcutaneous tissue disorders
Skin haemorrhage,Skin haemorrhage,10064265,Vascular disorders
Skin hyperpigmentation,Skin hyperpigmentation,10040865,Skin and subcutaneous tissue disorders
Skin hyperplasia,Skin hyperplasia,10074507,Skin and subcutaneous tissue disorders
Skin hypertrophy,Skin hypertrophy,10040867,Skin and subcutaneous tissue disorders
Skin hypopigmentation,Skin hypopigmentation,10040868,Skin and subcutaneous tissue disorders
Skin indentation,Skin indentation,10079274,Skin and subcutaneous tissue disorders
Skin induration,Skin induration,10051837,Skin and subcutaneous tissue disorders
Skin infection,Skin infection,10040872,Skin and subcutaneous tissue disorders
Skin injury,Skin injury,10061364,"Injury, poisoning and procedural complications"
Skin irritation,Skin irritation,10040880,Skin and subcutaneous tissue disorders
Skin laceration,Skin laceration,10058818,"Injury, poisoning and procedural complications"
Skin lesion,Skin lesion,10040882,Skin and subcutaneous tissue disorders
Skin mass,Skin mass,10067868,Skin and subcutaneous tissue disorders
Skin necrosis,Skin necrosis,10040893,Skin and subcutaneous tissue disorders
Skin neoplasm excision,Skin neoplasm excision,10059443,Surgical and medical procedures
Skin odour abnormal,Skin odour abnormal,10040904,Skin and subcutaneous tissue disorders
Skin oedema,Skin oedema,10058679,Skin and subcutaneous tissue disorders
Skin operation,Skin operation,10062251,Surgical and medical procedures
Skin papilloma,Skin papilloma,10040907,Infections and infestations
Skin plaque,Skin plaque,10067723,Skin and subcutaneous tissue disorders
Skin reaction,Skin reaction,10040914,Skin and subcutaneous tissue disorders
Skin sensitisation,Skin sensitisation,10070835,Immune system disorders
Skin striae,Skin striae,10040925,Skin and subcutaneous tissue disorders
Skin swelling,Skin swelling,10053262,Skin and subcutaneous tissue disorders
Skin test,Skin test,10040929,Investigations
Skin test negative,Skin test negative,10060888,Investigations
Skin texture abnormal,Skin texture abnormal,10075267,Skin and subcutaneous tissue disorders
Skin tightness,Skin tightness,10050637,Skin and subcutaneous tissue disorders
Skin ulcer,Skin ulcer,10040943,Skin and subcutaneous tissue disorders
Skin warm,Skin warm,10040952,Skin and subcutaneous tissue disorders
Skin weeping,Skin weeping,10080560,Skin and subcutaneous tissue disorders
Skin wound,Skin wound,10072170,"Injury, poisoning and procedural complications"
Skin wrinkling,Skin wrinkling,10040954,Skin and subcutaneous tissue disorders
Skull X-ray,Skull X-ray,10040964,Investigations
Skull fracture,Skull fracture,10061365,Musculoskeletal and connective tissue disorders
Sleep apnoea syndrome,Sleep apnoea syndrome,10040979,"Respiratory, thoracic and mediastinal disorders"
Sleep deficit,Sleep deficit,10080881,Nervous system disorders
Sleep disorder,Sleep disorder,10040984,Nervous system disorders
Sleep disorder due to a general medical condition,Sleep disorder due to a general medical condition,10063910,Nervous system disorders
"Sleep disorder due to general medical condition, insomnia type","Sleep disorder due to general medical condition, insomnia type",10040986,Nervous system disorders
Sleep paralysis,Sleep paralysis,10041002,Nervous system disorders
Sleep study,Sleep study,10053319,Investigations
Sleep study abnormal,Sleep study abnormal,10053320,Investigations
Sleep study normal,Sleep study normal,10053321,Investigations
Sleep terror,Sleep terror,10041010,Nervous system disorders
Slit-lamp tests normal,Slit-lamp tests normal,10041034,Investigations
Slow response to stimuli,Slow response to stimuli,10041045,Nervous system disorders
Slow speech,Slow speech,10071299,Nervous system disorders
Sluggishness,Sluggishness,10041052,General disorders and administration site conditions
Small airways disease,Small airways disease,10080547,"Respiratory, thoracic and mediastinal disorders"
Small fibre neuropathy,Small fibre neuropathy,10073928,Nervous system disorders
Small intestinal obstruction,Small intestinal obstruction,10041101,Gastrointestinal disorders
Small intestinal resection,Small intestinal resection,10041105,Surgical and medical procedures
Smear cervix,Smear cervix,10041205,Investigations
Smear cervix abnormal,Smear cervix abnormal,10041206,Investigations
Smear site unspecified normal,Smear site unspecified normal,10041209,Investigations
Smear test,Smear test,10041210,Investigations
Smoke sensitivity,Smoke sensitivity,10069201,Immune system disorders
Smooth muscle antibody,Smooth muscle antibody,10041227,Investigations
Smooth muscle antibody positive,Smooth muscle antibody positive,10041229,Investigations
Sneezing,Sneezing,10041232,"Respiratory, thoracic and mediastinal disorders"
Snoring,Snoring,10041235,"Respiratory, thoracic and mediastinal disorders"
Social anxiety disorder,Social anxiety disorder,10041242,Psychiatric disorders
Social avoidant behaviour,Social avoidant behaviour,10041243,Psychiatric disorders
Social problem,Social problem,10062254,Social circumstances
Soft tissue disorder,Soft tissue disorder,10061366,Musculoskeletal and connective tissue disorders
Soft tissue foreign body,Soft tissue foreign body,10079851,Musculoskeletal and connective tissue disorders
Soft tissue infection,Soft tissue infection,10062255,Musculoskeletal and connective tissue disorders
Soft tissue injury,Soft tissue injury,10041291,Musculoskeletal and connective tissue disorders
Soft tissue necrosis,Soft tissue necrosis,10065769,Musculoskeletal and connective tissue disorders
Soft tissue swelling,Soft tissue swelling,10076991,Musculoskeletal and connective tissue disorders
Soluble fibrin monomer complex increased,Soluble fibrin monomer complex increased,10073164,Investigations
Somnambulism,Somnambulism,10041347,Nervous system disorders
Somnolence,Somnolence,10041349,Psychiatric disorders
Specialist consultation,Specialist consultation,10076498,Surgical and medical procedures
Specific gravity urine,Specific gravity urine,10041438,Investigations
Specific gravity urine abnormal,Specific gravity urine abnormal,10041439,Investigations
Specific gravity urine increased,Specific gravity urine increased,10050773,Investigations
Specific gravity urine normal,Specific gravity urine normal,10041440,Investigations
Speech disorder,Speech disorder,10041466,Psychiatric disorders
Speech disorder developmental,Speech disorder developmental,10041467,Nervous system disorders
Speech-language therapy,Speech-language therapy,10090165,Surgical and medical procedures
Sperm concentration zero,Sperm concentration zero,10070930,Investigations
Spermatozoa progressive motility decreased,Spermatozoa progressive motility decreased,10041506,Investigations
Spider vein,Spider vein,10062696,Vascular disorders
Spinal X-ray,Spinal X-ray,10041604,Investigations
Spinal X-ray abnormal,Spinal X-ray abnormal,10041605,Investigations
Spinal X-ray normal,Spinal X-ray normal,10041606,Investigations
Spinal column injury,Spinal column injury,10069689,"Injury, poisoning and procedural complications"
Spinal compression fracture,Spinal compression fracture,10041541,Unknown
Spinal cord compression,Spinal cord compression,10041549,Nervous system disorders
Spinal cord disorder,Spinal cord disorder,10061367,Nervous system disorders
Spinal cord haemorrhage,Spinal cord haemorrhage,10048992,Nervous system disorders
Spinal cord injury,Spinal cord injury,10041552,Nervous system disorders
Spinal cord oedema,Spinal cord oedema,10063036,Nervous system disorders
Spinal deformity,Spinal deformity,10058907,Musculoskeletal and connective tissue disorders
Spinal disorder,Spinal disorder,10061368,Musculoskeletal and connective tissue disorders
Spinal epidural haematoma,Spinal epidural haematoma,10050162,Nervous system disorders
Spinal flattening,Spinal flattening,10077756,Musculoskeletal and connective tissue disorders
Spinal fracture,Spinal fracture,10041569,Musculoskeletal and connective tissue disorders
Spinal fusion surgery,Spinal fusion surgery,10050505,Surgical and medical procedures
Spinal manipulation,Spinal manipulation,10041578,Surgical and medical procedures
Spinal myelogram,Spinal myelogram,10057563,Investigations
Spinal myelogram abnormal,Spinal myelogram abnormal,10057565,Investigations
Spinal nerve stimulator implantation,Spinal nerve stimulator implantation,10053714,Surgical and medical procedures
Spinal nerve stimulator removal,Spinal nerve stimulator removal,10080107,Surgical and medical procedures
Spinal operation,Spinal operation,10062262,Surgical and medical procedures
Spinal osteoarthritis,Spinal osteoarthritis,10041591,Musculoskeletal and connective tissue disorders
Spinal pain,Spinal pain,10072005,Musculoskeletal and connective tissue disorders
Spinal stenosis,Spinal stenosis,10082214,Nervous system disorders
Spinal subdural haematoma,Spinal subdural haematoma,10050164,Nervous system disorders
Spleen disorder,Spleen disorder,10041633,Blood and lymphatic system disorders
Splenectomy,Splenectomy,10041642,Surgical and medical procedures
Splenic lesion,Splenic lesion,10054829,Blood and lymphatic system disorders
Splenic sarcoidosis,Splenic sarcoidosis,10090740,Blood and lymphatic system disorders
Splenic vein thrombosis,Splenic vein thrombosis,10041659,Blood and lymphatic system disorders
Splenomegaly,Splenomegaly,10041660,Blood and lymphatic system disorders
Spondylitic myelopathy,Spondylitic myelopathy,10041670,Nervous system disorders
Spondylitis,Spondylitis,10061371,Musculoskeletal and connective tissue disorders
Spondylolisthesis,Spondylolisthesis,10063550,Musculoskeletal and connective tissue disorders
Spontaneous rupture of membranes,Spontaneous rupture of membranes,10087390,"Pregnancy, puerperium and perinatal conditions"
Sputum discoloured,Sputum discoloured,10041807,"Respiratory, thoracic and mediastinal disorders"
Sputum increased,Sputum increased,10041812,"Respiratory, thoracic and mediastinal disorders"
Squamous cell carcinoma,Squamous cell carcinoma,10041823,"Neoplasms benign, malignant and unspecified (incl cysts and polyps)"
Staphylococcal bacteraemia,Staphylococcal bacteraemia,10051017,Infections and infestations
Staphylococcal infection,Staphylococcal infection,10058080,Infections and infestations
Staphylococcus test,Staphylococcus test,10070412,Investigations
Staphylococcus test positive,Staphylococcus test positive,10070052,Investigations
Staring,Staring,10041953,Psychiatric disorders
Stasis dermatitis,Stasis dermatitis,10041955,Vascular disorders
Status epilepticus,Status epilepticus,10041962,Nervous system disorders
Stem cell transplant,Stem cell transplant,10063581,Surgical and medical procedures
Stenosis,Stenosis,10076711,General disorders and administration site conditions
Stent placement,Stent placement,10048561,Surgical and medical procedures
Stereotypy,Stereotypy,10042008,Nervous system disorders
Stertor,Stertor,10076712,"Respiratory, thoracic and mediastinal disorders"
Stevens-Johnson syndrome,Stevens-Johnson syndrome,10042033,Immune system disorders
Still's disease,Still's disease,10042061,General disorders and administration site conditions
Stillbirth,Stillbirth,10042062,General disorders and administration site conditions
Stomatitis,Stomatitis,10042128,Gastrointestinal disorders
Stool analysis,Stool analysis,10059536,Investigations
Stool analysis abnormal,Stool analysis abnormal,10059527,Investigations
Stool analysis normal,Stool analysis normal,10059537,Investigations
Stool sodium increased,Stool sodium increased,10064831,Investigations
Strabismus,Strabismus,10042159,Eye disorders
Streptococcal endocarditis,Streptococcal endocarditis,10073742,Cardiac disorders
Streptococcal infection,Streptococcal infection,10061372,Infections and infestations
Streptococcus test,Streptococcus test,10070414,Investigations
Streptococcus test negative,Streptococcus test negative,10070415,Investigations
Streptococcus test positive,Streptococcus test positive,10070055,Investigations
Stress,Stress,10042209,Psychiatric disorders
Stress at work,Stress at work,10042210,Social circumstances
Stress echocardiogram,Stress echocardiogram,10050241,Investigations
Stress echocardiogram abnormal,Stress echocardiogram abnormal,10070746,Investigations
Stress fracture,Stress fracture,10042212,Musculoskeletal and connective tissue disorders
Stridor,Stridor,10042241,"Respiratory, thoracic and mediastinal disorders"
Subacute endocarditis,Subacute endocarditis,10042276,Infections and infestations
Subacute inflammatory demyelinating polyneuropathy,Subacute inflammatory demyelinating polyneuropathy,10081726,Infections and infestations
Subarachnoid haemorrhage,Subarachnoid haemorrhage,10042316,Nervous system disorders
Subclavian vein thrombosis,Subclavian vein thrombosis,10049446,Vascular disorders
Subcutaneous abscess,Subcutaneous abscess,10042343,Skin and subcutaneous tissue disorders
Subcutaneous emphysema,Subcutaneous emphysema,10042344,"Injury, poisoning and procedural complications"
Subdural haematoma,Subdural haematoma,10042361,Nervous system disorders
Subdural haematoma evacuation,Subdural haematoma evacuation,10042363,Surgical and medical procedures
Substance use,Substance use,10070964,Social circumstances
Sudden cardiac death,Sudden cardiac death,10049418,General disorders and administration site conditions
Sudden death,Sudden death,10042434,General disorders and administration site conditions
Sudden hearing loss,Sudden hearing loss,10061373,Ear and labyrinth disorders
Sudden infant death syndrome,Sudden infant death syndrome,10042440,General disorders and administration site conditions
Sudden visual loss,Sudden visual loss,10042441,Eye disorders
Suffocation feeling,Suffocation feeling,10042444,"Respiratory, thoracic and mediastinal disorders"
Suicidal ideation,Suicidal ideation,10042458,Psychiatric disorders
Suicide attempt,Suicide attempt,10042464,Psychiatric disorders
Suicide threat,Suicide threat,10077417,Psychiatric disorders
Sunburn,Sunburn,10042496,"Injury, poisoning and procedural complications"
Superficial vein prominence,Superficial vein prominence,10068717,Vascular disorders
Superficial vein thrombosis,Superficial vein thrombosis,10086210,Vascular disorders
Superinfection bacterial,Superinfection bacterial,10066972,Infections and infestations
Supraventricular extrasystoles,Supraventricular extrasystoles,10042602,Cardiac disorders
Supraventricular tachycardia,Supraventricular tachycardia,10042604,Cardiac disorders
Surgery,Surgery,10042609,Surgical and medical procedures
Surgical failure,Surgical failure,10066902,General disorders and administration site conditions
Susac's syndrome,Susac's syndrome,10071573,Immune system disorders
Suspected COVID-19,Suspected COVID-19,10084451,Infections and infestations
Suspected counterfeit product,Suspected counterfeit product,10071287,Product issues
Suture insertion,Suture insertion,10052665,Surgical and medical procedures
Suture removal,Suture removal,10042640,Surgical and medical procedures
Swallow study,Swallow study,10076217,Investigations
Swallow study abnormal,Swallow study abnormal,10076037,Investigations
Swelling,Swelling,10042674,General disorders and administration site conditions
Swelling face,Swelling face,10042682,Immune system disorders
Swelling of eyelid,Swelling of eyelid,10042690,Immune system disorders
Swelling of nose,Swelling of nose,10091469,"Respiratory, thoracic and mediastinal disorders"
Swollen tongue,Swollen tongue,10042727,Immune system disorders
Syncope,Syncope,10042772,Vascular disorders
Synkinesis,Synkinesis,10078747,Nervous system disorders
Synovial cyst,Synovial cyst,10042858,"Neoplasms benign, malignant and unspecified (incl cysts and polyps)"
Synovial fluid analysis abnormal,Synovial fluid analysis abnormal,10059526,Investigations
Synovitis,Synovitis,10042868,Musculoskeletal and connective tissue disorders
Syphilis,Syphilis,10062120,Infections and infestations
Syphilis test,Syphilis test,10061375,Investigations
Syphilis test negative,Syphilis test negative,10051322,Investigations
Syphilis test positive,Syphilis test positive,10051317,Investigations
Syringe issue,Syringe issue,10069218,Product issues
Systemic inflammatory response syndrome,Systemic inflammatory response syndrome,10051379,Vascular disorders
Systemic lupus erythematosus,Systemic lupus erythematosus,10042945,Immune system disorders
Systemic lupus erythematosus rash,Systemic lupus erythematosus rash,10042946,Immune system disorders
Systemic mastocytosis,Systemic mastocytosis,10042949,Immune system disorders
Systolic dysfunction,Systolic dysfunction,10071436,Cardiac disorders
T-cell receptor gene rearrangement test,T-cell receptor gene rearrangement test,10074077,Investigations
T-lymphocyte count,T-lymphocyte count,10059741,Investigations
Tachyarrhythmia,Tachyarrhythmia,10049447,Cardiac disorders
Tachycardia,Tachycardia,10043071,Cardiac disorders
Tachyphrenia,Tachyphrenia,10064805,Nervous system disorders
Tachypnoea,Tachypnoea,10043089,"Respiratory, thoracic and mediastinal disorders"
Tardive dyskinesia,Tardive dyskinesia,10043118,Nervous system disorders
Target skin lesion,Target skin lesion,10081998,Skin and subcutaneous tissue disorders
Taste disorder,Taste disorder,10082490,Gastrointestinal disorders
Tattoo associated skin reaction,Tattoo associated skin reaction,10087549,Skin and subcutaneous tissue disorders
Tearfulness,Tearfulness,10043169,Psychiatric disorders
Teeth brittle,Teeth brittle,10043173,Gastrointestinal disorders
Teething,Teething,10043183,Gastrointestinal disorders
Temperature intolerance,Temperature intolerance,10057040,General disorders and administration site conditions
Temperature regulation disorder,Temperature regulation disorder,10061376,Endocrine disorders
Temporal lobe epilepsy,Temporal lobe epilepsy,10043209,Nervous system disorders
Temporary mechanical circulatory support,Temporary mechanical circulatory support,10084745,Surgical and medical procedures
Temporomandibular pain and dysfunction syndrome,Temporomandibular pain and dysfunction syndrome,10090578,Musculoskeletal and connective tissue disorders
Tenderness,Tenderness,10043224,General disorders and administration site conditions
Tendon calcification,Tendon calcification,10057888,Musculoskeletal and connective tissue disorders
Tendon disorder,Tendon disorder,10043239,Musculoskeletal and connective tissue disorders
Tendon injury,Tendon injury,10043242,Musculoskeletal and connective tissue disorders
Tendon pain,Tendon pain,10066371,Musculoskeletal and connective tissue disorders
Tendon rupture,Tendon rupture,10043248,Musculoskeletal and connective tissue disorders
Tendon transfer,Tendon transfer,10043253,Surgical and medical procedures
Tendonitis,Tendonitis,10043255,Musculoskeletal and connective tissue disorders
Tenodesis,Tenodesis,10062318,Surgical and medical procedures
Tenolysis,Tenolysis,10065570,Surgical and medical procedures
Tenoplasty,Tenoplasty,10077558,Surgical and medical procedures
Tenosynovitis,Tenosynovitis,10043261,Musculoskeletal and connective tissue disorders
Tension,Tension,10043268,Psychiatric disorders
Tension headache,Tension headache,10043269,Psychiatric disorders
Teratoma,Teratoma,10043276,Reproductive system and breast disorders
Term baby,Term baby,10080681,"Pregnancy, puerperium and perinatal conditions"
Terminal insomnia,Terminal insomnia,10068932,Nervous system disorders
Testicular disorder,Testicular disorder,10043306,Reproductive system and breast disorders
Testicular pain,Testicular pain,10043345,Reproductive system and breast disorders
Testicular swelling,Testicular swelling,10043354,Reproductive system and breast disorders
Tetanus,Tetanus,10043376,Nervous system disorders
Thalamic stroke,Thalamic stroke,10087626,Nervous system disorders
Thalassaemia,Thalassaemia,10043388,Blood and lymphatic system disorders
Therapeutic embolisation,Therapeutic embolisation,10057335,Surgical and medical procedures
Therapeutic procedure,Therapeutic procedure,10053757,Surgical and medical procedures
Therapeutic product effect incomplete,Therapeutic product effect incomplete,10082200,General disorders and administration site conditions
Therapeutic response decreased,Therapeutic response decreased,10043414,General disorders and administration site conditions
Therapeutic response unexpected,Therapeutic response unexpected,10043417,General disorders and administration site conditions
Therapy non-responder,Therapy non-responder,10051082,General disorders and administration site conditions
Thermal ablation,,,API_Error
Thinking abnormal,Thinking abnormal,10043431,Nervous system disorders
Thirst,Thirst,10043458,General disorders and administration site conditions
Thirst decreased,Thirst decreased,10050200,General disorders and administration site conditions
Thoracotomy,Thoracotomy,10043491,Surgical and medical procedures
Thought blocking,Thought blocking,10043495,Psychiatric disorders
Throat clearing,Throat clearing,10080125,"Respiratory, thoracic and mediastinal disorders"
Throat irritation,Throat irritation,10043521,"Respiratory, thoracic and mediastinal disorders"
Throat lesion,Throat lesion,10054830,"Respiratory, thoracic and mediastinal disorders"
Throat tightness,Throat tightness,10043528,"Respiratory, thoracic and mediastinal disorders"
Thrombectomy,Thrombectomy,10043530,Surgical and medical procedures
Thrombin time,Thrombin time,10043539,Investigations
Thrombin-antithrombin III complex increased,Thrombin-antithrombin III complex increased,10053968,Investigations
Thrombocytopenia,Thrombocytopenia,10043554,Blood and lymphatic system disorders
Thrombocytosis,Thrombocytosis,10043563,Blood and lymphatic system disorders
Thromboembolectomy,Thromboembolectomy,10064958,Surgical and medical procedures
Thrombosis,Thrombosis,10043607,Vascular disorders
Thrombosis mesenteric vessel,Thrombosis mesenteric vessel,10043626,Gastrointestinal disorders
Thrombosis with thrombocytopenia syndrome,Thrombosis with thrombocytopenia syndrome,10086158,Vascular disorders
Thrombotic microangiopathy,Thrombotic microangiopathy,10043645,Vascular disorders
Thrombotic thrombocytopenic purpura,Thrombotic thrombocytopenic purpura,10043648,Blood and lymphatic system disorders
Thunderclap headache,Thunderclap headache,10075481,Nervous system disorders
Thymectomy,Thymectomy,10043661,Surgical and medical procedures
Thymic carcinoma,Thymic carcinoma,10087220,"Respiratory, thoracic and mediastinal disorders"
Thymoma malignant,Thymoma malignant,10061031,"Respiratory, thoracic and mediastinal disorders"
Thymus enlargement,Thymus enlargement,10065588,Blood and lymphatic system disorders
Thyroglobulin,Thyroglobulin,10061136,Investigations
Thyroglobulin increased,Thyroglobulin increased,10054010,Investigations
Thyroglobulin present,Thyroglobulin present,10054024,Investigations
Thyroid cancer,Thyroid cancer,10066474,Endocrine disorders
Thyroid cancer metastatic,Thyroid cancer metastatic,10055107,Endocrine disorders
Thyroid disorder,Thyroid disorder,10043709,Endocrine disorders
Thyroid function test,,,API_Error
Thyroid function test abnormal,Thyroid function test abnormal,10043730,Investigations
Thyroid function test normal,Thyroid function test normal,10043731,Investigations
Thyroid hormones decreased,Thyroid hormones decreased,10075803,Investigations
Thyroid hormones test,Thyroid hormones test,10086270,Investigations
Thyroid mass,Thyroid mass,10058900,Endocrine disorders
Thyroid neoplasm,Thyroid neoplasm,10043744,Endocrine disorders
Thyroid stimulating immunoglobulin,Thyroid stimulating immunoglobulin,10071388,Investigations
Thyroidectomy,Thyroidectomy,10062127,Surgical and medical procedures
Thyroiditis,Thyroiditis,10043778,Endocrine disorders
Thyroiditis subacute,Thyroiditis subacute,10043784,Endocrine disorders
Thyroxine,Thyroxine,10043813,Investigations
Thyroxine free,Thyroxine free,10055157,Investigations
Thyroxine free abnormal,Thyroxine free abnormal,10055158,Investigations
Thyroxine free decreased,Thyroxine free decreased,10055162,Investigations
Thyroxine free increased,Thyroxine free increased,10055163,Investigations
Thyroxine free normal,Thyroxine free normal,10055159,Investigations
Thyroxine increased,Thyroxine increased,10043818,Investigations
Thyroxine normal,Thyroxine normal,10043820,Investigations
Tic,Tic,10043833,Nervous system disorders
Tick removal,Tick removal,10085933,Surgical and medical procedures
Tilt table test,Tilt table test,10052700,Investigations
Tilt table test positive,Tilt table test positive,10072467,Investigations
Time perception altered,Time perception altered,10074073,Psychiatric disorders
Tinea infection,Tinea infection,10060889,Skin and subcutaneous tissue disorders
Tinel's sign,Tinel's sign,10052492,Nervous system disorders
Tinnitus,Tinnitus,10043882,Ear and labyrinth disorders
Tissue infiltration,Tissue infiltration,10080901,General disorders and administration site conditions
Tissue rupture,Tissue rupture,10080972,General disorders and administration site conditions
Tobacco abuse,Tobacco abuse,10043903,Psychiatric disorders
Toe walking,Toe walking,10068872,Musculoskeletal and connective tissue disorders
Tongue biting,Tongue biting,10050467,"Injury, poisoning and procedural complications"
Tongue blistering,Tongue blistering,10043942,Gastrointestinal disorders
Tongue coated,Tongue coated,10043945,Gastrointestinal disorders
Tongue discomfort,Tongue discomfort,10077855,Gastrointestinal disorders
Tongue disorder,Tongue disorder,10043951,Gastrointestinal disorders
Tongue dry,Tongue dry,10049713,Gastrointestinal disorders
Tongue eruption,Tongue eruption,10052002,Gastrointestinal disorders
Tongue erythema,Tongue erythema,10079075,Gastrointestinal disorders
Tongue movement disturbance,Tongue movement disturbance,10043963,Gastrointestinal disorders
Tongue neoplasm malignant stage unspecified,Tongue neoplasm malignant stage unspecified,10043966,"Neoplasms benign, malignant and unspecified (incl cysts and polyps)"
Tongue oedema,Tongue oedema,10043967,Immune system disorders
Tongue pruritus,Tongue pruritus,10070072,Gastrointestinal disorders
Tongue ulceration,Tongue ulceration,10043991,Gastrointestinal disorders
Tonic clonic movements,Tonic clonic movements,10051171,Nervous system disorders
Tonic convulsion,Tonic convulsion,10043994,Nervous system disorders
Tonsil cancer,Tonsil cancer,10044002,"Neoplasms benign, malignant and unspecified (incl cysts and polyps)"
Tonsillar erythema,Tonsillar erythema,10078256,"Respiratory, thoracic and mediastinal disorders"
Tonsillar exudate,Tonsillar exudate,10078257,"Respiratory, thoracic and mediastinal disorders"
Tonsillar hypertrophy,Tonsillar hypertrophy,10044003,"Respiratory, thoracic and mediastinal disorders"
Tonsillectomy,Tonsillectomy,10044006,Surgical and medical procedures
Tonsillitis,Tonsillitis,10044008,"Respiratory, thoracic and mediastinal disorders"
Tooth disorder,Tooth disorder,10044034,Gastrointestinal disorders
Tooth extraction,Tooth extraction,10062132,Surgical and medical procedures
Tooth fracture,Tooth fracture,10062544,Gastrointestinal disorders
Tooth infection,Tooth infection,10048762,Gastrointestinal disorders
Tooth injury,Tooth injury,10044043,Gastrointestinal disorders
Tooth loss,Tooth loss,10044044,Gastrointestinal disorders
Toothache,Toothache,10044055,Gastrointestinal disorders
Topography corneal,Topography corneal,10044059,Investigations
Torticollis,Torticollis,10044074,Musculoskeletal and connective tissue disorders
Total cholesterol/HDL ratio,Total cholesterol/HDL ratio,10058632,Investigations
Total cholesterol/HDL ratio normal,Total cholesterol/HDL ratio normal,10058634,Investigations
Total complement activity decreased,Total complement activity decreased,10077883,Investigations
Total lung capacity,Total lung capacity,10044097,Investigations
Total lung capacity abnormal,Total lung capacity abnormal,10044098,Investigations
Total lung capacity normal,Total lung capacity normal,10044102,Investigations
Tourette's disorder,Tourette's disorder,10044126,Psychiatric disorders
Toxic encephalopathy,Toxic encephalopathy,10044221,"Injury, poisoning and procedural complications"
Toxic nodular goitre,Toxic nodular goitre,10044242,Endocrine disorders
Toxicity to various agents,Toxicity to various agents,10070863,"Injury, poisoning and procedural complications"
Toxicologic test,Toxicologic test,10061384,Investigations
Toxicologic test normal,Toxicologic test normal,10061383,Investigations
Toxoplasma serology negative,Toxoplasma serology negative,10056299,Investigations
Tracheal dilation procedure,Tracheal dilation procedure,10078159,Surgical and medical procedures
Tracheal disorder,Tracheal disorder,10053490,"Respiratory, thoracic and mediastinal disorders"
Tracheostomy,Tracheostomy,10044320,Surgical and medical procedures
Transaminases increased,Transaminases increased,10054889,Investigations
Transcranial electrical motor evoked potential monitoring,Transcranial electrical motor evoked potential monitoring,10077471,Investigations
Transcription medication error,Transcription medication error,10076245,"Injury, poisoning and procedural complications"
Transcutaneous pacing,Transcutaneous pacing,10083519,Surgical and medical procedures
Transferrin,Transferrin,10044354,Investigations
Transferrin saturation,Transferrin saturation,10051007,Investigations
Transferrin saturation decreased,Transferrin saturation decreased,10050770,Investigations
Transferrin saturation increased,Transferrin saturation increased,10050771,Investigations
Transfusion,Transfusion,10066152,Surgical and medical procedures
Transient acantholytic dermatosis,Transient acantholytic dermatosis,10051446,Skin and subcutaneous tissue disorders
Transient global amnesia,Transient global amnesia,10044380,Nervous system disorders
Transient ischaemic attack,Transient ischaemic attack,10044390,Nervous system disorders
Transient lingual papillitis,Transient lingual papillitis,10079293,Gastrointestinal disorders
Transverse sinus thrombosis,Transverse sinus thrombosis,10044457,Vascular disorders
Traumatic fracture,Traumatic fracture,10049514,Musculoskeletal and connective tissue disorders
Traumatic heart injury,Traumatic heart injury,10085907,Cardiac disorders
Traumatic lung injury,Traumatic lung injury,10069363,Unknown
Traumatic tooth displacement,,,API_Error
Treatment failure,Treatment failure,10066901,General disorders and administration site conditions
Treatment noncompliance,Treatment noncompliance,10049414,"Injury, poisoning and procedural complications"
Tremor,Tremor,10044565,Nervous system disorders
Treponema test,Treponema test,10070401,Unknown
Treponema test negative,Treponema test negative,10070403,Unknown
Tri-iodothyronine,Tri-iodothyronine,10044591,Investigations
Tri-iodothyronine free,Tri-iodothyronine free,10053792,Investigations
Tri-iodothyronine free decreased,Tri-iodothyronine free decreased,10053791,Investigations
Tri-iodothyronine normal,Tri-iodothyronine normal,10044598,Investigations
Trichorrhexis,Trichorrhexis,10044625,Skin and subcutaneous tissue disorders
Tricuspid valve incompetence,Tricuspid valve incompetence,10044640,Cardiac disorders
Trigeminal nerve disorder,Trigeminal nerve disorder,10060890,Nervous system disorders
Trigeminal neuralgia,Trigeminal neuralgia,10044652,Nervous system disorders
Trigger finger,Trigger finger,10044654,Musculoskeletal and connective tissue disorders
Trigger points,Trigger points,10087554,Musculoskeletal and connective tissue disorders
Triple negative breast cancer,Triple negative breast cancer,10075566,"Neoplasms benign, malignant and unspecified (incl cysts and polyps)"
Triple positive breast cancer,Triple positive breast cancer,10083233,"Neoplasms benign, malignant and unspecified (incl cysts and polyps)"
Trismus,Trismus,10044684,Musculoskeletal and connective tissue disorders
Trisomy 18,Trisomy 18,10053884,Psychiatric disorders
Troponin,Troponin,10061576,Investigations
Troponin I,Troponin I,10050397,Investigations
Troponin I increased,Troponin I increased,10058268,Investigations
Troponin I normal,Troponin I normal,10073406,Investigations
Troponin T,Troponin T,10058266,Investigations
Troponin T increased,Troponin T increased,10058269,Investigations
Troponin T normal,Troponin T normal,10073407,Investigations
Troponin abnormal,Troponin abnormal,10084979,Investigations
Troponin increased,Troponin increased,10058267,Investigations
Troponin normal,Troponin normal,10071322,Investigations
Tryptase,Tryptase,10063240,Investigations
Tryptase increased,Tryptase increased,10063342,Investigations
Tuberculin test,Tuberculin test,10044726,Investigations
Tuberculin test negative,Tuberculin test negative,10044727,Investigations
Tuberculosis,Tuberculosis,10044755,Infections and infestations
Tubulointerstitial nephritis,Tubulointerstitial nephritis,10048302,Renal and urinary disorders
Tumour biopsy,Tumour biopsy,10088129,Investigations
Tumour excision,Tumour excision,10061392,Surgical and medical procedures
Tumour marker test,Tumour marker test,10062216,Investigations
Tunnel vision,Tunnel vision,10045178,Eye disorders
Twin pregnancy,Twin pregnancy,10045188,"Pregnancy, puerperium and perinatal conditions"
Twin reversed arterial perfusion sequence malformation,Twin reversed arterial perfusion sequence malformation,10073455,"Congenital, familial and genetic disorders"
Tympanic membrane disorder,Tympanic membrane disorder,10062218,Ear and labyrinth disorders
Tympanic membrane hyperaemia,Tympanic membrane hyperaemia,10052154,Ear and labyrinth disorders
Tympanic membrane perforation,Tympanic membrane perforation,10045210,Ear and labyrinth disorders
Tympanometry,Tympanometry,10045214,Investigations
Tympanometry abnormal,Tympanometry abnormal,10045215,Investigations
Type 1 diabetes mellitus,Type 1 diabetes mellitus,10067584,Metabolism and nutrition disorders
Type 2 diabetes mellitus,Type 2 diabetes mellitus,10067585,Metabolism and nutrition disorders
Type II hypersensitivity,Type II hypersensitivity,10054000,Immune system disorders
Type III immune complex mediated reaction,Type III immune complex mediated reaction,10053614,Immune system disorders
Type IV hypersensitivity reaction,Type IV hypersensitivity reaction,10053613,Immune system disorders
Typhus rickettsia test,Typhus rickettsia test,10070404,Investigations
Typical aura without headache,Typical aura without headache,10071669,Nervous system disorders
Ulcer,Ulcer,10045285,General disorders and administration site conditions
Ulcer haemorrhage,Ulcer haemorrhage,10061577,Vascular disorders
Ulcerative keratitis,Ulcerative keratitis,10064996,Immune system disorders
Ulnar nerve injury,Ulnar nerve injury,10045378,Nervous system disorders
Ultrasound Doppler,Ultrasound Doppler,10045412,Investigations
Ultrasound Doppler abnormal,Ultrasound Doppler abnormal,10045413,Investigations
Ultrasound Doppler normal,Ultrasound Doppler normal,10045414,Investigations
Ultrasound abdomen,Ultrasound abdomen,10052038,Investigations
Ultrasound abdomen abnormal,Ultrasound abdomen abnormal,10052039,Investigations
Ultrasound abdomen normal,Ultrasound abdomen normal,10052040,Investigations
Ultrasound antenatal screen,Ultrasound antenatal screen,10045399,Investigations
Ultrasound antenatal screen abnormal,Ultrasound antenatal screen abnormal,10045400,Investigations
Ultrasound antenatal screen normal,Ultrasound antenatal screen normal,10045401,Investigations
Ultrasound biliary tract,Ultrasound biliary tract,10064146,Investigations
Ultrasound bladder,Ultrasound bladder,10045406,Investigations
Ultrasound bladder normal,Ultrasound bladder normal,10045408,Investigations
Ultrasound breast,Ultrasound breast,10045409,Investigations
Ultrasound breast abnormal,Ultrasound breast abnormal,10045410,Investigations
Ultrasound breast normal,Ultrasound breast normal,10045411,Investigations
Ultrasound chest,Ultrasound chest,10052962,Investigations
Ultrasound head,Ultrasound head,10085915,Investigations
Ultrasound head abnormal,Ultrasound head abnormal,10085916,Investigations
Ultrasound head normal,Ultrasound head normal,10085917,Investigations
Ultrasound joint,Ultrasound joint,10063568,Investigations
Ultrasound joint abnormal,Ultrasound joint abnormal,10089008,Investigations
Ultrasound joint normal,Ultrasound joint normal,10089011,Investigations
Ultrasound kidney,Ultrasound kidney,10045421,Investigations
Ultrasound kidney abnormal,Ultrasound kidney abnormal,10045422,Investigations
Ultrasound kidney normal,Ultrasound kidney normal,10045423,Investigations
Ultrasound liver,Ultrasound liver,10045427,Investigations
Ultrasound liver elastography,Ultrasound liver elastography,10091050,Investigations
Ultrasound liver normal,Ultrasound liver normal,10045429,Investigations
Ultrasound lymph nodes,Ultrasound lymph nodes,10085635,Investigations
Ultrasound neck,Ultrasound neck,10089173,Investigations
Ultrasound pelvis,Ultrasound pelvis,10052041,Investigations
Ultrasound pelvis abnormal,Ultrasound pelvis abnormal,10052042,Investigations
Ultrasound scan,Ultrasound scan,10045434,Investigations
Ultrasound scan abnormal,Ultrasound scan abnormal,10061606,Investigations
Ultrasound scan normal,Ultrasound scan normal,10061607,Investigations
Ultrasound scan vagina,Ultrasound scan vagina,10045438,Investigations
Ultrasound spleen,Ultrasound spleen,10083327,Investigations
Ultrasound testes,Ultrasound testes,10058847,Investigations
Ultrasound testes normal,Ultrasound testes normal,10058864,Investigations
Ultrasound thyroid,Ultrasound thyroid,10049501,Investigations
Ultrasound thyroid abnormal,Ultrasound thyroid abnormal,10060987,Investigations
Ultrasound thyroid normal,,,API_Error
Umbilical hernia,Umbilical hernia,10045458,Gastrointestinal disorders
Umbilical hernia repair,Umbilical hernia repair,10045462,Surgical and medical procedures
Underdose,Underdose,10057362,"Injury, poisoning and procedural complications"
Undifferentiated connective tissue disease,Undifferentiated connective tissue disease,10071575,Musculoskeletal and connective tissue disorders
Unevaluable event,Unevaluable event,10062355,General disorders and administration site conditions
Unevaluable investigation,Unevaluable investigation,10070435,Investigations
Unexpected vaginal bleeding on hormonal IUD,Unexpected vaginal bleeding on hormonal IUD,10088030,Reproductive system and breast disorders
Unresponsive to stimuli,Unresponsive to stimuli,10045555,Nervous system disorders
Upper gastrointestinal haemorrhage,Upper gastrointestinal haemorrhage,10046274,Vascular disorders
Upper limb fracture,Upper limb fracture,10061394,Musculoskeletal and connective tissue disorders
Upper motor neurone lesion,Upper motor neurone lesion,10046298,Nervous system disorders
Upper respiratory tract congestion,Upper respiratory tract congestion,10052252,"Respiratory, thoracic and mediastinal disorders"
Upper respiratory tract infection,Upper respiratory tract infection,10046306,"Respiratory, thoracic and mediastinal disorders"
Upper-airway cough syndrome,Upper-airway cough syndrome,10070488,"Respiratory, thoracic and mediastinal disorders"
Ureteral disorder,Ureteral disorder,10062220,Renal and urinary disorders
Ureteral stent insertion,Ureteral stent insertion,10050307,Surgical and medical procedures
Ureteric cancer,Ureteric cancer,10046392,Renal and urinary disorders
Ureterolithiasis,Ureterolithiasis,10077989,Renal and urinary disorders
Urethrectomy,Urethrectomy,10070680,Surgical and medical procedures
Urethritis,Urethritis,10046480,Renal and urinary disorders
Urinary bladder haemorrhage,Urinary bladder haemorrhage,10046528,Vascular disorders
Urinary casts,Urinary casts,10046533,Investigations
Urinary cystectomy,Urinary cystectomy,10046537,Surgical and medical procedures
Urinary hesitation,Urinary hesitation,10046542,Renal and urinary disorders
Urinary incontinence,Urinary incontinence,10046543,Renal and urinary disorders
Urinary occult blood negative,Urinary occult blood negative,10084961,Investigations
Urinary occult blood positive,Urinary occult blood positive,10052287,Investigations
Urinary retention,Urinary retention,10046555,Renal and urinary disorders
Urinary sediment present,Urinary sediment present,10049821,Investigations
Urinary squamous epithelial cells increased,Urinary squamous epithelial cells increased,10088609,Investigations
Urinary system X-ray,Urinary system X-ray,10046558,Investigations
Urinary tract imaging,Urinary tract imaging,10087035,Investigations
Urinary tract infection,Urinary tract infection,10046571,Infections and infestations
Urinary tract pain,Urinary tract pain,10062225,Renal and urinary disorders
Urine abnormality,Urine abnormality,10046607,Renal and urinary disorders
Urine albumin/creatinine ratio,Urine albumin/creatinine ratio,10053542,Investigations
Urine analysis,Urine analysis,10046614,Investigations
Urine analysis abnormal,Urine analysis abnormal,10062226,Investigations
Urine analysis normal,Urine analysis normal,10061578,Investigations
Urine bilirubin decreased,Urine bilirubin decreased,10056614,Investigations
Urine ketone body absent,Urine ketone body absent,10057596,Investigations
Urine ketone body present,Urine ketone body present,10057597,Investigations
Urine odour abnormal,Urine odour abnormal,10057135,Renal and urinary disorders
Urine output,Urine output,10059894,Investigations
Urine output decreased,Urine output decreased,10059895,Investigations
Urine protein/creatinine ratio,Urine protein/creatinine ratio,10053537,Investigations
Urobilinogen urine,Urobilinogen urine,10059506,Investigations
Urobilinogen urine decreased,Urobilinogen urine decreased,10070480,Investigations
Urobilinogen urine increased,Urobilinogen urine increased,10070479,Investigations
Urodynamics measurement,Urodynamics measurement,10052685,Investigations
Urogram,Urogram,10065096,Investigations
Urological examination,Urological examination,10052684,Investigations
Urticaria,Urticaria,10046735,Skin and subcutaneous tissue disorders
Urticaria cholinergic,Urticaria cholinergic,10046740,Skin and subcutaneous tissue disorders
Urticaria chronic,Urticaria chronic,10052568,Skin and subcutaneous tissue disorders
Urticaria papular,Urticaria papular,10046750,Skin and subcutaneous tissue disorders
Urticaria thermal,Urticaria thermal,10061399,Skin and subcutaneous tissue disorders
Urticarial vasculitis,Urticarial vasculitis,10048820,Immune system disorders
Use of accessory respiratory muscles,Use of accessory respiratory muscles,10069555,"Respiratory, thoracic and mediastinal disorders"
Uterine cancer,Uterine cancer,10046766,Reproductive system and breast disorders
Uterine contractions during pregnancy,Uterine contractions during pregnancy,10049975,"Pregnancy, puerperium and perinatal conditions"
Uterine dilation and curettage,Uterine dilation and curettage,10057304,Surgical and medical procedures
Uterine enlargement,Uterine enlargement,10046782,Reproductive system and breast disorders
Uterine haemorrhage,Uterine haemorrhage,10046788,Vascular disorders
Uterine irritability,Uterine irritability,10079224,"Pregnancy, puerperium and perinatal conditions"
Uterine leiomyoma,Uterine leiomyoma,10046798,Reproductive system and breast disorders
Uterine mass,Uterine mass,10062662,Reproductive system and breast disorders
Uterine spasm,Uterine spasm,10046823,Reproductive system and breast disorders
Uveitis,Uveitis,10046851,Immune system disorders
Uvulitis,Uvulitis,10051962,Gastrointestinal disorders
VIth nerve paralysis,VIth nerve paralysis,10047641,Eye disorders
Vaccination complication,Vaccination complication,10046861,"Injury, poisoning and procedural complications"
Vaccination error,Vaccination error,10063972,"Injury, poisoning and procedural complications"
Vaccination failure,Vaccination failure,10046862,"Injury, poisoning and procedural complications"
Vaccination site abscess,Vaccination site abscess,10069556,Infections and infestations
Vaccination site atrophy,Vaccination site atrophy,10076155,"Injury, poisoning and procedural complications"
Vaccination site bruising,Vaccination site bruising,10069484,"Injury, poisoning and procedural complications"
Vaccination site cellulitis,Vaccination site cellulitis,10069559,"Injury, poisoning and procedural complications"
Vaccination site cyst,Vaccination site cyst,10076158,"Neoplasms benign, malignant and unspecified (incl cysts and polyps)"
Vaccination site discharge,Vaccination site discharge,10069560,"Injury, poisoning and procedural complications"
Vaccination site discolouration,Vaccination site discolouration,10069474,Skin and subcutaneous tissue disorders
Vaccination site discomfort,Vaccination site discomfort,10069478,"Injury, poisoning and procedural complications"
Vaccination site dryness,Vaccination site dryness,10076159,Skin and subcutaneous tissue disorders
Vaccination site erythema,Vaccination site erythema,10059079,Skin and subcutaneous tissue disorders
Vaccination site eschar,Vaccination site eschar,10069561,"Injury, poisoning and procedural complications"
Vaccination site haemorrhage,Vaccination site haemorrhage,10069475,Vascular disorders
Vaccination site induration,Vaccination site induration,10065117,"Injury, poisoning and procedural complications"
Vaccination site infection,Vaccination site infection,10068877,Infections and infestations
Vaccination site inflammation,Vaccination site inflammation,10068878,"Injury, poisoning and procedural complications"
Vaccination site injury,Vaccination site injury,10076169,"Injury, poisoning and procedural complications"
Vaccination site irritation,Vaccination site irritation,10069479,"Injury, poisoning and procedural complications"
Vaccination site joint erythema,Vaccination site joint erythema,10076177,"Injury, poisoning and procedural complications"
Vaccination site macule,Vaccination site macule,10076181,Skin and subcutaneous tissue disorders
Vaccination site mass,Vaccination site mass,10076182,"Injury, poisoning and procedural complications"
Vaccination site movement impairment,Vaccination site movement impairment,10076183,"Injury, poisoning and procedural complications"
Vaccination site nodule,Vaccination site nodule,10069616,Skin and subcutaneous tissue disorders
Vaccination site pain,Vaccination site pain,10068879,"Injury, poisoning and procedural complications"
Vaccination site pruritus,Vaccination site pruritus,10068881,Skin and subcutaneous tissue disorders
Vaccination site pustule,Vaccination site pustule,10066047,"Injury, poisoning and procedural complications"
Vaccination site rash,Vaccination site rash,10069482,Skin and subcutaneous tissue disorders
Vaccination site reaction,Vaccination site reaction,10059080,"Injury, poisoning and procedural complications"
Vaccination site scab,Vaccination site scab,10069618,Skin and subcutaneous tissue disorders
Vaccination site swelling,Vaccination site swelling,10069620,"Injury, poisoning and procedural complications"
Vaccination site urticaria,Vaccination site urticaria,10069622,"Injury, poisoning and procedural complications"
Vaccination site vesicles,Vaccination site vesicles,10069623,Skin and subcutaneous tissue disorders
Vaccination site warmth,Vaccination site warmth,10069624,"Injury, poisoning and procedural complications"
Vaccine breakthrough infection,Vaccine breakthrough infection,10067923,"Injury, poisoning and procedural complications"
Vaccine interaction,Vaccine interaction,10088119,General disorders and administration site conditions
Vaccine positive rechallenge,Vaccine positive rechallenge,10066903,"Injury, poisoning and procedural complications"
Vaginal discharge,Vaginal discharge,10046901,Reproductive system and breast disorders
Vaginal haemorrhage,Vaginal haemorrhage,10046910,Reproductive system and breast disorders
Vaginal lesion,Vaginal lesion,10048937,Reproductive system and breast disorders
Vaginal ulceration,Vaginal ulceration,10046943,Reproductive system and breast disorders
Vagus nerve disorder,Vagus nerve disorder,10061403,Nervous system disorders
Varicella,Varicella,10046980,Skin and subcutaneous tissue disorders
Varicella post vaccine,Varicella post vaccine,10063522,Infections and infestations
Varicella virus test,Varicella virus test,10070444,Investigations
Varicella virus test negative,Varicella virus test negative,10070445,Investigations
Varicella virus test positive,Varicella virus test positive,10070214,Investigations
Varicella zoster pneumonia,Varicella zoster pneumonia,10074254,Infections and infestations
Varicella zoster viraemia,Varicella zoster viraemia,10087746,Infections and infestations
Varicella zoster virus infection,Varicella zoster virus infection,10075611,Infections and infestations
Varicose vein,Varicose vein,10046996,Vascular disorders
Vascular dementia,Vascular dementia,10057678,Vascular disorders
Vascular device infection,Vascular device infection,10080714,Infections and infestations
Vascular endothelial growth factor assay,Vascular endothelial growth factor assay,10071597,Investigations
Vascular graft,Vascular graft,10067740,Surgical and medical procedures
Vascular imaging,Vascular imaging,10052677,Investigations
Vascular injury,Vascular injury,10047080,Vascular disorders
Vascular pain,Vascular pain,10047095,Vascular disorders
Vascular rupture,Vascular rupture,10053649,Vascular disorders
Vascular test,Vascular test,10062172,Investigations
Vasculitic rash,Vasculitic rash,10047111,Immune system disorders
Vasculitis,Vasculitis,10047115,Vascular disorders
Vasodilatation,Vasodilatation,10047141,Vascular disorders
Vein discolouration,Vein discolouration,10047183,Vascular disorders
Vein disorder,Vein disorder,10047184,Vascular disorders
Vena cava filter insertion,Vena cava filter insertion,10048932,Surgical and medical procedures
Venogram,Venogram,10047208,Investigations
Venogram abnormal,Venogram abnormal,10047209,Investigations
Venogram normal,Venogram normal,10047210,Investigations
Venous injury,Venous injury,10047228,Vascular disorders
Venous occlusion,Venous occlusion,10058990,Vascular disorders
Venous oxygen saturation,Venous oxygen saturation,10068425,Investigations
Venous oxygen saturation decreased,Venous oxygen saturation decreased,10068427,Investigations
Venous oxygen saturation normal,Venous oxygen saturation normal,10068474,Investigations
Ventilation perfusion mismatch,Ventilation perfusion mismatch,10069675,"Respiratory, thoracic and mediastinal disorders"
Ventilation/perfusion scan,Ventilation/perfusion scan,10047264,Investigations
Ventilation/perfusion scan abnormal,Ventilation/perfusion scan abnormal,10047265,Investigations
Ventilation/perfusion scan normal,Ventilation/perfusion scan normal,10047266,Investigations
Ventricular arrhythmia,Ventricular arrhythmia,10047281,Cardiac disorders
Ventricular assist device insertion,Ventricular assist device insertion,10052371,Surgical and medical procedures
Ventricular cisternostomy,Ventricular cisternostomy,10047286,Surgical and medical procedures
Ventricular drainage,Ventricular drainage,10052947,Surgical and medical procedures
Ventricular extrasystoles,Ventricular extrasystoles,10047289,Cardiac disorders
Ventricular fibrillation,Ventricular fibrillation,10047290,Cardiac disorders
Ventricular hypertrophy,Ventricular hypertrophy,10047295,Cardiac disorders
Ventricular hypokinesia,Ventricular hypokinesia,10050510,Cardiac disorders
Ventricular tachycardia,Ventricular tachycardia,10047302,Cardiac disorders
Ventriculo-peritoneal shunt,Ventriculo-peritoneal shunt,10047304,Surgical and medical procedures
Vertebral artery occlusion,Vertebral artery occlusion,10048965,Nervous system disorders
Vertebral artery stenosis,Vertebral artery stenosis,10047330,Nervous system disorders
Vertebral foraminal stenosis,Vertebral foraminal stenosis,10069690,Nervous system disorders
Vertebral osteophyte,Vertebral osteophyte,10055042,Musculoskeletal and connective tissue disorders
Vertebrobasilar insufficiency,Vertebrobasilar insufficiency,10047334,Nervous system disorders
Vertebrobasilar stroke,Vertebrobasilar stroke,10082484,Nervous system disorders
Vertebroplasty,Vertebroplasty,10063565,Surgical and medical procedures
Vertigo,Vertigo,10047340,Nervous system disorders
Vertigo positional,Vertigo positional,10047348,Nervous system disorders
Vestibular disorder,Vestibular disorder,10047386,Nervous system disorders
Vestibular function test,Vestibular function test,10047389,Investigations
Vestibular function test abnormal,Vestibular function test abnormal,10047390,Investigations
Vestibular function test normal,Vestibular function test normal,10047391,Investigations
Vestibular migraine,Vestibular migraine,10077920,Ear and labyrinth disorders
Vestibular neuronitis,Vestibular neuronitis,10047393,Ear and labyrinth disorders
Vestibular nystagmus,Vestibular nystagmus,10068101,Ear and labyrinth disorders
Vibration test,Vibration test,10059098,Investigations
Victim of child abuse,Victim of child abuse,10047401,Social circumstances
Victim of crime,Victim of crime,10061409,Social circumstances
Viral cardiomyopathy,Viral cardiomyopathy,10068767,Infections and infestations
Viral diarrhoea,Viral diarrhoea,10051511,Infections and infestations
Viral infection,Viral infection,10047461,Infections and infestations
Viral load increased,Viral load increased,10062180,Investigations
Viral myocarditis,Viral myocarditis,10047470,Infections and infestations
Viral pharyngitis,Viral pharyngitis,10047473,Infections and infestations
Viral rash,Viral rash,10047476,Infections and infestations
Viral test,Viral test,10062358,Investigations
Viral test negative,Viral test negative,10062362,Investigations
Viral test positive,Viral test positive,10059424,Investigations
Viral titre decreased,Viral titre decreased,10070251,Investigations
Viral upper respiratory tract infection,Viral upper respiratory tract infection,10047482,Infections and infestations
Vision blurred,Vision blurred,10047513,Eye disorders
Visual acuity reduced,Visual acuity reduced,10047531,Eye disorders
Visual acuity tests,Visual acuity tests,10047533,Investigations
Visual acuity tests abnormal,Visual acuity tests abnormal,10047534,Investigations
Visual brightness,Visual brightness,10049155,Eye disorders
Visual field defect,Visual field defect,10047555,Eye disorders
Visual field tests,Visual field tests,10047566,Investigations
Visual field tests normal,Visual field tests normal,10047568,Investigations
Visual impairment,Visual impairment,10047571,Eye disorders
Visual tracking test abnormal,Visual tracking test abnormal,10057515,Investigations
Vital functions abnormal,Vital functions abnormal,10063644,Investigations
Vital signs measurement,Vital signs measurement,10072952,Investigations
Vitamin A,Vitamin A,10050712,Investigations
Vitamin A deficiency,Vitamin A deficiency,10047586,Metabolism and nutrition disorders
Vitamin A normal,Vitamin A normal,10062186,Investigations
Vitamin B1,Vitamin B1,10058766,Investigations
Vitamin B12,Vitamin B12,10047602,Investigations
Vitamin B12 decreased,Vitamin B12 decreased,10047608,Investigations
Vitamin B12 deficiency,Vitamin B12 deficiency,10047609,Metabolism and nutrition disorders
Vitamin B12 increased,Vitamin B12 increased,10047610,Investigations
Vitamin B12 normal,Vitamin B12 normal,10047611,Investigations
Vitamin B6,Vitamin B6,10047613,Investigations
Vitamin B6 normal,Vitamin B6 normal,10047619,Investigations
Vitamin C,Vitamin C,10047620,Investigations
Vitamin C normal,Vitamin C normal,10047625,Investigations
Vitamin D,Vitamin D,10050713,Investigations
Vitamin D decreased,Vitamin D decreased,10062189,Investigations
Vitamin D deficiency,Vitamin D deficiency,10047626,Metabolism and nutrition disorders
Vitamin E,Vitamin E,10058765,Investigations
Vitamin K deficiency,Vitamin K deficiency,10047634,Metabolism and nutrition disorders
Vitamin test,Vitamin test,10088154,Investigations
Vitiligo,Vitiligo,10047642,Skin and subcutaneous tissue disorders
Vitrectomy,Vitrectomy,10047644,Surgical and medical procedures
Vitreous degeneration,Vitreous degeneration,10047649,Eye disorders
Vitreous detachment,Vitreous detachment,10047650,Eye disorders
Vitreous floaters,Vitreous floaters,10047654,Eye disorders
Vitreous haemorrhage,Vitreous haemorrhage,10047655,Vascular disorders
Vocal cord disorder,Vocal cord disorder,10061581,"Respiratory, thoracic and mediastinal disorders"
Vocal cord paralysis,Vocal cord paralysis,10047674,"Respiratory, thoracic and mediastinal disorders"
Vomiting,Vomiting,10047700,Gastrointestinal disorders
Vomiting projectile,Vomiting projectile,10047708,Gastrointestinal disorders
Von Willebrand's disease,Von Willebrand's disease,10047715,Blood and lymphatic system disorders
Von Willebrand's factor activity test,Von Willebrand's factor activity test,10068985,Investigations
Von Willebrand's factor antigen test,Von Willebrand's factor antigen test,10068988,Investigations
Von Willebrand's factor multimers abnormal,Von Willebrand's factor multimers abnormal,10055165,Investigations
Vulval cancer,Vulval cancer,10047741,Reproductive system and breast disorders
Vulval ulceration,Vulval ulceration,10047768,Reproductive system and breast disorders
Vulvitis,Vulvitis,10047780,Infections and infestations
Vulvovaginal burning sensation,Vulvovaginal burning sensation,10067641,Reproductive system and breast disorders
Vulvovaginal dryness,Vulvovaginal dryness,10047791,Reproductive system and breast disorders
Vulvovaginal mycotic infection,Vulvovaginal mycotic infection,10064899,Infections and infestations
Vulvovaginal pain,Vulvovaginal pain,10069055,Reproductive system and breast disorders
Vulvovaginal pruritus,Vulvovaginal pruritus,10056530,Reproductive system and breast disorders
Vulvovaginal swelling,Vulvovaginal swelling,10071211,Reproductive system and breast disorders
Vulvovaginal ulceration,Vulvovaginal ulceration,10050181,Reproductive system and breast disorders
Walking aid user,Walking aid user,10050778,Social circumstances
Wearable defibrillator therapy,,,Unmapped
Weight,Weight,10047890,Investigations
Weight bearing difficulty,Weight bearing difficulty,10066454,Musculoskeletal and connective tissue disorders
Weight decreased,Weight decreased,10047895,Investigations
Weight fluctuation,Weight fluctuation,10049040,Metabolism and nutrition disorders
Weight gain poor,Weight gain poor,10047897,Metabolism and nutrition disorders
Weight increased,Weight increased,10047899,Investigations
Wernicke's encephalopathy,Wernicke's encephalopathy,10047911,Metabolism and nutrition disorders
West Nile virus test,West Nile virus test,10075808,Investigations
West Nile virus test negative,West Nile virus test negative,10068813,Investigations
Wheelchair user,Wheelchair user,10047920,Social circumstances
Wheezing,Wheezing,10047924,"Respiratory, thoracic and mediastinal disorders"
White blood cell analysis,White blood cell analysis,10059478,Investigations
White blood cell count,White blood cell count,10047939,Investigations
White blood cell count abnormal,White blood cell count abnormal,10047940,Investigations
White blood cell count decreased,White blood cell count decreased,10047942,Investigations
White blood cell count increased,White blood cell count increased,10047943,Investigations
White blood cell count normal,White blood cell count normal,10047944,Investigations
White blood cell scan,White blood cell scan,10051726,Investigations
White blood cells stool negative,White blood cells stool negative,10047962,Investigations
White blood cells urine,White blood cells urine,10050663,Investigations
White blood cells urine abnormal,White blood cells urine abnormal,10089687,Investigations
White blood cells urine negative,White blood cells urine negative,10047965,Investigations
White blood cells urine positive,White blood cells urine positive,10047967,Investigations
White matter lesion,White matter lesion,10072731,Nervous system disorders
Whole body scan,Whole body scan,10062151,Investigations
Whole-genome sequencing,Whole-genome sequencing,10086504,Investigations
Winged scapula,Winged scapula,10067628,Musculoskeletal and connective tissue disorders
Wound,Wound,10052428,"Injury, poisoning and procedural complications"
Wound cellulitis,Wound cellulitis,10088486,Infections and infestations
Wound closure,Wound closure,10057679,Surgical and medical procedures
Wound dehiscence,Wound dehiscence,10048031,"Injury, poisoning and procedural complications"
Wound necrosis,Wound necrosis,10053716,"Injury, poisoning and procedural complications"
Wound secretion,Wound secretion,10048629,"Injury, poisoning and procedural complications"
Wrist fracture,Wrist fracture,10048049,Musculoskeletal and connective tissue disorders
Wrist surgery,Wrist surgery,10051062,Surgical and medical procedures
Wrong patient,Wrong patient,10084399,"Injury, poisoning and procedural complications"
Wrong patient received product,Wrong patient received product,10081577,"Injury, poisoning and procedural complications"
Wrong product administered,Wrong product administered,10081579,"Injury, poisoning and procedural complications"
Wrong technique in device usage process,Wrong technique in device usage process,10077040,"Injury, poisoning and procedural complications"
Wrong technique in product usage process,Wrong technique in product usage process,10076573,"Injury, poisoning and procedural complications"
X-ray,X-ray,10048064,Investigations
X-ray abnormal,X-ray abnormal,10048065,Investigations
X-ray dental normal,X-ray dental normal,10079994,Investigations
X-ray gastrointestinal tract,X-ray gastrointestinal tract,10061583,Investigations
X-ray limb,X-ray limb,10061585,Investigations
X-ray limb abnormal,X-ray limb abnormal,10061586,Investigations
X-ray limb normal,X-ray limb normal,10061587,Investigations
X-ray normal,X-ray normal,10048067,Investigations
X-ray of pelvis and hip,X-ray of pelvis and hip,10048159,Investigations
X-ray of pelvis and hip abnormal,X-ray of pelvis and hip abnormal,10048160,Investigations
X-ray of pelvis and hip normal,X-ray of pelvis and hip normal,10048161,Investigations
X-ray with contrast upper gastrointestinal tract,X-ray with contrast upper gastrointestinal tract,10048210,Investigations
Xerosis,Xerosis,10048222,General disorders and administration site conditions
Yawning,Yawning,10048232,"Respiratory, thoracic and mediastinal disorders"
Yellow skin,Yellow skin,10048245,Skin and subcutaneous tissue disorders
Yersinia test negative,Yersinia test negative,10070406,Investigations
Zoster sine herpete,Zoster sine herpete,10090802,Infections and infestations
pH body fluid,pH body fluid,10061346,Investigations
pH urine decreased,pH urine decreased,10034793,Investigations
pH urine increased,pH urine increased,10034795,Investigations
pH urine normal,pH urine normal,10034797,Investigations
Lyme carditis,Lyme carditis,10078417,Cardiac disorders
Congenital absence of bile ducts,Congenital absence of bile ducts,10010317,"Congenital, familial and genetic disorders"
Gestational hypertension,Gestational hypertension,10070538,Vascular disorders
Scrotal oedema,Scrotal oedema,10039755,Reproductive system and breast disorders
Montreal cognitive assessment abnormal,Montreal cognitive assessment abnormal,10084205,Investigations
Reflux laryngitis,Reflux laryngitis,10067869,"Respiratory, thoracic and mediastinal disorders"
Corrective lens user,Corrective lens user,10050858,Social circumstances
Basilar artery occlusion,Basilar artery occlusion,10048963,Nervous system disorders
Head impulse test,Head impulse test,10086191,Investigations
Sphincter of Oddi dysfunction,Sphincter of Oddi dysfunction,10066424,Gastrointestinal disorders
Cogwheel rigidity,Cogwheel rigidity,10009848,Musculoskeletal and connective tissue disorders
Hernia pain,Hernia pain,10049077,General disorders and administration site conditions
Tri-iodothyronine abnormal,Tri-iodothyronine abnormal,10044592,Investigations
Kaposi's sarcoma,Kaposi's sarcoma,10023284,"Neoplasms benign, malignant and unspecified (incl cysts and polyps)"
Hypofibrinogenaemia,Hypofibrinogenaemia,10051125,Blood and lymphatic system disorders
Vascular stent thrombosis,Vascular stent thrombosis,10063934,General disorders and administration site conditions
Renal atrophy,Renal atrophy,10038381,Renal and urinary disorders
Testicular oedema,Testicular oedema,10066769,Reproductive system and breast disorders
Abnormal sensation in eye,Abnormal sensation in eye,10000173,Eye disorders
Seizure cluster,Seizure cluster,10071350,Nervous system disorders
Blood osmolarity,Blood osmolarity,10005693,Investigations
DNA mismatch repair protein gene mutation,DNA mismatch repair protein gene mutation,10078672,"Congenital, familial and genetic disorders"
Heart valve operation,Heart valve operation,10061994,Surgical and medical procedures
Hydrocele,Hydrocele,10020488,"Congenital, familial and genetic disorders"
Cutaneous T-cell lymphoma stage I,Cutaneous T-cell lymphoma stage I,10011680,Skin and subcutaneous tissue disorders
Weight abnormal,Weight abnormal,10056814,Investigations
Optic disc oedema,,,Unmapped
Thermal burn,Thermal burn,10053615,"Injury, poisoning and procedural complications"
Staphylococcal scalded skin syndrome,Staphylococcal scalded skin syndrome,10041929,Infections and infestations
Herpes zoster meningoencephalitis,Herpes zoster meningoencephalitis,10074248,Infections and infestations
Organ transplant,Organ transplant,10061890,Surgical and medical procedures
Telangiectasia,Telangiectasia,10043189,Vascular disorders
Muscle strength abnormal,Muscle strength abnormal,10082799,Investigations
Gottron's papules,,,API_Error
Neurosarcoidosis,Neurosarcoidosis,10078011,Immune system disorders
Intracranial arterial fenestration,Intracranial arterial fenestration,10077285,"Congenital, familial and genetic disorders"
Lupus vulgaris,Lupus vulgaris,10025143,Skin and subcutaneous tissue disorders
Abnormal organ growth,Abnormal organ growth,10079750,"Pregnancy, puerperium and perinatal conditions"
Portoenterostomy,Portoenterostomy,10036207,Surgical and medical procedures
Infection susceptibility increased,Infection susceptibility increased,10021866,Immune system disorders
Anti factor VIII antibody test,Anti factor VIII antibody test,10068229,Investigations
Seborrhoea,Seborrhoea,10039792,Skin and subcutaneous tissue disorders
Cancer with a high tumour mutational burden,Cancer with a high tumour mutational burden,10085091,"Neoplasms benign, malignant and unspecified (incl cysts and polyps)"
Myopic chorioretinal degeneration,Myopic chorioretinal degeneration,10079959,Eye disorders
Foetal non-stress test abnormal,Foetal non-stress test abnormal,10071516,Investigations
Paroxysmal dyskinesia,,,Unmapped
Scalloped tongue,Scalloped tongue,10074686,Gastrointestinal disorders
Echolalia,Echolalia,10014127,Nervous system disorders
Pulmonary resection,Pulmonary resection,10077488,Surgical and medical procedures
Creatine kinase increased,Creatine kinase increased,10011336,Unknown
IL-2 receptor assay,IL-2 receptor assay,10071599,Investigations
Brain stem thrombosis,Brain stem thrombosis,10062573,Vascular disorders
Mycoplasma test,Mycoplasma test,10070411,Investigations
Arteriovenous fistula,Arteriovenous fistula,10003226,Vascular disorders
Infarction,Infarction,10061216,Vascular disorders
VIth nerve disorder,VIth nerve disorder,10053646,Eye disorders
Oral allergy syndrome,Oral allergy syndrome,10068355,Immune system disorders
Vasogenic cerebral oedema,Vasogenic cerebral oedema,10067275,Nervous system disorders
Antiacetylcholine receptor antibody positive,Antiacetylcholine receptor antibody positive,10049144,Investigations
Post cholecystectomy syndrome,Post cholecystectomy syndrome,10057229,Gastrointestinal disorders
Rectal tenesmus,Rectal tenesmus,10057071,Musculoskeletal and connective tissue disorders
Cardio-respiratory distress,Cardio-respiratory distress,10049874,"Respiratory, thoracic and mediastinal disorders"
Physical product label issue,Physical product label issue,10069272,Product issues
Complement factor C3 decreased,Complement factor C3 decreased,10050981,Investigations
Bone graft,Bone graft,10005971,Surgical and medical procedures
Vaccination site haematoma,Vaccination site haematoma,10069472,Vascular disorders
Human epidermal growth factor receptor test,Human epidermal growth factor receptor test,10088659,Investigations
Mini mental status examination normal,Mini mental status examination normal,10065425,Investigations
Perfusion brain scan,Perfusion brain scan,10079705,Investigations
Anaplastic thyroid cancer,Anaplastic thyroid cancer,10002240,Endocrine disorders
Breast hyperplasia,Breast hyperplasia,10006256,Reproductive system and breast disorders
Tissue transglutaminase IgA antibody test,,,Unmapped
Plasmacytoma,Plasmacytoma,10035484,"Neoplasms benign, malignant and unspecified (incl cysts and polyps)"
Spinal instability,Spinal instability,10076339,Musculoskeletal and connective tissue disorders
Spirometry normal,,,API_Error
Arteriotomy,Arteriotomy,10078636,Surgical and medical procedures
Intestinal resection,Intestinal resection,10054193,Surgical and medical procedures
Biopsy vagina normal,Biopsy vagina normal,10004902,Investigations
Fluorescence angiogram normal,Fluorescence angiogram normal,10083088,Investigations
Anti-zinc transporter 8 antibody positive,Anti-zinc transporter 8 antibody positive,10072530,Investigations
Cardiac tamponade,Cardiac tamponade,10007610,Cardiac disorders
Renal artery thrombosis,Renal artery thrombosis,10038380,Renal and urinary disorders
Brain cancer metastatic,Brain cancer metastatic,10055093,"Neoplasms benign, malignant and unspecified (incl cysts and polyps)"
Blood smear test,Blood smear test,10059655,Investigations
Nephropathy toxic,Nephropathy toxic,10029155,"Injury, poisoning and procedural complications"
Cataract operation,Cataract operation,10063797,Surgical and medical procedures
Intercepted product selection error,Intercepted product selection error,10076544,"Injury, poisoning and procedural complications"
Muscle enzyme increased,Muscle enzyme increased,10057945,Investigations
Ovarian cancer metastatic,Ovarian cancer metastatic,10057529,"Neoplasms benign, malignant and unspecified (incl cysts and polyps)"
Paranasal sinus hyposecretion,Paranasal sinus hyposecretion,10080046,"Respiratory, thoracic and mediastinal disorders"
Tight hamstring syndrome,Tight hamstring syndrome,10086324,Nervous system disorders
Hepatic cancer recurrent,Hepatic cancer recurrent,10073070,"Neoplasms benign, malignant and unspecified (incl cysts and polyps)"
Bone debridement,Bone debridement,10057612,Surgical and medical procedures
H3N2 influenza,H3N2 influenza,10081286,Infections and infestations
Bladder pain,Bladder pain,10005063,Renal and urinary disorders
VIIIth nerve injury,VIIIth nerve injury,10047409,Nervous system disorders
Myoglobin urine present,Myoglobin urine present,10028631,Investigations
Coombs test positive,Coombs test positive,10061090,Investigations
Retinal exudates,Retinal exudates,10038862,Metabolism and nutrition disorders
Soft tissue sarcoma,Soft tissue sarcoma,10075333,"Neoplasms benign, malignant and unspecified (incl cysts and polyps)"
Paranasal sinus inflammation,Paranasal sinus inflammation,10083836,"Respiratory, thoracic and mediastinal disorders"
PIK3CA-activated mutation,PIK3CA-activated mutation,10081234,"Congenital, familial and genetic disorders"
RET gene fusion test,RET gene fusion test,10089319,Investigations
Visual acuity tests normal,Visual acuity tests normal,10047537,Investigations
Unknown schedule of product administration,Unknown schedule of product administration,10086764,"Injury, poisoning and procedural complications"
Sterile pyuria,Sterile pyuria,10042010,Renal and urinary disorders
Apraxia,Apraxia,10003062,Nervous system disorders
Fat tissue decreased,Fat tissue decreased,10073170,General disorders and administration site conditions
Anal rash,Anal rash,10084123,Skin and subcutaneous tissue disorders
Terminal state,Terminal state,10048669,General disorders and administration site conditions
Small intestinal intussusception reduction,Small intestinal intussusception reduction,10041099,Surgical and medical procedures
Albumin CSF,Albumin CSF,10059953,Investigations
Androgen receptor assay,Androgen receptor assay,10071594,Investigations
Rhinitis allergic,Rhinitis allergic,10039085,"Respiratory, thoracic and mediastinal disorders"
Barium enema,Barium enema,10004115,Investigations
Blood homocysteine increased,Blood homocysteine increased,10049733,Investigations
Blood phosphorus increased,Blood phosphorus increased,10050196,Investigations
Anti-IA2 antibody positive,Anti-IA2 antibody positive,10072498,Investigations
HLA-B*27 positive,HLA-B*27 positive,10078451,Investigations
Herpes zoster pharyngitis,Herpes zoster pharyngitis,10074245,Infections and infestations
Sympathomimetic effect,Sympathomimetic effect,10062119,General disorders and administration site conditions
Protrusion tongue,Protrusion tongue,10037076,Gastrointestinal disorders
Colon cancer,Colon cancer,10009944,"Neoplasms benign, malignant and unspecified (incl cysts and polyps)"
CSF virus identified,CSF virus identified,10061800,Investigations
Joint stabilisation,Joint stabilisation,10060788,Surgical and medical procedures
Donor specific antibody present,Donor specific antibody present,10075992,Investigations
Fibroadenoma of breast,Fibroadenoma of breast,10016613,"Neoplasms benign, malignant and unspecified (incl cysts and polyps)"
Pericarditis constrictive,Pericarditis constrictive,10034487,Cardiac disorders
Hypoaesthesia eye,Hypoaesthesia eye,10020939,Eye disorders
Wrong drug,Wrong drug,10080306,"Injury, poisoning and procedural complications"
Sedation,Sedation,10039897,Nervous system disorders
Coronary artery thrombectomy,,,Unmapped
Peripheral artery occlusion,Peripheral artery occlusion,10057525,Vascular disorders
Retinal degeneration,Retinal degeneration,10038845,Eye disorders
Retroperitoneal lymphadenopathy,Retroperitoneal lymphadenopathy,10067015,Blood and lymphatic system disorders
Colon cancer metastatic,Colon cancer metastatic,10055114,"Neoplasms benign, malignant and unspecified (incl cysts and polyps)"
Extradural abscess,Extradural abscess,10061846,Infections and infestations
Granulocyte percentage,Granulocyte percentage,10068913,Investigations
Eosinophil cationic protein increased,Eosinophil cationic protein increased,10060704,Investigations
Phosphorylated tau increased,,,Unmapped
Abdominal lymphadenopathy,Abdominal lymphadenopathy,10073485,Blood and lymphatic system disorders
Product storage issue,,,Unmapped
Autoimmune thyroid disorder,Autoimmune thyroid disorder,10079165,Endocrine disorders
Hyper IgE syndrome,Hyper IgE syndrome,10051040,"Congenital, familial and genetic disorders"
Tricuspid valve stenosis,Tricuspid valve stenosis,10044642,Cardiac disorders
Claustrophobia,Claustrophobia,10009244,Psychiatric disorders
Spina bifida,Spina bifida,10041524,"Congenital, familial and genetic disorders"
Transplant rejection,Transplant rejection,10044439,"Injury, poisoning and procedural complications"
Ketosis,Ketosis,10023391,Metabolism and nutrition disorders
Endocarditis noninfective,Endocarditis noninfective,10062608,Cardiac disorders
Hyperinsulinaemia,Hyperinsulinaemia,10060378,Metabolism and nutrition disorders
Device dislocation,Device dislocation,10064684,Product issues
Plasma cells increased,Plasma cells increased,10035231,Investigations
Episcleritis,Episcleritis,10015084,Immune system disorders
Grip strength,Grip strength,10062557,Investigations
Libido increased,Libido increased,10024421,Psychiatric disorders
Hepatic fibrosis,Hepatic fibrosis,10019668,Vascular disorders
Quadriparesis,Quadriparesis,10049680,Nervous system disorders
Nipple disorder,Nipple disorder,10029417,Skin and subcutaneous tissue disorders
Oral mucosal exfoliation,Oral mucosal exfoliation,10064487,Gastrointestinal disorders
Chondroplasty,Chondroplasty,10065021,Surgical and medical procedures
Paronychia,Paronychia,10034016,Skin and subcutaneous tissue disorders
B-lymphocyte count increased,B-lymphocyte count increased,10059998,Investigations
Haemangioma rupture,Haemangioma rupture,10084040,Vascular disorders
Breast cancer metastatic,Breast cancer metastatic,10055113,"Neoplasms benign, malignant and unspecified (incl cysts and polyps)"
Mite allergy,Mite allergy,10077290,Immune system disorders
Thyroxine abnormal,Thyroxine abnormal,10043814,Investigations
Complement factor C4 decreased,Complement factor C4 decreased,10050983,Investigations
Culture tissue specimen positive,Culture tissue specimen positive,10011637,Investigations
HIV infection,HIV infection,10020161,Infections and infestations
Infection transmission via personal contact,Infection transmission via personal contact,10021869,Infections and infestations
Myasthenia gravis crisis,Myasthenia gravis crisis,10062758,Immune system disorders
Monocyte count decreased,Monocyte count decreased,10027878,Investigations
Metastases to lung,Metastases to lung,10027458,"Respiratory, thoracic and mediastinal disorders"
Tongue geographic,Tongue geographic,10043957,Gastrointestinal disorders
Slit-lamp tests abnormal,Slit-lamp tests abnormal,10041033,Investigations
Blood oestrogen increased,Blood oestrogen increased,10005688,Investigations
Orthopaedic procedure,Orthopaedic procedure,10072627,Surgical and medical procedures
Perfusion brain scan normal,Perfusion brain scan normal,10079704,Investigations
Olfactory groove meningioma,Olfactory groove meningioma,10090334,"Neoplasms benign, malignant and unspecified (incl cysts and polyps)"
Anti-nucleosome antibody,Anti-nucleosome antibody,10088095,Investigations
Encephalitis herpes,Encephalitis herpes,10014590,Infections and infestations
Angina unstable,Angina unstable,10002388,Cardiac disorders
Heart block congenital,Heart block congenital,10019263,Cardiac disorders
Axillary vein thrombosis,Axillary vein thrombosis,10003880,Vascular disorders
Parainfluenza virus test positive,,,Unmapped
Microvascular coronary artery disease,Microvascular coronary artery disease,10072685,Cardiac disorders
Light chain analysis normal,Light chain analysis normal,10060866,Investigations
Interspinous osteoarthritis,Interspinous osteoarthritis,10078014,Musculoskeletal and connective tissue disorders
Multiple drug hypersensitivity,Multiple drug hypersensitivity,10089091,Skin and subcutaneous tissue disorders
Blood testosterone normal,Blood testosterone normal,10005816,Investigations
Atrophy of globe,Atrophy of globe,10065684,Eye disorders
Cataplexy,Cataplexy,10007737,Musculoskeletal and connective tissue disorders
CSF lymphocyte count abnormal,CSF lymphocyte count abnormal,10011548,Investigations
Biopsy vagina abnormal,Biopsy vagina abnormal,10004901,Investigations
Respiratory gas exchange disorder,Respiratory gas exchange disorder,10062105,"Respiratory, thoracic and mediastinal disorders"
Allergic fungal rhinosinusitis,Allergic fungal rhinosinusitis,10084709,"Respiratory, thoracic and mediastinal disorders"
Eye laser surgery,Eye laser surgery,10057105,Surgical and medical procedures
Laparoscopic surgery,Laparoscopic surgery,10058468,Surgical and medical procedures
Gastrointestinal infection,Gastrointestinal infection,10017964,Infections and infestations
Psychiatric symptom,Psychiatric symptom,10061472,Psychiatric disorders
Action tremor,Action tremor,10072413,Nervous system disorders
Coagulation factor VIII level,Coagulation factor VIII level,10009766,Investigations
Lymphadenopathy mediastinal,Lymphadenopathy mediastinal,10025205,Blood and lymphatic system disorders
Foetal distress syndrome,Foetal distress syndrome,10016855,"Pregnancy, puerperium and perinatal conditions"
Purtscher retinopathy,Purtscher retinopathy,10075189,Vascular disorders
Meralgia paraesthetica,Meralgia paraesthetica,10027385,Nervous system disorders
Transient aphasia,Transient aphasia,10080106,Psychiatric disorders
Brain compression,Brain compression,10006112,Nervous system disorders
Device defective,Device defective,10074425,Product issues
Radial nerve injury,Radial nerve injury,10037749,Nervous system disorders
Urinary occult blood,Urinary occult blood,10084960,Investigations
Faciobrachial dystonic seizure,Faciobrachial dystonic seizure,10084187,Nervous system disorders
CD4/CD8 ratio decreased,CD4/CD8 ratio decreased,10007843,Investigations
Mumps,Mumps,10028257,Infections and infestations
Aplasia pure red cell,Aplasia pure red cell,10002965,Immune system disorders
Spinal meningeal cyst,Spinal meningeal cyst,10067375,"Neoplasms benign, malignant and unspecified (incl cysts and polyps)"
Cystoscopy,Cystoscopy,10011814,Investigations
In vitro fertilisation,In vitro fertilisation,10056204,Surgical and medical procedures
CSF oligoclonal band present,CSF oligoclonal band present,10011562,Investigations
Carbohydrate antigen 15-3,Carbohydrate antigen 15-3,10049249,Investigations
Dilatation atrial,Dilatation atrial,10013002,Cardiac disorders
Lung diffusion test,Lung diffusion test,10083226,Investigations
Body fat disorder,Body fat disorder,10055164,Metabolism and nutrition disorders
Blood immunoglobulin M decreased,Blood immunoglobulin M decreased,10005600,Investigations
Body height decreased,Body height decreased,10056812,Investigations
Male genital tract ultrasound,Male genital tract ultrasound,10090904,Investigations
Lipids abnormal,Lipids abnormal,10024588,Investigations
T-lymphocyte count decreased,T-lymphocyte count decreased,10051318,Investigations
CSF myelin basic protein,CSF myelin basic protein,10059773,Investigations
Interferon gamma level,Interferon gamma level,10060023,Investigations
Cardiac output decreased,Cardiac output decreased,10007595,Investigations
Cyst drainage,Cyst drainage,10011737,Surgical and medical procedures
Nail growth abnormal,Nail growth abnormal,10064764,Skin and subcutaneous tissue disorders
Product origin unknown,Product origin unknown,10071242,Product issues
Feeding intolerance,Feeding intolerance,10076042,"Pregnancy, puerperium and perinatal conditions"
Astigmatism,Astigmatism,10003569,Eye disorders
Stress cardiomyopathy,Stress cardiomyopathy,10066286,Cardiac disorders
Cholangiogram abnormal,Cholangiogram abnormal,10008599,Investigations
Anti-thyroid antibody negative,Anti-thyroid antibody negative,10060311,Investigations
Hepatic haematoma,Hepatic haematoma,10019676,Hepatobiliary disorders
Capsule endoscopy,Capsule endoscopy,10071360,Investigations
Eyelid skin dryness,Eyelid skin dryness,10071717,Skin and subcutaneous tissue disorders
Spasmodic dysphonia,Spasmodic dysphonia,10067672,"Respiratory, thoracic and mediastinal disorders"
Eczema asteatotic,Eczema asteatotic,10014190,Skin and subcutaneous tissue disorders
Myoglobin blood decreased,Myoglobin blood decreased,10059940,Investigations
Heart valve stenosis,Heart valve stenosis,10061996,Cardiac disorders
Urinary tract discomfort,Urinary tract discomfort,10076568,Renal and urinary disorders
Gamma-glutamyltransferase normal,Gamma-glutamyltransferase normal,10017694,Investigations
Hepatic cancer metastatic,Hepatic cancer metastatic,10055110,"Neoplasms benign, malignant and unspecified (incl cysts and polyps)"
Hypergammaglobulinaemia,Hypergammaglobulinaemia,10020630,Immune system disorders
Semen analysis,Semen analysis,10068482,Investigations
Vascular stent occlusion,Vascular stent occlusion,10077143,General disorders and administration site conditions
Testicular retraction,Testicular retraction,10043348,Reproductive system and breast disorders
Large intestinal obstruction reduction,Large intestinal obstruction reduction,10023794,Surgical and medical procedures
Optical coherence tomography abnormal,Optical coherence tomography abnormal,10073561,Investigations
Tessellated fundus,Tessellated fundus,10083502,Eye disorders
Blood immunoglobulin E decreased,Blood immunoglobulin E decreased,10005590,Investigations
Vascular cauterisation,Vascular cauterisation,10052679,Surgical and medical procedures
Hyperaesthesia teeth,Hyperaesthesia teeth,10082426,Gastrointestinal disorders
Retinal thickening,Retinal thickening,10077890,Eye disorders
Anti factor IX antibody negative,Anti factor IX antibody negative,10063923,Investigations
Azoospermia,Azoospermia,10003883,Reproductive system and breast disorders
Injection site muscle atrophy,Injection site muscle atrophy,10084809,Musculoskeletal and connective tissue disorders
Activities of daily living decreased,Activities of daily living decreased,10091664,Investigations
Myopic disc,Myopic disc,10069088,Eye disorders
Nitrite urine present,Nitrite urine present,10051469,Investigations
Decreased ventricular preload,Decreased ventricular preload,10050905,Investigations
Necrotising retinitis,Necrotising retinitis,10064997,Eye disorders
Spondyloarthropathy,Spondyloarthropathy,10051265,Musculoskeletal and connective tissue disorders
Progesterone receptor assay,Progesterone receptor assay,10054056,Investigations
Coagulation time,Coagulation time,10009790,Investigations
Brain scan abnormal,Brain scan abnormal,10061943,Investigations
Spinal cord infection,Spinal cord infection,10049654,Infections and infestations
Paresis,Paresis,10033985,Nervous system disorders
Arteriogram carotid abnormal,Arteriogram carotid abnormal,10003195,Investigations
Intraocular pressure test normal,Intraocular pressure test normal,10060952,Investigations
Biliary dyskinesia,Biliary dyskinesia,10056529,Hepatobiliary disorders
Optic nerve disorder,Optic nerve disorder,10061322,Eye disorders
Iris adhesions,Iris adhesions,10022945,"Injury, poisoning and procedural complications"
Genital discolouration,Genital discolouration,10081697,Reproductive system and breast disorders
Cardiac ventriculogram left,Cardiac ventriculogram left,10053497,Investigations
Product design issue,Product design issue,10080775,Product issues
Urine sodium increased,Urine sodium increased,10046672,Investigations
Hip fracture,Hip fracture,10020100,Musculoskeletal and connective tissue disorders
Antiribosomal P antibody,Antiribosomal P antibody,10072533,Investigations
Blood thromboplastin,Blood thromboplastin,10005823,Investigations
Oxygen saturation normal,Oxygen saturation normal,10033322,Investigations
Keratic precipitates,Keratic precipitates,10053703,Immune system disorders
Enzyme level test,Enzyme level test,10072233,Investigations
Lung transplant,Lung transplant,10025127,Surgical and medical procedures
Dopamine transporter scintigraphy normal,Dopamine transporter scintigraphy normal,10077319,Investigations
Carotid artery dissection,Carotid artery dissection,10050403,Nervous system disorders
Genital swelling,Genital swelling,10067639,Reproductive system and breast disorders
Effusion,Effusion,10063045,General disorders and administration site conditions
Spinal retrolisthesis,Spinal retrolisthesis,10081602,Musculoskeletal and connective tissue disorders
Oestrogen receptor assay,Oestrogen receptor assay,10054053,Investigations
Hypertensive nephropathy,Hypertensive nephropathy,10055171,Vascular disorders
Ejaculation delayed,Ejaculation delayed,10014325,Reproductive system and breast disorders
Optic glioma,Optic glioma,10073338,"Neoplasms benign, malignant and unspecified (incl cysts and polyps)"
Foetal heart rate decreased,Foetal heart rate decreased,10051136,Investigations
Stress echocardiogram normal,Stress echocardiogram normal,10070745,Investigations
Cardiac autonomic neuropathy,Cardiac autonomic neuropathy,10066001,Metabolism and nutrition disorders
Ultrasound eye,Ultrasound eye,10045416,Investigations
Blood smear test abnormal,Blood smear test abnormal,10059665,Investigations
White blood cell analysis abnormal,White blood cell analysis abnormal,10073323,Investigations
Systemic scleroderma,Systemic scleroderma,10078638,Immune system disorders
Anti-insulin antibody,Anti-insulin antibody,10050692,Investigations
Cytokine test,Cytokine test,10077352,Investigations
Vocal cord inflammation,Vocal cord inflammation,10057295,"Respiratory, thoracic and mediastinal disorders"
Adrenal haemorrhage,Adrenal haemorrhage,10001361,Endocrine disorders
Type I hypersensitivity,Type I hypersensitivity,10045240,Immune system disorders
